title,company,site,it_role_type,city,final_tech_stack
iOS Developer,VNPAY,ITViec,Mobile Developer,Hà Nội,"Xcode, Swift"
5 Fullstack Dev,LEAP,ITViec,Full-stack Developer,Hồ Chí Minh,"Java, Agile, Javascript, Html/Css"
Mid/Senior Frontend Developer,"Local Life Technology Ltd.,",ITViec,Frontend Developer,Đà Nẵng,"Typescript, Css"
Atlassian ITSM Development Engineer,TymeX,ITViec,ITSM Development Engineer,Hồ Chí Minh,"Agile, Python"
Junior QC Engineer,Fastboy Marketing,ITViec,QA Engineer,Hồ Chí Minh,Agile
"Senior Officer, User Experience Research",Techcombank,ITViec,Other IT Role,Hà Nội,Agile
Senior/Lead Software Engineer,EUROFINS GSC IT VIETNAM COMPANY LIMITED,ITViec,Software Engineer,Hồ Chí Minh,"C#, Sql, Agile"
Backend Server Developer,Công ty TNHH Marketing Metas Group,ITViec,Backend Developer,Hà Nội,"C#, Sql"
Data Engineer,SmartOSC,ITViec,Data Engineer,Hà Nội,"Java, Sql, Python"
Senior Full-stack Developer,CODE88 COMPANY LIMITED,ITViec,Full-stack Developer,Hồ Chí Minh,"Java, Javascript, Sql"
iOS Developer,Samsung Electronics HCMC CE Complex,ITViec,Mobile Developer,Hồ Chí Minh,"Xcode, Swift, Kotlin"
Remote - Games Developer,Goodia Việt Nam,ITViec,Game Developer,Hồ Chí Minh,C#
Web Developer,eUp Group,ITViec,Frontend Developer,Hà Nội,"Css3, Html5, Typescript, Javascript"
Flutter Developer,Công ty cổ phần Piscale,ITViec,Flutter Developer,Hà Nội,"Agile, React, Dart"
Senior QC Executive,HSC,ITViec,Senior QA Engineer,Hồ Chí Minh,"Typescript, Docker, Javascript, Aws, Java, Agile"
Senior Backend,Joblogic,ITViec,Backend Developer,Hồ Chí Minh,"Aws, C#, Sql, Agile"
Principal Engineer,Timo,ITViec,Principal Engineer,Hồ Chí Minh,"Java, Agile"
Senior/Lead Backend Engineer,GHN,ITViec,Backend Developer,Hồ Chí Minh,"Sql, Docker, Aws, React, Golang, Agile"
Backend Technical Lead,TymeX,ITViec,Backend Technical Lead,Hồ Chí Minh,"Java, Aws, Agile"
Backend Engineer,Trusting Social,ITViec,Backend Developer,Hồ Chí Minh,"Sql, Javascript, Go, React, Python, C#"
Senior AI Engineer,Renn Labs,ITViec,AI Engineer,Hồ Chí Minh,"Aws, Agile, React, Python"
Backend Developer,KIDO Group,ITViec,Backend Developer,Hồ Chí Minh,"Java, Node.Js, Python"
Cybersecurity Engineer,DIGI-TEXX VIETNAM,ITViec,Cybersecurity Engineer,Hồ Chí Minh,"Aws, Python"
Senior Manual QC Engineer,One Mount Group,ITViec,QA Engineer,Hà Nội,"Java, Agile, Sql"
Cloud Engineer Microsoft 365,Dinotronic AG,ITViec,Cloud Engineer,Hồ Chí Minh,
System Engineer,Samsung Electronics HCMC CE Complex,ITViec,System Engineer,Hồ Chí Minh,"C, Docker, C++, Python, C#"
Technical Project Manager,Ahamove,ITViec,Technical Project Manager,Hồ Chí Minh,"Agile, Not Specified"
UI-UX Designer,Designveloper (DSV),ITViec,Other IT Role,Hồ Chí Minh,Aws
Senior Product Manager/Senior Technical Product Manager,LeapXpert,ITViec,Product Manager,Hồ Chí Minh,"Agile, Not Specified"
Fx Artist,Công ty TNHH Marketing Metas Group,ITViec,Other IT Role,Hà Nội,
Senior QA Engineer,ELCA,ITViec,QA Engineer,Hồ Chí Minh,Agile
Automation QA Engineer,Panasonic Vietnam Group – Panasonic R&D Center Vietnam (PRDCV),ITViec,Automation QA Engineer,Hà Nội,"Typescript, Docker, Javascript, Agile, C#"
QA - Middle / Senior,Droppii,ITViec,QA Engineer,Hồ Chí Minh,Not Specified
Senior Android Software Engineer,FPT Software,ITViec,Mobile Developer,Hà Nội,"Agile, Kotlin"
Database Operations Engineer,SHINHAN DS,ITViec,Database Engineer,Hồ Chí Minh,Not Specified
Chuyên viên Hỗ trợ ứng dụng,SSI Securities Corporation,ITViec,Other IT Role,Hồ Chí Minh,Not Specified
Software Developer,Công Ty TNHH Mi-Jack Manufacturing Global Viet Nam,ITViec,Software Developer,Hồ Chí Minh,"Sql, Docker, Javascript, Agile, Aws, React, Python, Java, C#"
[Fresher] AI/Machine Learning Engineer,Eatlab co Ltd,ITViec,AI Engineer,Hồ Chí Minh,Python
Software Security Engineer,LG Electronics Development Vietnam (LGEDV),ITViec,Software Security Engineer,Hà Nội,Agile
Frontend Developer,"Công ty TNHH Công Nghệ, Giải Trí và Truyền Thông EVOLUX",ITViec,Frontend Developer,Hồ Chí Minh,"React, Html, Javascript, Css"
15 [Middle/Senior] Fullstack,RIKKEISOFT,ITViec,Full-stack Developer,Hà Nội,"Docker, Java, Agile, Python"
Senior Engineering Manager,Reforged Labs,ITViec,Engineering Manager,Hồ Chí Minh,"Golang, Agile, Python"
Hybrid QA Engineer,Elisoft,ITViec,QA Engineer,Hồ Chí Minh,"Typescript, Javascript, Python, Java, Agile"
Data Engineer - Digital Banking,TymeX,ITViec,Data Engineer,Hồ Chí Minh,"Aws, Agile, Sql, Python"
Business Analyst,CÔNG TY CỔ PHẦN AUTHENTIC EDUCATION HUB,ITViec,Business Analyst,Hà Nội,
Software Developer,CÔNG TY TNHH CÔNG NGHỆ SỐ VÀ CHUYỂN ĐỔI SỐ Y TẾ,ITViec,Software Developer,Hà Nội,"C#, Sql, Html, Css"
Bridge Software Engineer,Vietlink,ITViec,Bridge Software Engineer,Hồ Chí Minh,"Aws, Not Specified"
06 Java Developers,Seatech,ITViec,Java Developer,Hà Nội,"Java, Javascript, Sql"
DevOps Engineer,LG Electronics Development Vietnam (LGEDV),ITViec,DevOps Engineer,Hà Nội,"Docker, C++, Python, Java, Agile"
Senior Business Analyst,Công ty Cổ phần Giải pháp Quản lý SSG,ITViec,Business Analyst,Hà Nội,Sql
Senior QA Engineer,AKILA,ITViec,QA Engineer,Hà Nội,Python
Senior QA/QC Engineer,"MONEY FORWARD VIETNAM CO.,LTD",ITViec,QA Engineer,Hồ Chí Minh,"Agile, Not Specified"
[Global Market] 02 DevOps Engineer & Infra,RIKKEISOFT,ITViec,DevOps Engineer,Hà Nội,"Docker, Not Specified"
Engineering Manager,NAB Innovation Centre Vietnam,ITViec,Engineering Manager,Hồ Chí Minh,"Java, Aws, Agile, Javascript"
Deputy head of Data Services development,LYNKID JSC,ITViec,Deputy Head of Data Services,Hà Nội,"Sql, Docker, Aws, Python, Java"
Junior IT Support,Crossian,ITViec,IT Support,Hà Nội,"Aws, Not Specified"
Senior/Lead PHP Engineer,Fastboy Marketing,ITViec,Software Engineer,Hồ Chí Minh,"Aws, Docker, Php, Agile"
CVCC Phát triển Ứng dụng kênh ngân hàng số,Ngân hàng TMCP Thịnh vượng và Phát triển (PGBank),ITViec,Backend Developer,Hà Nội,".Net, Sql, Aws, Java, Agile"
Mobile Developer,Daoukiwoom Innovation,ITViec,Mobile Developer,Hồ Chí Minh,"Javascript, Agile, React, Html, Css"
Product Owner,Got It,ITViec,Product Owner,Hồ Chí Minh,
Senior IT Executive,ParkCity Hanoi,ITViec,IT Manager,Hà Nội,Not Specified
UI/UX Designer,Fullerton Health,ITViec,UI/UX Designer,Hồ Chí Minh,
Software Engineer – Mining Machine & Mass Production,Công ty TNHH NBIV,ITViec,Software Engineer,Hồ Chí Minh,"C++, C"
Solution Architect,"CyberLogitec Vietnam Co., Ltd.",ITViec,Solution Architect,Hồ Chí Minh,"Docker, Aws, Javascript"
Chuyên Viên Phát Triển Ứng Dụng,Ngân hàng TMCP Lộc Phát Việt Nam LPBank,ITViec,Backend Developer,Hà Nội,"Java, Sql"
Frontend Developer,CA ADVANCE VIETNAM,ITViec,Frontend Developer,Hồ Chí Minh,"Javascript, Agile, Aws, Html/Css, Html, Css"
Business Analyst,CÔNG TY CỔ PHẦN ICORP,ITViec,Business Analyst,Hà Nội,
Security Engineer -,MB Bank,ITViec,Security Engineer,Hà Nội,"Perl, Bash, Python, Powershell, Java"
Business Analyst,MB Bank,ITViec,Business Analyst,Hà Nội,Agile
Women Leadership in Tech,Bosch Global Software Technologies Company Limited,ITViec,Other IT Role,Hồ Chí Minh,
Sr/Mid Fullstack Developer,ATHENA GROUP,ITViec,Full-stack Developer,Hà Nội,"Typescript, Sql, Javascript, Node.Js, Golang, Html, Css"
Senior/Team Lead Product Designer,Ahamove,ITViec,Product Designer,Hồ Chí Minh,
Senior C++ Software Engineer - Salary up to $3000,FPT Software,ITViec,Software Engineer,Hà Nội,"C++, C"
Senior AI Engineer,NBG HIGHTECH,ITViec,AI Engineer,Hà Nội,"Aws, Python, Pytorch, Tensorflow"
Remote -Sr. React Native Engineer,SourceCode,ITViec,Mobile Developer,Not Specified,"Typescript, Javascript, React, Java, Agile, Css"
Developer Experience Engineer,"Rakuten Fintech Vietnam Co., Ltd.",ITViec,Developer Experience Engineer,Hồ Chí Minh,"Docker, Aws"
E-commerce Business Developer,CÔNG TY CỔ PHẦN CỘNG ĐỒNG SỐNG HẠNH PHÚC,ITViec,E-commerce Business Developer,Hồ Chí Minh,
Full Stack Developer,LG CNS Việt Nam,ITViec,Full-stack Developer,Hà Nội,"Javascript, Aws, React, Python, Java, Html"
Flutter Developer,Công ty Cổ phần Thể thao PickoNow,ITViec,Mobile Developer,Hồ Chí Minh,"Docker, Dart"
Backend Java Developer,CÔNG TY CỔ PHẦN AUTHENTIC EDUCATION HUB,ITViec,Backend Developer,Hà Nội,"Java, Agile"
Technical Support Engineer - Java & C++,Murex,ITViec,Technical Support Engineer,Hồ Chí Minh,"Java, Sql, Python, C++"
Tester,GemCommerce,ITViec,QA Engineer,Hà Nội,"Agile, Not Specified"
Business Analyst,AILOGY,ITViec,Business Analyst,Hồ Chí Minh,Agile
[Da Nang & Ho Chi Minh] QA Engineer,ONE Tech Stop Vietnam Company Ltd,ITViec,QA Engineer,Đà Nẵng,Agile
Trưởng phòng tư vấn triển khai ERP,Bolt Tech,ITViec,IT Project Manager,Hà Nội,Not Specified
Senior Native Mobile Developer,Regen Technology Limited,ITViec,Mobile Developer,Ho Chi Minh,"Swift, Kotlin"
AI Talents,NEXON DEV VINA,ITViec,AI Engineer,Hồ Chí Minh,"Aws, Python"
"Full Stack Developer - Java, Spring",NEW IT,ITViec,Full-stack Developer,Hồ Chí Minh,"Sql, Docker, Aws, React, Java, Agile"
QA Engineer,Aperia Solutions Vietnam Co Ltd,ITViec,QA Engineer,Hồ Chí Minh,"Agile, Sql, Not Specified"
React Native developer,Cigro Inc.,ITViec,Frontend Developer,Hồ Chí Minh,"React, Typescript, Javascript, Agile"
Senior .NET Developer,Titan DMS,ITViec,Backend Developer,Hồ Chí Minh,"Javascript, C#, Sql, Agile"
Mid/Sr Java Developer,"Rakuten Fintech Vietnam Co., Ltd.",ITViec,Java Developer,Hồ Chí Minh,"Java, Sql"
VIC - Process Quality Assurance,Viettel Group,ITViec,QA Engineer,Hà Nội,Agile
Cloud Security Engineer,Resola Inc,ITViec,Cloud Security Engineer,Hà Nội,"Aws, Not Specified"
"[Middle, Senior] Mobile Developer",MB Bank,ITViec,Mobile Developer,Hà Nội,"Xcode, React, Java, Dart, Swift"
Java Web Developer,CODE88 COMPANY LIMITED,ITViec,Java Web Developer,Hồ Chí Minh,"Java, Javascript, Sql"
Devops Engineer,Digital Unicorn,ITViec,DevOps Engineer,Đà Nẵng,"Docker, Aws, Bash, Python"
Senior .NET Enginer,ELCA,ITViec,Software Engineer,Hồ Chí Minh,"Docker, C#, Agile"
Backend Developer,FireAnt JSC,ITViec,Backend Developer,Hà Nội,"Sql, Node.Js, Python, Java, Php"
Expert/Senior Java Developer,Techcombank,ITViec,Backend Developer,Hà Nội,"Java, Aws, Agile, Sql"
Cloud Business Development Manager,Huawei,ITViec,Cloud Business Development Manager,Hà Nội,Not Specified
Game LivOps Manager,WORLD OF NEOPETS LIMITED,ITViec,Game LivOps Manager,Hồ Chí Minh,"Php, Node.Js"
Senior Process Quality Assurance,Hitachi Digital Services,ITViec,QA Engineer,Hồ Chí Minh,
Senior Frontend Engineer,Skedulo Vietnam,ITViec,Frontend Developer,Hồ Chí Minh,"Agile, Javascript, Css"
Quality Engineer Lead,Crossian,ITViec,QA Engineer,Hà Nội,"Java, Agile, Javascript"
Technical Expert,Bosch Global Software Technologies Company Limited,ITViec,Technical Expert,Hà Nội,Not Specified
Data Engineer,Digital Intellect,ITViec,Data Engineer,Hà Nội,"Sql, Python"
Senior Fullstack Developer,Fastcare,ITViec,Full-stack Developer,Hồ Chí Minh,"C#, Javascript, Sql"
Senior Full-Stack Developer,Aperia Solutions Vietnam Co Ltd,ITViec,Full-stack Developer,Hồ Chí Minh,"Sql, Docker, Javascript, Agile, Aws, React, C#"
Automation Specialist,Business4you AG,ITViec,Automation Specialist,Hồ Chí Minh,"Docker, Sql, Python, Nodejs"
Junior Front-End Developer,Entetsu Việt Nam,ITViec,Frontend Developer,Hà Nội,"Javascript, Html/Css"
Cloud DevOps Lead,FWD VTC,ITViec,Cloud DevOps Lead,Hồ Chí Minh,"Docker, Node.Js, Aws, Python, Java"
IT Business Analyst,Dai-ichi Life Việt Nam,ITViec,Business Analyst,Hồ Chí Minh,Sql
Quality Control TeamLead,VNDIRECT,ITViec,Quality Control TeamLead,Hà Nội,Agile
Senior QC Engineer,Ahamove,ITViec,QA Engineer,Hồ Chí Minh,
Senior Backend Developer,IVC (ISB Vietnam),ITViec,Backend Developer,Hồ Chí Minh,"Docker, Javascript, Aws, React, Python, Java, Php"
Project Manager/Scrum Master,Floating Cube Studios,ITViec,IT Project Manager,Hồ Chí Minh,Agile
Senior Fullstack Developer,Endava Việt Nam,ITViec,Full-stack Developer,Hồ Chí Minh,"Sql, Javascript, Agile, React, Python, C#"
Software Engineer,Mynavi TechTus Vietnam,ITViec,Software Engineer,Hồ Chí Minh,"Sql, Html, Docker, Javascript, Agile, F#, Aws, C#, Css"
Back-end Developer,Công ty Cổ phần Chứng khoán VPBank,ITViec,Backend Developer,Hà Nội,"Java, Agile, Sql"
"[Middle, Senior] Java Backend Developer",MB Bank,ITViec,Backend Developer,Hà Nội,"Java, Docker"
AI Engineer,Công ty TNHH Theta Universe Media,ITViec,AI Engineer,Hà Nội,
Front End Developer,LG CNS Việt Nam,ITViec,Frontend Developer,Hà Nội,"Html, Javascript, Html/Css, Css"
Odoo Developer,Suoi Tien Theme Park Official,ITViec,Odoo Developer,Hồ Chí Minh,"Aws, Javascript, Python"
Triển khai phần mềm,CÔNG TY CỔ PHẦN ONEMEDIC,ITViec,Other IT Role,Hồ Chí Minh,"Docker, Sql"
Fullstack Developer,Rexy Technology,ITViec,Fullstack Developer,Hồ Chí Minh,"React, Sql, Javascript, Ruby"
Mobile Developer,9PAY,ITViec,Mobile Developer,Hà Nội,Dart
Business Analyst,Extreme Việt Nam,ITViec,Business Analyst,Hà Nội,
IS Specialist,Andros Vietnam - Công Ty TNHH Sản Xuất Trái Cây Hùng Phát,ITViec,IS Specialist,Hồ Chí Minh,"Java, C#, Sql"
IT Administrator,Faraday Technology Vietnam,ITViec,IT Administrator,Hồ Chí Minh,
Java Web Developer,VNPT EPAY,ITViec,Java Web Developer,Hà Nội,"Sql, Javascript, Html/Css, Java, Html, Css"
VTS - Tư Vấn Giải Pháp - Presales Engineer,Viettel Group,ITViec,Presales Engineer,Hà Nội,
Senior Backend Developer,CUBICSTACK SOLUTIONS,ITViec,Backend Developer,Hồ Chí Minh,"Aws, Php, Agile"
AI Analyst,Parcel Perform,ITViec,AI Analyst,Hồ Chí Minh,"Sql, Python"
IT Infrastructure Manager,DIGI-TEXX VIETNAM,ITViec,IT Manager,Hồ Chí Minh,"Docker, Not Specified"
Chuyên viên Quản trị hệ thống Corebanking,VRB,ITViec,Other IT Role,Hà Nội,Sql
Leader Tester Engineer,IZISOLUTION,ITViec,Leader Tester Engineer,Hà Nội,
Manual QC,OTS,ITViec,QA Engineer,Hà Nội,
HO - CVCC Vận hành và giám sát hệ thống CNTT,Ngân hàng TMCP Phương Đông | OCB,ITViec,IT Operations Specialist,Hồ Chí Minh,"Docker, Aws, Not Specified"
Lead Engineer,Flodesk,ITViec,Lead Engineer,Đà Nẵng,"Javascript, Aws, Go, React, Agile"
Senior Full-Stack Developer,Aperia Solutions Vietnam Co Ltd,ITViec,Full-stack Developer,Hồ Chí Minh,".Net, Sql, Docker, Javascript, Aws, React, Agile"
Google Cloud Platform Cloud Engineer - Hà Nội,Cloud Ace,ITViec,Cloud Engineer,Hà Nội,"Aws, Bash, Python, Powershell"
Software QA Project Manager,CÔNG TY TNHH DỊCH VỤ GIÁ TRỊ GIA TĂNG GOLDENGATE,ITViec,Software QA Project Manager,Hà Nội,Agile
Remote Java Developer - Spring/JQuery/J2EE,Arch Partnership Limited,ITViec,Backend Developer,Hồ Chí Minh,"Java, Sql"
Mobile App Developer,CodeLink,ITViec,Mobile Developer,Hồ Chí Minh,"Javascript, Agile, React, Python, Html/Css, Html, Css"
CV Kiến trúc An toàn TT- Information Security Architect,MB Bank,ITViec,Information Security Architect,Hà Nội,
Senior Frontend Developer,"ANDPAD VietNam Co., Ltd",ITViec,Frontend Developer,Hồ Chí Minh,"Typescript, Aws, Html/Css, Html, Css"
[Ho Chi Minh & Da Nang] Product Owner,ONE Tech Stop Vietnam Company Ltd,ITViec,Product Owner,Hồ Chí Minh,"Agile, Not Specified"
Engineering Manager,"MONEY FORWARD VIETNAM CO.,LTD",ITViec,Engineering Manager,Hồ Chí Minh,"Golang, Java, Agile, Ruby"
"[Middle, Junior] Java Backend Developer",MB Bank,ITViec,Backend Developer,Hà Nội,"Java, Docker"
Information Security & IT Helpdesk Manager/ Specialist,"MONEY FORWARD VIETNAM CO.,LTD",ITViec,Information Security & IT Helpdesk Manager,Hà Nội,
Techlead Fullstack Java,VMO Holdings,ITViec,Tech Lead,Hà Nội,"Java, Docker"
Fullstack Developer,VeXeRe,ITViec,Fullstack Developer,Hồ Chí Minh,"React, Javascript"
Senior PHP Developer,Ambition Vietnam,ITViec,Backend Developer,Hồ Chí Minh,"Sql, Docker, Javascript, Aws, Php"
Developer Manager,Nakivo,ITViec,Developer Manager,Hồ Chí Minh,"Java, Agile"
Automation Tester,Endava Việt Nam,ITViec,QA Engineer,Hồ Chí Minh,"Sql, Javascript, Agile, Aws, Python, Java, C#"
NodeJS Developer,CÔNG TY CỔ PHẦN ICORP,ITViec,Backend Developer,Hà Nội,"Html, Javascript, Sql, Css"
Senior Automation Quality Engineer,FuelCloud,ITViec,QA Engineer,Hồ Chí Minh,"Agile, Not Specified"
Mobile Developer,Công Ty Phần Mềm ONEADX,ITViec,Mobile Developer,Hà Nội,"React, Kotlin"
"Senior/Junior, Application Operator",Techcombank,ITViec,Application Operator,Hà Nội,Agile
Technical Art Lead,VNGGames,ITViec,Technical Art Lead,Hồ Chí Minh,"Python, Not Specified"
Technical Business Analyst,GKIM DIGITAL,ITViec,Technical Business Analyst,Hồ Chí Minh,Sql
QA Engineer,NAB Innovation Centre Vietnam,ITViec,QA Engineer,Hồ Chí Minh,"Typescript, Docker, Javascript, Aws, Java, Agile"
Embedded AI Engineer,Motorola Solutions,ITViec,Embedded Engineer,Hồ Chí Minh,"C++, Python, C"
Sr Fullstack Developer,CÔNG TY CỔ PHẦN CITICS,ITViec,Fullstack Developer,Hồ Chí Minh,"Java, Typescript, Sql, Agile"
Senior Solution Architect & Tech Director,Ogilvy,ITViec,Solution Architect,Hồ Chí Minh,"Typescript, Javascript, Aws, Go, React, Python, Java, Php, Css"
Software Engineer,LG Electronics Development Vietnam (LGEDV),ITViec,Software Engineer,Hà Nội,"C++, Agile"
Outsystems Solution Architect,S3 Innovate,ITViec,Solution Architect,Hồ Chí Minh,Not Specified
Automation Test Engineer,LG Electronics Development Vietnam (LGEDV),ITViec,Automation Test Engineer,Hà Nội,"Agile, Python"
Business Analyst,Công ty cổ phần LifeteX,ITViec,Business Analyst,Hà Nội,Agile
Quản lý rủi ro an toàn thông tin,VietinBank,ITViec,Cybersecurity Specialist,Hà Nội,
API Integration Engineer,TymeX,ITViec,API Integration Engineer,Hồ Chí Minh,"Java, Go, Python, Agile"
Backend Developer - Software Engineer,NEXDOR VIET NAM,ITViec,Backend Developer,Hồ Chí Minh,"Golang, Aws, Docker, Nodejs"
Automation Tester Engineer,SSI Securities Corporation,ITViec,Automation Tester Engineer,Hà Nội,"Javascript, Agile, Aws, Python, Java, C#"
,Neos Việt Nam,ITViec,Frontend Developer,Hà Nội,"Html5, Javascript, Java, C#, Swift"
CyberSecurity Solution Engineer,Motorola Solutions,ITViec,Cybersecurity Specialist,Hồ Chí Minh,"Aws, Agile, Sql"
Platform Engineering,DatVietVAC,ITViec,Backend Developer,Hồ Chí Minh,"Docker, Golang, Node.Js, Python"
Medior/ Senior Backend Engineer - IDG,NAB Innovation Centre Vietnam,ITViec,Backend Developer,Hồ Chí Minh,"Java, Aws, Agile, Python"
Senior .NET Developer,HRS Group,ITViec,Backend Developer,Hồ Chí Minh,"Html, Not Specified, Agile, React, C#, Css"
Android Engineer,Datalogic Việt Nam,ITViec,Mobile Developer,Hồ Chí Minh,"Java, Agile, Kotlin"
[Remote/Hybrid] Backend Engineer,Semrush,ITViec,Backend Developer,Hồ Chí Minh,"Docker, Aws, Java, Golang, Scala"
DevOps Engineer,mgm technology partners Vietnam,ITViec,DevOps Engineer,Đà Nẵng,"Java, Aws, Javascript, Docker"
Backend Developer,Bamboo Software,ITViec,Backend Developer,Hà Nội,"Node.Js, Aws, React, Python, Java, Php, Agile"
Crawling Engineer,LG CNS Việt Nam,ITViec,Software Engineer,Hà Nội,"Sql, Aws, Python, Java, Agile"
2 .NET Developer,Vega Corporation,ITViec,Backend Developer,Hà Nội,"Sql, Html, Javascript, Html/Css, C#, Css"
Backend/ Cloud Engineer,Panasonic Vietnam Group – Panasonic R&D Center Vietnam (PRDCV),ITViec,Backend Engineer,Hà Nội,"Java, Aws, Javascript, Sql"
Business System Analyst,Capgemini Vietnam,ITViec,Business Analyst,Hồ Chí Minh,"Java, Agile"
Fulltime Remote Fullstack Javascript/Typescript/NodeJS,CoderPush,ITViec,Full-stack Developer,Hồ Chí Minh,"Typescript, Javascript, Aws, React, Agile"
Senior Full-Stack Developer,S3 Innovate,ITViec,Full-stack Developer,Hồ Chí Minh,"Typescript, Sql, Javascript, React, Html, Css"
Front End Developer,VIMES,ITViec,Frontend Developer,Hà Nội,"C++, Typescript, Javascript"
Staff Fullstack AI Engineer,Renesas Design Vietnam,ITViec,Full-stack Developer,Hồ Chí Minh,"Aws, React, Python"
QA Engineer,CODE LEAP,ITViec,QA Engineer,Hồ Chí Minh,"React, Agile, Javascript"
[Healthcare] Data Engineer,FPT Software,ITViec,Data Engineer,Hà Nội,"Java, Aws, Sql, Python"
Software Architect,RAON World Solution Pte. Ltd.,ITViec,Software Architect,Hồ Chí Minh,Aws
Software Development Manager,CÔNG TY TNHH BPO INFINITY INNOVATIONS GROUP,ITViec,Software Development Manager,Hồ Chí Minh,Javascript
Tech Lead – IP Telephony/VoIP Systems,K&M Holdings,ITViec,Tech Lead,Hà Nội,"C, Node.Js, C++, Python, Agile"
Senior Data Analyst,Simple Tech Investment,ITViec,Data Analyst,Hồ Chí Minh,"Aws, Sql, Python"
Back-end Engineer,Teko Vietnam,ITViec,Backend Developer,Hà Nội,"Docker, Javascript, Python, Java, Golang, Agile"
DevSecOps Engineer,MB Bank,ITViec,DevSecOps Engineer,Hà Nội,"Docker, Agile, Sql, Not Specified"
Senior Technology Manager,Onpoint,ITViec,IT Manager,Hồ Chí Minh,"Aws, Agile, Python"
Security Solutions,ASIC Technologies,ITViec,Cybersecurity Specialist,Hà Nội,"Aws, Not Specified"
ReactJS Developer - Level Middle,VOYAGER INC,ITViec,Frontend Developer,Hồ Chí Minh,"Css3, Html5, Docker, Javascript, React, Php, Agile"
HO - CVCC Phát triển ứng dụng thẻ,Ngân hàng TMCP Phương Đông | OCB,ITViec,Backend Developer,Hồ Chí Minh,"Golang, Docker"
QA/QC/Tester,Forix,ITViec,QA Engineer,Hồ Chí Minh,
Project Manager Tiếng nhật  N2,DTS Software Vietnam,ITViec,IT Project Manager,Hà Nội,"Java, Agile"
Cloud Platform Engineer,Resola Inc,ITViec,Cloud Engineer,Hà Nội,Aws
Senior Fullstack TypeScript Developer,Công ty TNHH Công Nghệ - Thương Mại Mây,ITViec,Full-stack Developer,Hồ Chí Minh,"Docker, Aws, Typescript, React"
Leader for Platform Team,FPT Software,ITViec,Embedded Engineer,Hồ Chí Minh,"C++, C"
Mobile Android App Dev,Panasonic Vietnam Group – Panasonic R&D Center Vietnam (PRDCV),ITViec,Mobile Developer,Hà Nội,"Kotlin, React, Java, Agile, Swift"
Trưởng Phòng Phát Triển Sản Phẩm,Công ty Cổ phần Đầu tư và Thương mại Quốc tế Icom,ITViec,Product Manager,Hà Nội,
Junior/Middle Automation Tester,MAXIMUS SOLUTION COMPANY LIMITED,ITViec,Automation Tester,Hồ Chí Minh,Python
Smart Contract Engineer,Bacoor Vietnam,ITViec,Smart Contract Engineer,Hồ Chí Minh,"Typescript, Solidity"
AI Engineer,Veriserve Việt Nam,ITViec,AI Engineer,Hà Nội,"C++, Agile, Python"
Business Analyst/BrSE,Veriserve Việt Nam,ITViec,Business Analyst,Hà Nội,Not Specified
Software Engineer C++,MiTek Viet Nam,ITViec,Software Engineer,Hồ Chí Minh,"C++, C#, Agile"
Sr Robotics Simulation Engineer,Kambria & OhmniLabs Vietnam,ITViec,Simulation Engineer,Hồ Chí Minh,Python
Techlead Backend,VMO Holdings,ITViec,Tech Lead,Not Specified,"Java, Javascript, Docker"
Senior Golang Developer,"Thunder Solutions Co., Ltd.",ITViec,Backend Developer,Hồ Chí Minh,"Java, Go, Sql, Docker"
"[Middle, Senior] Java FullStack Developer",MB Bank,ITViec,Full-stack Developer,Hà Nội,"Java, Docker"
Business Analyst,SSI Securities Corporation,ITViec,Business Analyst,Hà Nội,
[English] Scrum Coordinator/ Agile Project Coordinator,Laidon Group,ITViec,Scrum Coordinator,Hồ Chí Minh,"Agile, Not Specified"
Senior Frontend Engineer,Reforged Labs,ITViec,Frontend Developer,Hồ Chí Minh,"React, Typescript, Javascript, Agile"
Senior Backend Developer NodeJS,Kingfoodmart,ITViec,Backend Developer,Hồ Chí Minh,"Docker, Nodejs"
Fullstack Developer,"Allgrowlabo Co.,Ltd.",ITViec,Fullstack Developer,Hồ Chí Minh,"Php, Html, Javascript, Css"
Mid - Senior Quality Engineer,Katalon,ITViec,Quality Engineer,Hồ Chí Minh,"Java, Agile, Groovy"
"Remote - Backend Developer, Golang",Softly LLC,ITViec,Backend Developer,Hà Nội,"Golang, Docker"
Data Scientist,Motorola Solutions,ITViec,Data Scientist,Hồ Chí Minh,"Sql, Python"
Backend Developer,"NEYU Ltd.,",ITViec,Backend Developer,Hồ Chí Minh,"Docker, Java, Golang, Php, Agile"
StarCamp Security Engineer,NAB Innovation Centre Vietnam,ITViec,Cybersecurity Specialist,Hồ Chí Minh,Agile
US/UK Market- QA Automation Manager,RIKKEISOFT,ITViec,QA Engineer,Hà Nội,"Sql, Not Specified"
Quality Control Lead,FireGroup,ITViec,Quality Control Lead,Hồ Chí Minh,"Docker, Agile, Sql"
02 Senior Full-Stack Engineer,Mycolor Việt Nam,ITViec,Full-stack Developer,Hà Nội,"Typescript, Sql, Docker, Aws, React, Html/Css, Css"
Business Analyst,HDBank,ITViec,Business Analyst,Hồ Chí Minh,Agile
Java Fullstack Developer,TP Entertainment,ITViec,Full-stack Developer,Hà Nội,"Java, Php, Agile, Python"
Backend Team Leader,CarDoctor,ITViec,Backend Team Leader,Hà Nội,"Java, Sql"
[Remote] Senior/Team Lead PHP Developer,Saigon Technology,ITViec,Backend Developer,Đà Nẵng,"Agile, Aws, Php, Html, Css"
IT Manager,Nakivo,ITViec,IT Manager,Hồ Chí Minh,Not Specified
Mid - Lead Software Engineer,Katalon,ITViec,Full-stack Developer,Hồ Chí Minh,"Java, React, Docker"
Middle Frontend Developer,Skill 4 Asia,ITViec,Frontend Developer,Hà Nội,"Typescript, Javascript, React, Html/Css, Html, Css"
Senior Data Engineer,Vinamilk,ITViec,Data Engineer,Hồ Chí Minh,"Java, Python"
Remote Golang / Go Engineer - Up to 100M/month,Modern Coding,ITViec,Backend Developer,Not Specified,Go
Intermediate Tester,Topicus Vietnam,ITViec,QA Engineer,Hồ Chí Minh,
Bridge Software Engineer,Teqnological Asia,ITViec,Bridge Software Engineer,Hồ Chí Minh,
Wordpress Developer,CÔNG TY TNHH WOZEL TTP,ITViec,Wordpress Developer,Hồ Chí Minh,Python
IT System & Solution Leader,CÔNG TY CỔ PHẦN NEXA VIỆT NAM,ITViec,IT Project Manager,Hồ Chí Minh,"Aws, Not Specified"
Data Engineer,Beyondsoft Technology (Vietnam) Company Limited,ITViec,Data Engineer,Hồ Chí Minh,"Aws, Sql, Python"
Fullstack Software Engineer,Vireo Health,ITViec,Fullstack Developer,Hồ Chí Minh,"Docker, Java, Aws, Python"
Backend Engineer,NAVER VIETNAM,ITViec,Backend Developer,Hồ Chí Minh,"Java, React, Javascript, Kotlin"
Data Engineer,SAVILLS VIETNAM,ITViec,Data Engineer,Hồ Chí Minh,"Agile, Sql, Python"
Fullstack Developer Python/ReactJS/AI,CodeLink,ITViec,Fullstack Developer,Hồ Chí Minh,"Sql, Javascript, Aws, React, Python, Agile"
Senior Fullstack Engineer,BEWAO CORPORATION,ITViec,Full-stack Developer,Hồ Chí Minh,"Typescript, React, Css"
Full Stack Developer,iorta TechNXT,ITViec,Full-stack Developer,Hồ Chí Minh,"C#, React"
Giám đốc Công Nghệ - HD Financial Group,HDBank,ITViec,IT Manager,Hồ Chí Minh,"Aws, Not Specified"
CV Chất lượng Dữ liệu- Data Governance Specialist,MB Bank,ITViec,Data Governance Specialist,Hà Nội,"Sql, Python"
DevOps Engineer,FORTNA,ITViec,DevOps Engineer,Hà Nội,"Docker, Aws, Bash, Python, Agile"
Fullstack Developer,Glory Software Vietnam,ITViec,Fullstack Developer,Đà Nẵng,Javascript
Chuyên viên Quản trị hệ thống CNTT,VRB,ITViec,System Administrator,Hà Nội,
Home Trading System Developer,Daoukiwoom Innovation,ITViec,Frontend Developer,Hồ Chí Minh,"Agile, Javascript"
Frontend Developer,Bray Leion Splash Group,ITViec,Frontend Developer,Hồ Chí Minh,"Javascript, Agile, React, Html, Css"
AI Engineer,Company Central Pte. Ltd.,ITViec,AI Engineer,Đà Nẵng,"Agile, Python"
Senior SRE,Be Group,ITViec,Site Reliability Engineer,Hồ Chí Minh,"Docker, Aws, Go, Python"
Middle/Senior C# Developer,"Rakuten Fintech Vietnam Co., Ltd.",ITViec,Backend Developer,Hồ Chí Minh,"Java, C#"
3D Rigging Artist,CÔNG TY TNHH VLAST VIỆT NAM,ITViec,Other IT Role,Hồ Chí Minh,Python
Automation Tester,Netcompany,ITViec,Automation Tester,Hồ Chí Minh,"Agile, Not Specified"
Frontend Developer,BLUE DRAGON COMMUNICATIONS,ITViec,Frontend Developer,Hồ Chí Minh,"Css3, Html5, Javascript, React"
Game Tester,Athena Studio,ITViec,QA Engineer,Hồ Chí Minh,Agile
Middle/Senior Java Engineer,NAB Innovation Centre Vietnam,ITViec,Java Engineer,Hồ Chí Minh,"Java, Aws, Agile, Docker"
VTS - Kỹ Sư Phát Triển ứng dụng Web,Viettel Group,ITViec,Web Application Developer,Hà Nội,"Html, Docker, Javascript, React, Java, Php, C#, Css"
Senior Quality Engineer,Crossian,ITViec,QA Engineer,Hà Nội,"Java, Agile, Javascript"
Big Data Engineer,Viettel Group,ITViec,Big Data Engineer,Hà Nội,"Java, Scala, Sql"
AI Engineer,MB Bank,ITViec,AI Engineer,Hà Nội,"Docker, C++, Python"
Frontend developer,"SOFTFLEX LLC CO.,LTD",ITViec,Frontend Developer,Hà Nội,"Typescript, Javascript, React, Html/Css, Php, Html, Css"
Technical Lead,WATA Software,ITViec,Technical Lead,Hồ Chí Minh,"Javascript, Not Specified, Aws, Python, Java, C#"
iOS Engineer,Mynavi TechTus Vietnam,ITViec,Mobile Developer,Đà Nẵng,"Agile, Dart, Swift"
Nhân viên IT Ứng dụng & Hệ thống,"OQR CO., LTD",ITViec,Other IT Role,Hồ Chí Minh,
Backend NodeJS Developer,Digital Unicorn,ITViec,Backend Developer,Đà Nẵng,"Typescript, Javascript"
Senior/Middle DevOps Engineer,MAXIMUS SOLUTION COMPANY LIMITED,ITViec,DevOps Engineer,Hồ Chí Minh,"Docker, Aws, Python"
05 Back-end NodeJS Developer,ICONDO VIETNAM COMPANY LIMITED,ITViec,Backend Developer,Hồ Chí Minh,"Golang, Aws, React, Nodejs"
Leader for DIAG Team,FPT Software,ITViec,Embedded Engineer,Hồ Chí Minh,"C++, C"
Senior Java Backend Engineer,LINE Technology Vietnam,ITViec,Backend Developer,Hà Nội,Java
Embedded Linux Engineer,Datalogic Việt Nam,ITViec,Embedded Engineer,Hồ Chí Minh,C++
Front-end Developer,Nami Corporation,ITViec,Frontend Developer,Hồ Chí Minh,"Typescript, Javascript, React, Html/Css, Html, Css"
Senior Software Engineer,Clearer.io,ITViec,Senior Software Engineer,Hồ Chí Minh,"Docker, Javascript, Aws, React, Python, Php"
02 Associate Reporting Specialist,Confluence Vietnam (HCMC),ITViec,Data Analyst,Hồ Chí Minh,
Senior PHP Developer,CÔNG TY TNHH KỸ THUẬT SỐ DR,ITViec,Backend Developer,Hồ Chí Minh,"Php, Sql"
Senior Backend Engineer,Viet Thai International,ITViec,Backend Developer,Hồ Chí Minh,"Golang, Python"
Technical Leader,CÔNG TY CỔ PHẦN COMACPRO,ITViec,Technical Leader,Hà Nội,"Java, Sql"
,Topicus Vietnam,ITViec,Backend Developer,Hồ Chí Minh,"C#, Sql"
Fullstack Developer,OTS,ITViec,Fullstack Developer,Hồ Chí Minh,"Javascript, Agile, React, Python, Java, Html"
Senior Scrum Master,iDeaLogic,ITViec,Scrum Master,Hồ Chí Minh,"Sql, Html, Javascript, Agile, React, Html/Css, C#, Css"
Junior Backend Developer,CÔNG TY TNHH JDO GROUP,ITViec,Backend Developer,Đà Nẵng,"Sql, Docker, Node.Js, Aws, Go"
Technical Scrum Master,TymeX,ITViec,Technical Scrum Master,Hồ Chí Minh,"Sql, Javascript, Agile, Java, C#"
Remote Senior Fullstack Engineer,Fram,ITViec,Full-stack Developer,Not Specified,"Agile, Javascript"
Senior Software Engineer,Port Cities Vietnam,ITViec,Software Engineer,Hồ Chí Minh,"Aws, Javascript, Python, Sql"
Mobile Developer,Fincorp.,ITViec,Mobile Developer,Hồ Chí Minh,"Xcode, Javascript, React"
Junior iOS developer,Techbase Vietnam,ITViec,Mobile Developer,Hồ Chí Minh,"Java, Xcode, React, Swift"
Senior DevOps Engineer,TymeX,ITViec,DevOps Engineer,Hồ Chí Minh,"Docker, Aws, Agile, Python"
Trưởng nhóm Giải pháp CNTT,SMARTECH,ITViec,IT Project Manager,Hà Nội,Agile
Java Backend Developer,CÔNG TY CỔ PHẦN CITICS,ITViec,Backend Developer,Hồ Chí Minh,"Java, Agile, Sql"
Chuyên viên Vận hành Công nghệ,SHBFinance,ITViec,NOC Engineer,Hà Nội,Not Specified
Senior .NET Core Developer,Quang Trung Software Development,ITViec,Backend Developer,Hồ Chí Minh,"Sql, Docker, Agile, Aws, React, Java, C#"
Senior Automation Engineer,Timo,ITViec,Automation Engineer,Hồ Chí Minh,Python
CVCC Kiến trúc Giải pháp DL- Data Solution Architect,MB Bank,ITViec,Data Solution Architect,Hà Nội,Sql
Junior Scrum Master/Agile Coach,Công ty Cổ phần Chứng khoán An Bình,ITViec,Other IT Role,Hà Nội,Agile
Caspeco - Sr Frontend Dev,Scandinavian Software Park,ITViec,Frontend Developer,Hà Nội,"React, Typescript, Javascript, C#"
Senior Backend Engineer - AGI,Trusting Social,ITViec,Backend Developer,Hồ Chí Minh,"Docker, Golang, Sql, Python"
Technical Artist,Công ty TNHH Marketing Metas Group,ITViec,Technical Artist,Hà Nội,C#
Senior Front-end Developer,DOL English,ITViec,Frontend Developer,Hồ Chí Minh,"React, Typescript, Javascript"
NodeJS Developer,Saigon Technology,ITViec,Backend Developer,Đà Nẵng,"Aws, Agile"
Senior/Lead Data Scientist,M_Service (MoMo),ITViec,Data Scientist,Hồ Chí Minh,Python
Junior Fullstask Developer,Công ty Cổ phần Xherozone,ITViec,Full-stack Developer,Hồ Chí Minh,Javascript
Data Analysis and Fraud model,MB Bank,ITViec,Data Scientist,Hà Nội,Python
Leader QC Engineer,VNGGames,ITViec,QA Engineer,Hồ Chí Minh,"Typescript, Docker, Javascript, Aws, Java"
Senior Automation Test Engineer,Crossian,ITViec,QA Engineer,Hà Nội,"Java, Agile, Javascript"
Senior Consultant,Port Cities Vietnam,ITViec,Business Analyst,Hồ Chí Minh,Python
DevOps Engineer,SSI Securities Corporation,ITViec,DevOps Engineer,Hà Nội,"Docker, Bash, Python"
Senior/Middle Front-end,"Esoft Vietnam., Ltd",ITViec,Frontend Developer,Hà Nội,"React, Typescript, Javascript, Agile"
CyberSecurity Solution Engineer,ASIC Technologies,ITViec,Cybersecurity Specialist,Hồ Chí Minh,Not Specified
AI Engineer,Renova Cloud,ITViec,AI Engineer,Hồ Chí Minh,"R, C++, Aws, Python, Java, Agile"
Junior PM - Japanese&amp;English speaking,Renesas Design Vietnam,ITViec,IT Project Manager,Hồ Chí Minh,Agile
"Senior Devops Engineer, Upto 2000$",Veriserve Việt Nam,ITViec,DevOps Engineer,Hà Nội,"Docker, Aws, Bash, Go, Python"
3 React Native Developers,HDWEBSOFT,ITViec,Mobile Developer,Hồ Chí Minh,"Xcode, Typescript, Javascript, React"
Chuyên gia quản trị cơ sở dữ liệu,SSI Securities Corporation,ITViec,Database Engineer,Hà Nội,"T-Sql, Plsql, Sql"
Kỹ sư cầu nối - BrSE,AZoom VietNam,ITViec,Other IT Role,Hà Nội,Not Specified
Fresh Full Stack Developer,XionTech,ITViec,Full-stack Developer,Hồ Chí Minh,"C#, Sql"
Mid/Sr Data Engineer,Công ty Decentralab,ITViec,Data Engineer,Đà Nẵng,Python
React Native Developer,Công ty Cổ phần BDS PRO,ITViec,Mobile Developer,Hà Nội,"Typescript, Javascript, Aws, React, Java, Swift"
System Engineer - Hanoi,VNG Corporation,ITViec,System Engineer,Hà Nội,"Docker, Shell, Python"
Senior Android Developer,TP Entertainment,ITViec,Mobile Developer,Hà Nội,Kotlin
Solution Architect,One Mount Group,ITViec,Solution Architect,Hà Nội,"Java, Agile, Sql"
Software Engineer,Công ty TNHH Global Zeus Vina,ITViec,Software Engineer,Hà Nội,"C++, C#"
Business Analyst,"3 Points Aviation Vietnam Co., Ltd",ITViec,Business Analyst,Hà Nội,Sql
Automation Test Lead,Endava Việt Nam,ITViec,Automation Test Lead,Hồ Chí Minh,"Java, Agile, Sql"
Middle/Senior Java API Engineer,TymeX,ITViec,Backend Developer,Hồ Chí Minh,"Java, Aws, Agile, Docker"
Senior Java Backend Engineer,HRS Group,ITViec,Backend Developer,Hồ Chí Minh,"Java, Aws"
Data Engineering,HDBank,ITViec,Data Engineer,Hồ Chí Minh,"Aws, Sql, Python"
Senior Odoo Developer,Novobi,ITViec,Senior Odoo Developer,Hồ Chí Minh,"Sql, Javascript, Python, Html, Css"
Fullstack Developer,"Allgrowlabo Co.,Ltd.",ITViec,Fullstack Developer,Hồ Chí Minh,"React, Html, Javascript, Css"
Tester,CÔNG TY TNHH THƯƠNG MẠI DỊCH VỤ GPET,ITViec,QA Engineer,Hồ Chí Minh,Not Specified
AI Engineer,Công ty cổ phần Piscale,ITViec,AI Engineer,Hà Nội,"Go, Python"
Backend Engineer,LINE Vietnam,ITViec,Backend Developer,Hồ Chí Minh,"Java, Kotlin"
[Boomi] API Integration Engineer,N.A.M,ITViec,API Integration Engineer,Hồ Chí Minh,"Javascript, Groovy"
Java Engineer,Công ty Cổ phần Tập đoàn Nagakawa,ITViec,Backend Developer,Hà Nội,"Java, Sql"
MES Engineer,JCV Corp,ITViec,Other IT Role,Not Specified,
Chuyên gia chính sách và tuân thủ An ninh thông tin-GRC,SSI Securities Corporation,ITViec,Cybersecurity Specialist,Hà Nội,
ITSM Engineering,TymeX,ITViec,ITSM Engineer,Hồ Chí Minh,Agile
Senior System Software Engineer,Công ty TNHH NBIV,ITViec,Software Engineer,Hồ Chí Minh,Python
Fullstack Dev,Epsilon Labs,ITViec,Fullstack Developer,Hồ Chí Minh,"React, Javascript, Python, Sql"
Backend/Platform Engineer,GEEK UP,ITViec,Backend Developer,Hồ Chí Minh,"Java, Agile, Golang, Docker"
Python Developer,CÔNG TY TNHH M4G,ITViec,Backend Developer,Hồ Chí Minh,"Docker, Python"
Senior Java Software Engineer,Integro Technologies,ITViec,Software Engineer,Hà Nội,"Docker, Javascript, Aws, Java, Agile"
Python Developer,LitGroup,ITViec,Python Developer,Hà Nội,Python
Senior MIS Specialist,CÔNG TY TNHH MTV STRIDE,ITViec,Data Analyst,Hồ Chí Minh,"Java, Sql, Python"
Data Analyst – StoreFront eCommerce | $55K/year,Crossian,ITViec,Data Analyst,Hà Nội,"Agile, Sql, Python"
Kỹ sư cầu nối,TORA TECH,ITViec,BrSE,Hồ Chí Minh,"Ios, .Net, Android, Java, Php"
Back End Developer,LG CNS Việt Nam,ITViec,Backend Developer,Hà Nội,"Java, Aws, Sql, Python"
"Senior Software Tester, Global E-commerce Data Platform",Crossian,ITViec,QA Engineer,Hà Nội,"Agile, Not Specified"
Game Designer,HiGame,ITViec,Game Developer,Hà Nội,Not Specified
Senior Mobile Developer,Blue Belt Technology,ITViec,Mobile Developer,Hà Nội,"Objective C, Docker, Kotlin, Aws, Java, Agile, Swift"
Chuyên viên An toàn thông tin,Công Ty Cổ Phần Chứng Khoán Quốc Gia - NSI,ITViec,Cybersecurity Specialist,Hà Nội,Docker
QA Engineer,Nakivo,ITViec,QA Engineer,Hồ Chí Minh,"Aws, Agile, Javascript, Python"
Junior Frontend Developer,CÔNG TY TNHH JDO GROUP,ITViec,Frontend Developer,Đà Nẵng,"React, Typescript, Javascript"
Mid. Frontend Dev - HTML5/CSS3/JavaScript,SOLIS LAB,ITViec,Frontend Developer,Hà Nội,"Css3, Html5, Javascript, React, Css"
DevOps Engineer,Optimizely,ITViec,DevOps Engineer,Hà Nội,"Aws, Powershell"
AWS DevOps Lead,TymeX,ITViec,DevOps Engineer,Hồ Chí Minh,"Java, Aws, Agile, Python"
Data Scientist,Viettel Group,ITViec,Data Scientist,Hà Nội,"R, Sql, Python"
Senior Java Software Engineer,DOL English,ITViec,Software Engineer,Hồ Chí Minh,"Java, Aws, Agile"
Senior Salesforce Engineer,Orient Software Development Corp.,ITViec,Senior Salesforce Engineer,Hà Nội,"Html, Javascript, Agile, Css"
Data Engineer,Công Ty Cổ Phần Chứng Khoán Thành Công,ITViec,Data Engineer,Hồ Chí Minh,"Java, Sql, Python"
Senior Tester,"Niteco Vietnam Co., Ltd",ITViec,QA Engineer,Hồ Chí Minh,Sql
System Admin,Gene Solutions,ITViec,System Admin,Hồ Chí Minh,"Docker, Aws, Sql"
"Product Owner, Thu nhập Upto 20M",CNV Holdings,ITViec,Product Owner,Hồ Chí Minh,Agile
Nhân viên IT,Công ty Cổ phần Tập đoàn Dekko,ITViec,Other IT Role,Hà Nội,Not Specified
Embedded Software Engineer,Hitachi Digital Services,ITViec,Embedded Engineer,Hồ Chí Minh,"C++, C"
Fresher-Junior Android Developer,NANOBYTE SOFTWARE TECHNOLOGY,ITViec,Mobile Developer,Đà Nẵng,"Java, Swift, Kotlin"
Scrum Master,Techcom Securities,ITViec,Scrum Master,Hà Nội,Agile
Backend Developer,Y Tế Phương Đông,ITViec,Backend Developer,Hà Nội,"Php, Sql"
Middle/ Senior iOS Developer - Up to 3200$,Spartan Dev Inc,ITViec,iOS Developer,Hồ Chí Minh,Swift
Mid/Senior Backend Engineer,Employment Hero,ITViec,Backend Developer,Hồ Chí Minh,"Aws, Go, Python, Java, Php, Agile, Ruby"
"Data Engineer, Zalopay",VNG Corporation,ITViec,Data Engineer,Hồ Chí Minh,"Java, Scala, Python"
03 Backend Dev,"INDTI TECHNOLOGY SERVICES AND TRADING CO., LTD",ITViec,Backend Developer,Hà Nội,"Typescript, Sql, Docker, Javascript, Java, C#"
Unity Game Developer - MINTROCKET,NEXON DEV VINA,ITViec,Game Developer,Hồ Chí Minh,C#
Product Owner,TechLead,ITViec,Product Owner,Hà Nội,Agile
Senior Backend Engineer,Chotot,ITViec,Backend Developer,Hồ Chí Minh,"Docker, Javascript, Python, Java, Golang"
[Da Nang] Junior Developer,Pasona Tech Việt Nam,ITViec,Developer,Đà Nẵng,"Docker, Agile, Javascript, Python"
UI Designer,Công ty TNHH Marketing Metas Group,ITViec,UI Designer,Hà Nội,
[Da Nang & Ho Chi Minh] Scrum Master,ONE Tech Stop Vietnam Company Ltd,ITViec,Scrum Master,Đà Nẵng,"Agile, Not Specified"
Senior QA/QC Engineer/Designer,"ANDPAD VietNam Co., Ltd",ITViec,QA Engineer,Hồ Chí Minh,"Docker, Kotlin, Go, Ruby, Agile, Swift"
Automation Test,"INFINIQ Vietnam Co.,Ltd",ITViec,QA Engineer,Hà Nội,"Agile, Python"
Chuyên viên Quản trị cơ sở dữ liệu - DBA,VRB,ITViec,Database Engineer,Hà Nội,Sql
Quality Assurance Lead,TymeX,ITViec,Quality Assurance Lead,Hồ Chí Minh,"Javascript, Aws, Python, Java, Agile"
Senior IT Business Analyst,Vietnam Silicon,ITViec,Business Analyst,Hồ Chí Minh,Sql
Chuyên gia Phát triển và Tích hợp dữ liệu - K.CNTT,PVcomBank,ITViec,Data Engineer,Hà Nội,"Aws, Sql"
"Junior Data Engineer, Global E-commerce Data Platform",Crossian,ITViec,Data Engineer,Hà Nội,"Sql, Agile, Aws, Python, C#"
Product Management  - Viettel Future Changemakers 2025,Viettel Group,ITViec,Product Management,Hà Nội,
Chuyên viên Triển khai và hỗ trợ phần mềm y tế,CÔNG TY TNHH CÔNG NGHỆ SỐ VÀ CHUYỂN ĐỔI SỐ Y TẾ,ITViec,Other IT Role,Hà Nội,"C#, Sql, Html, Css"
Senior Frontend Engineer,Crossian,ITViec,Frontend Developer,Hà Nội,"Aws, React, Agile, Javascript"
Software Engineer,EUROFINS GSC IT VIETNAM COMPANY LIMITED,ITViec,Software Engineer,Hồ Chí Minh,"C#, Sql, Agile"
Senior Software Engineer - Backend,ShopBack,ITViec,Backend Developer,Hồ Chí Minh,"Aws, Typescript, Node.Js"
Golang Engineer,"MONEY FORWARD VIETNAM CO.,LTD",ITViec,Backend Developer,Hồ Chí Minh,"Docker, Aws, React, Python, Golang"
Android Developer,Công ty CP Masscom Việt Nam,ITViec,Mobile Developer,Hà Nội,Dart
Intermediate/Senior Data Engineer,Crossian,ITViec,Data Engineer,Hà Nội,"Sql, Agile, Aws, Python, Java, C#"
Middle/Senior Backend Developer,Unity Sport JSC,ITViec,Backend Developer,Hồ Chí Minh,"Javascript, Sql"
"Data Product Manager, Global Supply Chain System",Crossian,ITViec,Data Product Manager,Hà Nội,"Agile, Sql, Python"
Senior Fullstack Engineer,Collaboration Betters The World - B.O.T,ITViec,Full-stack Developer,Hồ Chí Minh,"Typescript, Docker, Javascript, Aws, React"
Junior React Developer,INTECH Group,ITViec,Frontend Developer,Hà Nội,"Typescript, Javascript, React, Html, Css"
Senior Backend Engineer,Reforged Labs,ITViec,Backend Developer,Hồ Chí Minh,"Golang, Aws, Agile"
Business Analyst,Softel Solutions,ITViec,Business Analyst,Hà Nội,
Tech Lead,Buymed,ITViec,Tech Lead,Hồ Chí Minh,"Golang, React, Python"
Junior Java Developer,VINX VIETNAM,ITViec,Backend Developer,Hồ Chí Minh,"Sql, Javascript, Html/Css, Java, Html, Css"
[HCM] Salesforce Developer,Hybrid Technologies,ITViec,Salesforce Developer,Hồ Chí Minh,"Apex, Javascript"
Middle/Senior Java Developer,Saigon Technology,ITViec,Java Developer,Hồ Chí Minh,"Java, Aws, Agile, Docker"
Product Owner Manager,Infinity Technologies Global,ITViec,Product Owner,Hà Nội,Agile
Mobile Engineer,Teko Vietnam,ITViec,Mobile Developer,Hà Nội,"Agile, Dart"
Senior Data Engineer,Simple Tech Investment,ITViec,Data Engineer,Hồ Chí Minh,"Aws, Java, Scala, Python"
Senior Software Engineer,SHBFinance,ITViec,Software Engineer,Hà Nội,"Sql, Docker, Javascript, Aws, Java, Php, Html, Css"
,MB Bank,ITViec,Backend Developer,Hà Nội,"Java, Docker"
Software Developer,JCV Corp,ITViec,Software Developer,Hải Phòng,".Net, Sql, Html, Javascript, C#, Css"
Frontend/Full Stack Developer,INTOWELL,ITViec,Frontend Developer,Hà Nội,"Docker, Aws, Javascript, Html/Css"
MMORPG Server Developer,NEXON DEV VINA,ITViec,Game Developer,Hồ Chí Minh,C++
Product Manager,NEXDOR VIET NAM,ITViec,Product Manager,Hồ Chí Minh,Agile
UI-UX Designer,Công ty ETU Mobile,ITViec,UI-UX Designer,Hà Nội,
Project Manager,Công ty Cổ phần Chứng khoán VPBank,ITViec,IT Project Manager,Hà Nội,
UX/UI Design Leader,HONGTHAI Technical,ITViec,UX/UI Designer,Hồ Chí Minh,
Flutter Developer,Bosch Global Software Technologies Company Limited,ITViec,Mobile Developer,Hà Nội,Dart
Senior DevOps Engineering,LYNKID JSC,ITViec,DevOps Engineer,Hà Nội,"Docker, Aws, Agile, Python"
PHP Web Application Developer,Fitech,ITViec,PHP Web Application Developer,Hà Nội,"Sql, Javascript, Php, Html, Css"
Mobile Developer,Circle,ITViec,Mobile Developer,Hồ Chí Minh,"Typescript, Javascript, Kotlin, React, Html, Swift, Css"
Senior Manual Tester,MB Bank,ITViec,QA Engineer,Hà Nội,Agile
Senior Javascript Developer,AZoom VietNam,ITViec,Backend Developer,Hà Nội,Javascript
Caspeco-Senior Backend .NET Dev,Scandinavian Software Park,ITViec,Backend Developer,Hà Nội,"Docker, C#, Sql"
Mobile Developer,Capgemini Vietnam,ITViec,Mobile Developer,Hồ Chí Minh,"Objective-C, Kotlin, Java, Agile, Swift"
Pre-BrSE/ BrSE Fresher/Junior,DTS Software Vietnam,ITViec,Pre-BrSE/ BrSE,Hà Nội,Vba
Country Cyber Security and Privacy Officer,Huawei,ITViec,Cybersecurity Specialist,Hà Nội,
Full-stack Java Developer,PAL TECH,ITViec,Full-stack Developer,Hồ Chí Minh,"Sql, Javascript, Agile, Html/Css, Java, Html, Css"
Front End Developer,Vietnix,ITViec,Frontend Developer,Hồ Chí Minh,"Typescript, React, Html, Css"
Engineering Manager,M Village,ITViec,Engineering Manager,Hồ Chí Minh,"Golang, Aws, Python"
VHT - Embedded Software Engineer,Viettel Group,ITViec,Embedded Engineer,Hà Nội,"C++, C"
Backend Developer,Cigro Inc.,ITViec,Backend Developer,Hồ Chí Minh,"Typescript, Sql, Docker, Javascript, Aws"
IT Governance Officer,TymeX,ITViec,IT Governance Officer,Hồ Chí Minh,"Agile, Not Specified"
DevOps Engineer,AKILA,ITViec,DevOps Engineer,Hà Nội,"Docker, Aws, Python"
AI Solutions Engineer,Phu Hung Securities (PHS),ITViec,AI Engineer,Hồ Chí Minh,"Docker, Aws, Sql, Python"
Geospatial Analysis Team Leader,CÔNG TY CỔ PHẦN CITICS,ITViec,Geospatial Analysis Team Leader,Hồ Chí Minh,Python
Fullstack Developer,"Gearment Co.,Ltd",ITViec,Fullstack Developer,Hồ Chí Minh,"Aws, Go, Javascript, Python"
Software Developer,Công ty cổ phần TCT Toàn Cầu,ITViec,Software Developer,Hà Nội,"C#, Sql"
Web Developer,Daoukiwoom Innovation,ITViec,Web Developer,Hồ Chí Minh,"Sql, Javascript, Agile, Html/Css, Java, Html, Css"
Software Engineer,LG Electronics Development Vietnam (LGEDV),ITViec,Software Engineer,Hà Nội,"C++, Agile"
Senior Android Developer,"ANDPAD VietNam Co., Ltd",ITViec,Mobile Developer,Hồ Chí Minh,"Aws, Dart, Swift, Kotlin"
ICT Enterprise Sales Director,Huawei,ITViec,Other IT Role,Hà Nội,
"[Junior, Middle] Mobile Developer",MB Bank,ITViec,Mobile Developer,Hà Nội,"Xcode, Objective C, Kotlin, Java, Swift"
WordPress Developer,Breadstack Technologies Inc,ITViec,WordPress Developer,Hà Nội,"Php, Html, Javascript, Css"
Cloud Data Engineering Lead,Renova Cloud,ITViec,Cloud Data Engineering Lead,Hồ Chí Minh,"Java, Aws, Sql, Python"
Vision Engineer,Koh Young Technology Inc,ITViec,Vision Engineer,Hà Nội,"C++, C#, Python"
Pentester,MB Bank,ITViec,Cybersecurity Specialist,Hà Nội,Sql
DevOps Engineer,VSI,ITViec,DevOps Engineer,Hà Nội,
Java Developer,SoftRoad Việt Nam,ITViec,Java Developer,Hà Nội,"Java, Aws, Sql, Docker"
[Women Leadership in Tech] Embedded Resource Manager,Bosch Global Software Technologies Company Limited,ITViec,Embedded Engineer,Hồ Chí Minh,Agile
DevOps Engineer,MenuCoster,ITViec,DevOps Engineer,Hà Nội,"Docker, Aws, Typescript, Python"
Android Engineer,FuelCloud,ITViec,Mobile Developer,Hồ Chí Minh,"Java, Kotlin"
Automation QA Engineer,Optimizely,ITViec,Automation QA Engineer,Hà Nội,
Junior/Mid Fullstack Engineer,SMG Swiss Marketplace Group,ITViec,Full-stack Developer,Hồ Chí Minh,"Typescript, Javascript, Aws, React, Agile"
Database Administrator,ABBANK,ITViec,Database Administrator,Hà Nội,"Sql, Docker, Aws, Pl/Sql, T-Sql"
IT System Admin,Nakivo,ITViec,IT System Admin,Hồ Chí Minh,"Aws, Bash, Python"
Technical Architect,XionTech,ITViec,Technical Architect,Hồ Chí Minh,"Sql, Not Specified, Agile, React, C#"
Data Analytics Specialist,Andros Vietnam - Công Ty TNHH Sản Xuất Trái Cây Hùng Phát,ITViec,Data Analyst,Hồ Chí Minh,"Javascript, Sql, Python"
Product Manager,Fullerton Health,ITViec,Product Manager,Hồ Chí Minh,Agile
Trưởng Phòng Phần Mềm,Công ty Cổ phần Đầu tư và Thương mại Quốc tế Icom,ITViec,Technical Manager,Hà Nội,"Agile, Not Specified"
Quality Assurance,MB Bank,ITViec,QA Engineer,Hà Nội,
"Expert, Customer Experience Design",Techcombank,ITViec,Other IT Role,Hồ Chí Minh,Agile
DevOps Engineer,Techcom Securities,ITViec,DevOps Engineer,Hà Nội,"Docker, Aws, Python"
IT Project Manager,LG CNS Việt Nam,ITViec,IT Project Manager,Hà Nội,"Agile, Kotlin, Java, C#, Swift"
Senior Angular Developer,Quang Trung Software Development,ITViec,Frontend Developer,Hồ Chí Minh,"Css3, Html5, Typescript, Javascript, Aws, React, Python, Java, Agile"
"UI/UX Designer – Thoughtful Interfaces, Real Impact",YRISM VN,ITViec,Not Specified,Hồ Chí Minh,
Client Developer,Công ty TNHH Marketing Metas Group,ITViec,Client Developer,Hà Nội,"C#, Javascript"
05 Middle/Senior Flutter Developer,Công Ty Cổ Phần LOT,ITViec,Mobile Developer,Hồ Chí Minh,Dart
Fullstack Developer,CodeLink,ITViec,Fullstack Developer,Hồ Chí Minh,"Sql, Node.Js, Aws, Reactjs, Agile"
Senior Automation Tester/ QA Engineer,Fantastic5 Technology,ITViec,QA Engineer,Hồ Chí Minh,"Typescript, Javascript, Agile, Html/Css, Html, Css"
Senior Japanese Manual Tester/QC,Blue Belt Technology,ITViec,Quality Assurance Engineer,Hà Nội,Sql
Junior Fullstack Developer,DIIJAM,ITViec,Full-stack Developer,Hà Nội,"Javascript, Python"
Senior Front-End Developer,HBN Solution,ITViec,Frontend Developer,Hồ Chí Minh,"Javascript, React, Html/Css, Html, Css"
Software Testing Engineer,Datalogic Việt Nam,ITViec,QA Engineer,Hồ Chí Minh,"Java, Agile, Python"
Chuyên viên phát triển phần mềm,SSI Securities Corporation,ITViec,Backend Developer,Hà Nội,Python
PHP Developer,YRGLM Việt Nam,ITViec,PHP Developer,Hồ Chí Minh,"Docker, Javascript, Aws, Php, Html, Css"
Project Manager/Technical PreSales,Ecotek,ITViec,IT Project Manager,Not Specified,
DevOps Engineer,CÔNG TY TNHH HIFUNNEL,ITViec,DevOps Engineer,Hồ Chí Minh,"Docker, Aws, Javascript, Nodejs"
Senior Backend Developer - PHP/Laravel,Daoukiwoom Innovation,ITViec,Backend Developer,Hồ Chí Minh,"Php, Sql, Python, React"
Mid/Sr. Games Server Developer,Công ty TNHH Thankslab Việt Nam,ITViec,Game Developer,Hồ Chí Minh,"C++, Php, Javascript"
Backend Developer,Vietnix,ITViec,Backend Developer,Hồ Chí Minh,"Docker, Typescript, Node.Js"
02 Senior Data Engineer,Home Credit Vietnam,ITViec,Data Engineer,Hồ Chí Minh,"Docker, Agile, Sql, Python"
VTS - Chuyên Viên Quản Trị Dự Án,Viettel Group,ITViec,IT Project Manager,Hà Nội,"Aws, Agile, Not Specified"
[Middle-Senior] CV An toàn thông tin - Red Team,Công ty TNHH Hòa bình Không gian mạng,ITViec,Cybersecurity Specialist,Hà Nội,
Software Engineer,OL Vietnam,ITViec,Software Engineer,Hồ Chí Minh,"Java, C#, Sql"
Business Analyst,Unity Sport JSC,ITViec,Business Analyst,Hồ Chí Minh,Not Specified
,Neos Việt Nam,ITViec,Backend Developer,Hà Nội,"Aws, Javascript, Php, Node.Js"
Fullstack Web Developer,Digital Unicorn,ITViec,Full-stack Developer,Đà Nẵng,"React, Javascript, Sql, Node.Js"
Android Software Engineer,Floating Cube Studios,ITViec,Android Software Engineer,Hồ Chí Minh,"Flutter, Agile, Kotlin"
,MB Bank,ITViec,Network Administrator,Hà Nội,
Solution Architect,SHBFinance,ITViec,Solution Architect,Hà Nội,".Net, Node.Js, Aws, Go, React, Python, Java, Agile"
Hybrid - Ruby On Rails Developer,MEALSUITE,ITViec,Backend Developer,Hồ Chí Minh,"Agile, Sql, Ruby"
Senior Full-stack Web and AI Developer,East Agile,ITViec,Full-stack Developer,Hồ Chí Minh,"Rust, Aws, Go, Python, Agile"
Fullstack Software Engineer,DNSE,ITViec,Fullstack Developer,Hà Nội,"Golang, Agile, Javascript"
Senior Software Engineer,FORTNA,ITViec,Software Engineer,Hà Nội,"Java, Sql, Docker"
Senior| Mid UI UX Designer,TechVSI,ITViec,Other IT Role,Hồ Chí Minh,
Software Developer,MiTek Viet Nam,ITViec,Software Developer,Hồ Chí Minh,"C#, Sql, Agile"
Senior Full-stack Developer,Arbin Instruments,ITViec,Full-stack Developer,Hồ Chí Minh,"Typescript, Sql, Docker, Agile, React, Python, C#"
QA Tester & Business Analyst – FoodTech SaaS Full-time,MenuCoster,ITViec,QA Engineer,Hà Nội,Agile
"Fresher/Junior Software Devs in C/C++ Up to $2,000",Xavis Tech,ITViec,Software Engineer,Hà Nội,"C++, C"
,ekino Vietnam,ITViec,Automation Tester,Hồ Chí Minh,"Javascript, Aws, Python, Java, Agile"
[HCM/DN] Junior Automation Tester,KMS Technology,ITViec,Automation Tester,Hồ Chí Minh,"Java, Javascript, Python"
Junior Frontend Developer,CÔNG TY CP CÔNG NGHỆ SIGINX,ITViec,Frontend Developer,Hồ Chí Minh,"React, Html, Javascript, Css"
Manual Software Tester,Rakus Vietnam Company,ITViec,QA Engineer,Hồ Chí Minh,Java
Automation Tester,Seatech,ITViec,Automation Tester,Hà Nội,"Java, Sql"
Chuyên gia Quản trị Cơ sở dữ liệu - K.CNTT,PVcomBank,ITViec,Database Engineer,Hà Nội,Aws
Software Architect,Crossian,ITViec,Software Architect,Hà Nội,"Docker, Aws, C#, Agile"
Remote Frontend ReactJS ~ 1500$,eLotus,ITViec,Frontend Developer,Hồ Chí Minh,"Typescript, Javascript"
[Data engineer] CVCC/TBP Khai thác dữ liệu,HDBank,ITViec,Data Engineer,Hồ Chí Minh,"Aws, Sql, Python"
Middle Backend Developer,Công ty Decentralab,ITViec,Backend Developer,Đà Nẵng,"Docker, Typescript, Javascript"
Lead Software Engineer,Orient Software Development Corp.,ITViec,Lead Software Engineer,Hồ Chí Minh,"Typescript, Javascript, Aws, React, Css"
Engineering Manager,ShopBack,ITViec,Engineering Manager,Hồ Chí Minh,
Project Manager,Nakivo,ITViec,IT Project Manager,Hồ Chí Minh,"Agile, Aws, React, C/C++, Java, Html, Css"
Unity Developer,HiGame,ITViec,Unity Developer,Hà Nội,C#
Lead Back-End Engineer,PLAYSTUDIOS,ITViec,Backend Developer,Hà Nội,C#
Senior Process Quality Assurance,VNDIRECT,ITViec,QA Engineer,Hà Nội,Sql
Middle/Senior Fullstack Developer,Skill 4 Asia,ITViec,Full-stack Developer,Hà Nội,"React, C#, Javascript, Typescript"
Senior Software Engineer,ZOI SGN,ITViec,Software Engineer,Hồ Chí Minh,"Javascript, Aws, React, Python, Agile, Css"
Chuyên viên Quản lý máy chủ - Server Administrator,MB Bank,ITViec,Server Administrator,Hà Nội,
Chuyên viên Cao cấp Kiểm thử nghiệp vụ Ngân hàng lõi,MB Bank,ITViec,QA Engineer,Hà Nội,Agile
Product Engineer – Growth & Automation,Tocco,ITViec,Product Engineer,Hà Nội,"React, Typescript, Javascript"
Security Engineer,CodeLink,ITViec,Security Engineer,Hồ Chí Minh,"Aws, Agile, React, Python"
[HN/ HCM] Business Analyst,CTY TNHH TRUYỀN THÔNG SKYMEDIA,ITViec,Business Analyst,Hà Nội,Agile
Python Backend Developer,BASE Business Solution,ITViec,Backend Developer,Hồ Chí Minh,Python
Business Analyst,RealEstateDoc,ITViec,Business Analyst,Hồ Chí Minh,"Agile, English"
"Lead Software Engineer, Backend",Grab (Vietnam) Ltd.,ITViec,Backend Developer,Hồ Chí Minh,"Aws, Go, Agile"
IT Consultant manager/Business Analyst Lead,Bosch Global Software Technologies Company Limited,ITViec,IT Project Manager,Hồ Chí Minh,Agile
Fullstack Developer,Salmon SG,ITViec,Fullstack Developer,Hồ Chí Minh,"Typescript, Docker, Javascript, Aws, React, Python"
ERP Odoo Consultant,Port Cities Vietnam,ITViec,Business Analyst,Hồ Chí Minh,Not Specified
AI Developer,Coder Trove,ITViec,AI Developer,Hồ Chí Minh,"Agile, React, Python"
Technical Lead,Viettel Software Services (A Member of Viettel Group),ITViec,Technical Lead,Hà Nội,"Java, Agile, Golang, Docker"
Server Developer,Daoukiwoom Innovation,ITViec,Server Developer,Hồ Chí Minh,"Agile, C"
Senior Data Engineer,Ahamove,ITViec,Data Engineer,Hồ Chí Minh,"Sql, Javascript, Aws, Python, Java"
Cloud/DevOps Engineer,LG CNS Việt Nam,ITViec,Cloud/DevOps Engineer,Hà Nội,"Golang, Aws, Bash, Python"
Kỹ Sư Giải Pháp Nghiệp Vụ,StarBap Technology Company,ITViec,Business Analyst,Hồ Chí Minh,
Software Development Manager,Công Ty TNHH Mi-Jack Manufacturing Global Viet Nam,ITViec,Software Development Manager,Hồ Chí Minh,"Typescript, Javascript, Agile, Aws, Python, Java, C#"
Senior Software Engineer - Frontend,ShopBack,ITViec,Frontend Developer,Hồ Chí Minh,"Html, Javascript, Typescript, Css"
Bridge Project Manager,Vitalify Asia,ITViec,Bridge Project Manager,Hồ Chí Minh,"Agile, Not Specified"
Backend Developer,MenuCoster,ITViec,Backend Developer,Hà Nội,"Typescript, Javascript, Agile, Sql"
[Middle-Senior] CV An toàn thông tin - Blue Team,Công ty TNHH Hòa bình Không gian mạng,ITViec,Cybersecurity Specialist,Hà Nội,"Docker, Go, Python"
Software Developer,Bootloader Studio,ITViec,Backend Developer,Hồ Chí Minh,"Typescript, Sql, Docker, Javascript, Agile, Aws, Go, Python, C#, Swift"
Technical Project Manager,WATA Software,ITViec,Technical Project Manager,Hồ Chí Minh,"Java, Aws, Agile"
Frontend Developer,NFQ Asia,ITViec,Frontend Developer,Đà Nẵng,"React, Typescript, Javascript"
Frontend Developer – ReactJS,NEW IT,ITViec,Frontend Developer,Hồ Chí Minh,"Typescript, Sql, Javascript, Aws, React, Python, Java, Agile, Css"
Software Engineer,Port Cities Vietnam,ITViec,Software Engineer,Hồ Chí Minh,"Aws, Javascript, Python, Sql"
[Da Nang & Ho Chi Minh] Technical Architect,ONE Tech Stop Vietnam Company Ltd,ITViec,Technical Architect,Đà Nẵng,"Typescript, Sql, Javascript, React, Agile"
DevOps,OnePay,ITViec,DevOps Engineer,Hà Nội,"Java, Javascript, Golang, Docker"
Fullstack Software Engineer,DNSE,ITViec,Fullstack Developer,Hà Nội,"Agile, Javascript, Python"
,CESA Vietnam (part of CEVA Logistic),ITViec,RPA Developer,Hồ Chí Minh,"Java, C#, Sql, Python"
Backend Software Engineer,Koidra Tech,ITViec,Backend Developer,Hồ Chí Minh,"Javascript, Python"
Manual/Automation Tester - Quality Analyst,MiTek Viet Nam,ITViec,QA Engineer,Hồ Chí Minh,Agile
Senior QC Engineer,Ambition Vietnam,ITViec,QA Engineer,Hồ Chí Minh,"Agile, Sql"
[Fresher] Lập Trình Viên - học bổng đào tạo,LikeLion Vietnam,ITViec,Software Engineer,Hồ Chí Minh,Not Specified
Lead Fullstack  Engineer,Renesas Design Vietnam,ITViec,Full-stack Developer,Hồ Chí Minh,"Aws, React, Python"
Fresher-Middle QA/ Tester,CÔNG TY CỔ PHẦN CÔNG NGHỆ INVIV CLOUD,ITViec,QA Engineer,Hà Nội,
Backend Developer,YRGLM Việt Nam,ITViec,Backend Developer,Hồ Chí Minh,"Sql, Docker, Aws, Python, Java"
Business Analyst,IZISOLUTION,ITViec,Business Analyst,Hà Nội,
Senior Golang Developer,CellphoneS,ITViec,Backend Developer,Hồ Chí Minh,"Golang, Php, Python"
Database Engineer Expert,FE CREDIT,ITViec,Database Engineer,Hồ Chí Minh,"Aws, Pl/Sql, Sql, Python"
Web/Mobile Tester,INTOWELL,ITViec,QA Engineer,Hà Nội,Not Specified
Testing Software Supervisor,Datalogic Việt Nam,ITViec,Testing Software Supervisor,Hồ Chí Minh,"Agile, Not Specified"
Senior Frontend Developer,Ahasoft,ITViec,Frontend Developer,Hồ Chí Minh,"Html5, Agile, Javascript, Css"
Senior PHP Developer - Up to 50M,VOYAGER INC,ITViec,Backend Developer,Hồ Chí Minh,"Docker, Php, Agile"
[Fresher/Experienced] C++ Game Developer,NEXON DEV VINA,ITViec,Game Developer,Hồ Chí Minh,C++
Leader/Mid/Senior Android Developer,Blogic Systems,ITViec,Mobile Developer,Hồ Chí Minh,"Java, Kotlin"
Global Microsoft Endpoint Engineer,Renesas Design Vietnam,ITViec,Other IT Role,Hồ Chí Minh,Powershell
Senior Java Backend Developer,TVT Group,ITViec,Backend Developer,Hồ Chí Minh,"Sql, Aws, Python, Java, Agile"
Java Developer,mgm technology partners Vietnam,ITViec,Java Developer,Hồ Chí Minh,"Java, Agile, Javascript, Sql"
Project Manager,Công Ty TNHH Clever Creations Tech,ITViec,IT Project Manager,Hồ Chí Minh,"Java, Sql"
Technical Lead,RAKSUL Vietnam,ITViec,Technical Lead,Hồ Chí Minh,"Typescript, Aws, Python, Java, Php, Ruby"
Senior System Administrator,ELCA,ITViec,System Administrator,Hồ Chí Minh,Powershell
DevOps Engineer,MB Bank,ITViec,DevOps Engineer,Hà Nội,"Docker, Agile"
"Lập trình viên CP4BA, ABAP, HANA,CAMUDA, Reactjs, Java",PVcomBank,ITViec,Software Engineer,Hà Nội,"Sql, Aws, Abap, React, Java, Reactjs"
[ShopeeFood] Product Manager,Shopee,ITViec,Product Manager,Hồ Chí Minh,
Fullstack Developer,B2BE GSS Vietnam,ITViec,Fullstack Developer,Hồ Chí Minh,"Typescript, Docker, Javascript, Html/Css, Php, Html, Css"
Junior FrontEnd Developer,Công ty TNHH Giáo Dục IZONE,ITViec,Frontend Developer,Hà Nội,"Typescript, Javascript, React, Java, Html, Css"
Senior Software Developer Level 2,South East Asia Development Company | Seadev,ITViec,Software Engineer,Đà Nẵng,"Typescript, Javascript, Agile, Aws, Php, Html, Css"
Senior Backend Developer,Regen Technology Limited,ITViec,Backend Developer,Hồ Chí Minh,"Typescript, Sql, Docker, Node.Js, Aws, Go"
7 month contract Frontend Engineer,Pizza Hut Digital & Technology,ITViec,Frontend Developer,Hồ Chí Minh,"Typescript, Javascript, Aws, React, Html, Css"
QA Automation Test,Sunbytes,ITViec,QA Engineer,Hồ Chí Minh,"Typescript, Javascript, Sql"
Project Manager,Phu Hung Securities (PHS),ITViec,IT Project Manager,Hồ Chí Minh,Agile
Java/Golang/Angular Developer,OnePay,ITViec,Java/Golang/Angular Developer,Hà Nội,"Java, Javascript, Golang, Sql"
Senior AI Engineer/ NLP Engineer,VINBIGDATA,ITViec,AI Engineer,Hà Nội,"Java, Python, C++"
"[Middle, Junior] Java Fullstack Developer",MB Bank,ITViec,Full-stack Developer,Hà Nội,"Java, Docker"
Unity Developer,Percas,ITViec,Unity Developer,Hà Nội,C#
05 Java Senior Developer / Tech Lead,SAI Digital,ITViec,Java Senior Developer / Tech Lead,Hồ Chí Minh,"Java, Javascript, Docker, Css"
Fullstack Developer,Ignify,ITViec,Fullstack Developer,Hà Nội,"Docker, Python"
Cloud Data Engineering Lead,Stealth Startup in AI,ITViec,Cloud Data Engineering Lead,Hồ Chí Minh,"Aws, Sql, Python"
Fullstack  Developer,Công Ty Cổ Phần Chứng Khoán Thành Công,ITViec,Fullstack Developer,Hồ Chí Minh,"React, Javascript, Sql"
Senior Front-end Developer,CÔNG TY TNHH KỸ THUẬT SỐ DR,ITViec,Frontend Developer,Hồ Chí Minh,"React, Javascript, Html/Css, Css"
Quality Assurance Manager,Viettel Software Services (A Member of Viettel Group),ITViec,Quality Assurance Manager,Hà Nội,Agile
Mid/Senior QA/QC Engineer,SMG Swiss Marketplace Group,ITViec,QA Engineer,Hồ Chí Minh,"Sql, Javascript, React, Java, Agile"
QA Engineer,East Agile,ITViec,QA Engineer,Hồ Chí Minh,"Javascript, Agile, Python, Html, Ruby, Css"
VTS - Software Tester,Viettel Group,ITViec,Software Tester,Hà Nội,Sql
Senior Product Designer,Aperia Solutions Vietnam Co Ltd,ITViec,Other IT Role,Hồ Chí Minh,"Javascript, Agile, Html/Css, Html, Css"
Java Developer,MEGAZONE,ITViec,Java Developer,Hà Nội,"Java, Agile, Sql"
HCM - Mid/Sr Java Dev,GEM Corporation,ITViec,Backend Developer,Hồ Chí Minh,"Sql, Javascript, Aws, React, Java"
Senior QC Manual Engineer,Vietnam Silicon,ITViec,QA Engineer,Hồ Chí Minh,Agile
Security Operations Engineer - DevSecOps,AURIFY,ITViec,Security Operations Engineer,Hồ Chí Minh,"Docker, Aws, Agile, Python"
Senior Frontend Developer,BioTuring,ITViec,Frontend Developer,Hồ Chí Minh,"React, Agile, Javascript"
Senior Frontend Software Engineer,Koidra Tech,ITViec,Frontend Developer,Hồ Chí Minh,"Typescript, React, Agile"
Odoo Developer,LOVEPOP VIỆT NAM,ITViec,Odoo Developer,Hồ Chí Minh,Python
QA Fullstack/Automation,LeapXpert,ITViec,QA Engineer,Hồ Chí Minh,"Docker, Agile, Javascript, Python"
Game Developer,Athena Studio,ITViec,Game Developer,Hồ Chí Minh,"C#, Agile"
VTS - Kỹ Sư Phát Triển ứng dụng Mobile,Viettel Group,ITViec,Mobile Developer,Hà Nội,"Kotlin, Aws, Java, Flutter, Swift"
Python Developer,Digital Unicorn,ITViec,Backend Developer,Đà Nẵng,"Sql, Docker, Aws, Python, Agile"
Software Engineer,M Village,ITViec,Backend Developer,Hồ Chí Minh,"Golang, Node.Js, Python"
"Bảo mật hệ thống, bảo mật mạng",VietinBank,ITViec,Cybersecurity Specialist,Hà Nội,
[Junior-Senior] Product Designer,Avian Solutions,ITViec,Product Designer,Hồ Chí Minh,"Html, Not Specified, Agile, Css"
Senior Java Developer,ELCA,ITViec,Backend Developer,Hồ Chí Minh,"Sql, Docker, Javascript, Agile, Java, Html, Css"
[Bảo Lộc] Backend Developer,VILL VietNam,ITViec,Backend Developer,Not Specified,"Docker, Typescript, Nodejs"
Business Analyst,Công ty Cổ phần Giải pháp và Công nghệ Giáo dục CyberUni,ITViec,Business Analyst,Hà Nội,
Business Analyst,Công Ty Cổ Phần Bfd,ITViec,Business Analyst,Hà Nội,
Junior Backend Developer,CÔNG TY CỔ PHẦN CARNOW,ITViec,Backend Developer,Hà Nội,Javascript
System Admin,CÔNG TY CỔ PHẦN NEXA VIỆT NAM,ITViec,System Admin,Hồ Chí Minh,
Lead Java Engineer,NAB Innovation Centre Vietnam,ITViec,Lead Java Engineer,Hồ Chí Minh,"Java, Aws, Agile, Docker"
Senior Automation Quality Engineer,Pizza Hut Digital & Technology,ITViec,QA Engineer,Hồ Chí Minh,"Typescript, Docker, Javascript, React, Java"
Lập trình website,Công ty TNHH Marketing Metas Group,ITViec,Frontend Developer,Hà Nội,"React, Html, Javascript, Css"
Manager Data Engineer,NAB Innovation Centre Vietnam,ITViec,Manager Data Engineer,Hồ Chí Minh,"Agile, Not Specified"
Senior Fullstack Developer,CoFounder Venture Partners Viet Nam,ITViec,Full-stack Developer,Hồ Chí Minh,Javascript
Senior .NET Developer,CellphoneS,ITViec,Senior .NET Developer,Hồ Chí Minh,"Docker, C#, Sql, .Net Core"
,NEXON DEV VINA,ITViec,Frontend Developer,Hồ Chí Minh,React
Chuyên Viên Kiểm Toán Công Nghệ Thông Tin,Ngân hàng TMCP Lộc Phát Việt Nam LPBank,ITViec,Other IT Role,Hà Nội,"Sql, Python"
Senior GCP Engineer,Dr.JOY,ITViec,Cloud Engineer,Hà Nội,"Sql, Docker, Javascript, Python, Java"
Data Engineer/ Data Analysis,Viet Thai International,ITViec,Data Engineer,Hồ Chí Minh,"Sql, Python"
.NET Developer,Công ty Cổ phần Thể thao PickoNow,ITViec,Backend Developer,Hồ Chí Minh,"Docker, C#, Sql"
Systems Architect,PLAYSTUDIOS,ITViec,Systems Architect,Hà Nội,"Sql, Angular, Docker, Node.Js, React, Python, Java, Agile"
Embedded Project Management,Samsung Electronics HCMC CE Complex,ITViec,Embedded Engineer,Hồ Chí Minh,"C++, C"
Backend Golang Developer,Công ty TNHH Thương mại GPS Việt Nam,ITViec,Backend Developer,Hà Nội,"Golang, Docker"
Fullstack Developer,"THE FIRST ONE JSC.,",ITViec,Fullstack Developer,Hà Nội,"Docker, Aws, React, Python, Java, Php"
CV Phân tích và Triển khai BPM,Ngân hàng TMCP Lộc Phát Việt Nam LPBank,ITViec,Business Analyst,Hà Nội,Java
Senior Frontend Developer,Jitsu Vietnam,ITViec,Frontend Developer,Hà Nội,"Css3, Html5, Typescript, Javascript, Aws"
UI-UX Designer,Alchemy Technologies,ITViec,Other IT Role,Hồ Chí Minh,
C Language Developer,LG CNS Việt Nam,ITViec,C Language Developer,Hà Nội,C
Manual QA Engineer,FWD VTC,ITViec,QA Engineer,Hồ Chí Minh,Agile
Middle Java Developer,TechLead,ITViec,Java Developer,Hà Nội,"Java, Scala, Docker"
Middle Android Developer,eUp Group,ITViec,Mobile Developer,Hà Nội,"Java, Kotlin"
Data Analyst,Beyondsoft Technology (Vietnam) Company Limited,ITViec,Data Analyst,Hồ Chí Minh,Sql
Network – System Administrator,OnePay,ITViec,Network – System Administrator,Hà Nội,
Senior iOS Engineer,Fantastic5 Technology,ITViec,Mobile Developer,Hồ Chí Minh,"Agile, Objective C, Swift"
Fullstack Dev,GEM Digital,ITViec,Full-stack Developer,Hà Nội,"Java, Php, Javascript"
Software Engineer,VIETTEL CUSTOMER SERVICE,ITViec,Software Engineer,Hà Nội,"Sql, C++, Python, Java, Agile"
Software Dev,CÔNG TY TNHH ITPL VIỆT NAM,ITViec,Software Engineer,Not Specified,"Php, C#, Javascript"
Middle/Senior AI Engineer,Saigon Technology,ITViec,AI Engineer,Đà Nẵng,"Sql, Docker, Aws, Python, Java, Agile"
Automation Test Engineer,Techcom Securities,ITViec,Automation Test Engineer,Hà Nội,"Java, Sql, Docker"
Lead ERP Odoo Consultant,Novobi,ITViec,Other IT Role,Hồ Chí Minh,Not Specified
[HCM] Java Developer,Hybrid Technologies,ITViec,Java Developer,Hồ Chí Minh,"Sql, Javascript, Python, Java, Html, Css"
Senior Infrastruture Engineer,Yes4All,ITViec,Senior Infrastructure Engineer,Hồ Chí Minh,"Aws, Not Specified"
Senior AI Engineer,Panasonic Vietnam Group – Panasonic R&D Center Vietnam (PRDCV),ITViec,AI Engineer,Hà Nội,"C++, C#, Python"
Software Developer,ITVINA,ITViec,Software Developer,Hồ Chí Minh,"Php, Sql"
Backend Developer,HDBank,ITViec,Backend Developer,Hồ Chí Minh,"Java, Pl/Sql, Sql, Docker"
Front-End Developer,Smilegate Vietnam,ITViec,Frontend Developer,Hồ Chí Minh,"Typescript, Javascript, Agile, Html/Css, Html, Css"
AI Backend Developer,OLLI,ITViec,AI Backend Developer,Hồ Chí Minh,"Typescript, Docker, Aws, Python, Nodejs, Agile"
Business Analyst,OTS,ITViec,Business Analyst,Hà Nội,
Junior Android Engineer,SMG Swiss Marketplace Group,ITViec,Mobile Developer,Hồ Chí Minh,"Java, Agile, Kotlin"
Senior Full Stack Developer,Aperia Solutions Vietnam Co Ltd,ITViec,Full-stack Developer,Hồ Chí Minh,"Java, Javascript, Sql"
Senior AI Engineer,BEWAO CORPORATION,ITViec,AI Engineer,Hồ Chí Minh,"Typescript, Sql, Python"
Manager/ Lead DevOps,NAB Innovation Centre Vietnam,ITViec,DevOps Engineer,Hồ Chí Minh,"Sql, Aws, Python, Java, Agile"
Junior JavaScript Developer,CÔNG TY CP CÔNG NGHỆ SIGINX,ITViec,Frontend Developer,Hồ Chí Minh,"Java, Javascript, Sql, Css"
Lập trình viên Automation,Công Ty TNHH Phalanx Services,ITViec,Lập trình viên Automation,Hồ Chí Minh,"Javascript, Python"
Senior DevOps Engineer,DatVietVAC,ITViec,DevOps Engineer,Hồ Chí Minh,"Docker, Aws, Go, Python, Agile"
Game Developer,ALCHEMIST STUDIOS,ITViec,Game Developer,Hà Nội,"Typescript, Javascript"
Junior/Middle Java Developer,Endava Việt Nam,ITViec,Java Developer,Hồ Chí Minh,"Java, Agile, Sql"
Cloud Solutions Architect,TechValley Vietnam,ITViec,Cloud Solutions Architect,Hà Nội,Aws
Senior Flutter Developer,One Mount Group,ITViec,Mobile Developer,Hà Nội,"Agile, Dart"
UI Frontend Engineer,NAVER VIETNAM,ITViec,Frontend Developer,Hồ Chí Minh,"Html, Javascript, Html/Css, Css"
Senior Backend Engineer,One Mount Group,ITViec,Backend Developer,Hà Nội,"Java, Agile, Sql, Docker"
Web Developer,Công ty Cổ phần giao dịch hàng hóa Gia Cát Lợi,ITViec,Web Developer,Hồ Chí Minh,Php
Kỹ Sư Giải Pháp Mạng,NetNam Corporation - Branch in HCMC,ITViec,Network Solution Engineer,Hà Nội,
Backend Engineer,Trusting Social,ITViec,Backend Developer,Hồ Chí Minh,"Docker, Aws, Go, Java, Agile"
Senior Java Developer,Outpost24,ITViec,Backend Developer,Hà Nội,"Java, Agile, Sql, Python"
E-Banking Application Development Deputy Manager,HDBank,ITViec,Other IT Role,Hồ Chí Minh,Python
Java Backend - 13T Lương,Viettel Post (A Member of Viettel Group),ITViec,Backend Developer,Hà Nội,Java
Frontend Expert,SECUTIX,ITViec,Frontend Developer,Hồ Chí Minh,"Docker, Agile"
Senior/Principal Golang Engineer,"MONEY FORWARD VIETNAM CO.,LTD",ITViec,Backend Developer,Hồ Chí Minh,"Golang, Docker"
Mobile Technical Lead,TymeX,ITViec,Mobile Developer,Hồ Chí Minh,"Agile, Swift, Kotlin"
Senior Java Developer,Byteuptech,ITViec,Software Engineer,Hồ Chí Minh,"Java, Javascript, Python, Sql"
Mid/Senior QA/Tester,EasyRx,ITViec,QA Engineer,Hồ Chí Minh,"Agile, Not Specified"
Backend Developer,Siam Brothers Vietnam JSC.,ITViec,Backend Developer,Hồ Chí Minh,"Php, C#, Sql"
Senior/Lead Java Developer,Endava Việt Nam,ITViec,Senior Java Developer,Hồ Chí Minh,"Java, Agile, Sql"
Backend Developer,BLUE DRAGON COMMUNICATIONS,ITViec,Backend Developer,Hồ Chí Minh,"Java, Aws, Javascript"
Fullstack Web Developer,QKIT Software (QUÝ KHÁNH IT),ITViec,Fullstack Developer,Not Specified,"C#, Sql"
Technical Lead,RAKSUL Vietnam,ITViec,Tech Lead,Hồ Chí Minh,"Java, Aws"
Back End Python Developer,LG CNS Việt Nam,ITViec,Backend Developer,Hà Nội,"Docker, Aws, Agile, Python"
Frontend Engineer,NAVER VIETNAM,ITViec,Frontend Developer,Hà Nội,"Docker, Javascript"
Middle/Senior Flutter Developer,DNSE,ITViec,Mobile Developer,Hà Nội,"Typescript, Dart, Agile"
Python Backend Developer,Cigro Inc.,ITViec,Backend Developer,Hồ Chí Minh,"Docker, Sql, Python"
Fullstack Developer,Weldcom,ITViec,Fullstack Developer,Hà Nội,"Sql, Html, Docker, Javascript, Python, Html/Css, Java, C#, Css"
Middle Blockchain Developers,Công ty Cổ phần Hola Tech,ITViec,Blockchain Developer,Hà Nội,"Docker, Javascript, Node.Js, React, Agile"
Cloud Engineer Team Leader,Dinotronic AG,ITViec,Cloud Engineer,Hồ Chí Minh,Powershell
Fullstack Developer Senior,VAR META,ITViec,Full-stack Developer,Đà Nẵng,"React, Javascript, Node.Js"
[Da Nang] Middle Programmer,Pasona Tech Việt Nam,ITViec,Backend Developer,Đà Nẵng,"Java, Sql, Kotlin"
Principal Frontend Engineer,"MONEY FORWARD VIETNAM CO.,LTD",ITViec,Frontend Developer,Hồ Chí Minh,"Typescript, Docker, Javascript, Agile, Aws, React, Html/Css, Java, Html, Css"
Senior NodeJS Developer,Laidon Group,ITViec,Backend Developer,Hồ Chí Minh,"Typescript, Javascript, Aws, React, Agile"
Backend Engineer,NAVER VIETNAM,ITViec,Backend Engineer,Hồ Chí Minh,Java
MLops Engineer,Trusting Social,ITViec,MLops Engineer,Hồ Chí Minh,"Docker, Javascript, C++, Python, Java"
Database Architect,RAON World Solution Pte. Ltd.,ITViec,Database Engineer,Hồ Chí Minh,"Aws, Sql"
Backend Developer,Công ty Cổ phần BDS PRO,ITViec,Backend Developer,Hà Nội,"Docker, Node.Js, Aws, React, Golang, Java, Swift"
C++ Developer,ARIS Vietnam,ITViec,C++ Developer,Hồ Chí Minh,C++
Android Developer,Ingenico Vietnam,ITViec,Mobile Developer,Hà Nội,"Java, Kotlin"
Network Security,CÔNG TY CỔ PHẦN CHỨNG KHOÁN VPS,ITViec,Network Security,Hà Nội,"Aws, Not Specified"
Senior iOS Developer,MAPLE LABS,ITViec,Mobile Developer,Hồ Chí Minh,Swift
Ruby on Rails Developer,CÔNG TY CỔ PHẦN DƯỢC PHẨM BEWELLPHARMA,ITViec,Ruby on Rails Developer,Hồ Chí Minh,"Docker, Sql, Ruby"
Technical Project Manager,Sunbytes,ITViec,Technical Project Manager,Hồ Chí Minh,Agile
Senior Product Designer,Reforged Labs,ITViec,Not Specified,Hồ Chí Minh,
Middle/Senior Python Developer,MenuCoster,ITViec,Backend Developer,Hà Nội,"Agile, Python"
Technical Project Manager,CUBICSTACK SOLUTIONS,ITViec,Technical Project Manager,Hồ Chí Minh,"Docker, Aws, Agile"
Senior iOS Native Engineer,"ANDPAD VietNam Co., Ltd",ITViec,Mobile Developer,Hồ Chí Minh,"Aws, Dart, Swift"
.NET/C# developers,Fitech,ITViec,Software Engineer,Hà Nội,"C#, Sql"
Embedded Software Engineer,Samsung Electronics HCMC CE Complex,ITViec,Embedded Engineer,Hồ Chí Minh,"C++, C"
Fresher/Jr. IT Support/System Admin,Vietnix,ITViec,IT Support,Hồ Chí Minh,"Php, Bash, Sql, Python"
Senior Mobile Engineer,Be Group,ITViec,Mobile Developer,Hồ Chí Minh,"Java, Agile, Dart"
Mobile Developer,VIETCAP SECURITIES JOINT STOCK COMPANY,ITViec,Mobile Developer,Hồ Chí Minh,"React, Typescript, Javascript, Agile"
Senior Golang Developer,SGH Asia Ltd.,ITViec,Backend Developer,Hồ Chí Minh,"Sql, Javascript, Golang, Html, Css"
Software Development Engineer,Beyondsoft Technology (Vietnam) Company Limited,ITViec,Software Developer,Hồ Chí Minh,"Javascript, C#, Sql"
Mid/Senior Backend Developer,"Local Life Technology Ltd.,",ITViec,Backend Developer,Đà Nẵng,"Docker, Aws, Typescript, Sql"
[English] Software Customer Support Specialist,Laidon Group,ITViec,Other IT Role,Hồ Chí Minh,
,WATA TECH,ITViec,Backend Developer,Hồ Chí Minh,"Java, Javascript, Docker, Css"
Principal Software Engineer,LeapXpert,ITViec,Software Engineer,Hồ Chí Minh,"Kotlin, React, Java, Agile, Swift"
QA Manager,NAB Innovation Centre Vietnam,ITViec,QA Manager,Hồ Chí Minh,"Docker, Javascript, Aws, Python, Java, Agile"
VIC - Backend Developer,Viettel Group,ITViec,Backend Developer,Hà Nội,"Aws, Nodejs, Java, Php, Agile"
Senior / Expert Data Engineer,Zuhlke Engineering Vietnam,ITViec,Data Engineer,Hồ Chí Minh,"Sql, Docker, Aws, Python, Java, Agile"
QC Engineer,Designveloper (DSV),ITViec,QA Engineer,Hồ Chí Minh,"Aws, Agile, Javascript"
Mobile Engineer,Hubble Pte. Ltd,ITViec,Mobile Developer,Hồ Chí Minh,"React, Javascript"
Junior Frontend Developer,Công ty Cổ phần 540hz Media,ITViec,Frontend Developer,Hà Nội,"Typescript, Javascript, React, Html/Css, Html, Css"
Senior QA Engineer,Ingenico Vietnam,ITViec,QA Engineer,Hà Nội,"Agile, Not Specified"
Mobile Developer,HDBank,ITViec,Mobile Developer,Hồ Chí Minh,"Java, Xcode, Javascript, React"
Platform Manager,DatVietVAC,ITViec,Platform Manager,Hồ Chí Minh,"Docker, Aws, Not Specified"
Middle/Senior Quality Control Officer,MB Ageas Life,ITViec,QA Engineer,Hà Nội,"Agile, Sql"
"Kĩ sư an toàn bảo mật, an toàn thông tin",PCB - Vietnam Credit Information,ITViec,Cybersecurity Specialist,Hà Nội,Aws
Senior Manual QA,YOONG,ITViec,QA Engineer,Hồ Chí Minh,Agile
IT Team Leader,"Thuy Anh Technology CO., LTD",ITViec,IT Team Leader,Hồ Chí Minh,"Typescript, Sql, Javascript, Html/Css, Java, Html, Css"
VTS - Kỹ Sư Giải Pháp Nghiệp Vụ,Viettel Group,ITViec,Business Analyst,Hà Nội,
ReactJS Developer,CÔNG TY TNHH DỊCH VỤ GIÁ TRỊ GIA TĂNG GOLDENGATE,ITViec,Frontend Developer,Hà Nội,"React, Html, Javascript, Css"
Kỹ sư CNTT,SMARTECH,ITViec,Other IT Role,Hà Nội,
Chuyên viên An ninh bảo mật CNTT,VRB,ITViec,Cybersecurity Specialist,Hà Nội,
Full Stack Developer,Opla CRM,ITViec,Full-stack Developer,Hồ Chí Minh,"Aws, Golang, React, Javascript"
Junior Network Engineer,Saigon Technology,ITViec,Network Engineer,Đà Nẵng,"Aws, Agile, Not Specified"
Solution Architect,MB Bank,ITViec,Solution Architect,Hà Nội,"Go, React, Python, Java, Agile"
Senior Fullstack NodeJS Developer,Saigon Technology,ITViec,Full-stack Developer,Hồ Chí Minh,"Typescript, Docker, Javascript, Aws, Agile"
Senior AI Engineer,Blue Belt Technology,ITViec,AI Engineer,Hà Nội,"Docker, Aws, Python"
Middle/Senior Back End Developer,Persol Career Tech Studio Vietnam,ITViec,Backend Developer,Hồ Chí Minh,"Sql, Aws, React, Java, Php, Agile"
Senior Technical Solutions Manager,HSC,ITViec,Technical Lead,Hồ Chí Minh,"Docker, Aws, Agile, Not Specified"
AI & Workflow Automation Engineer,Công ty TNHH Digital Marketing và E-commerce PioneerX,ITViec,AI Engineer,Hà Nội,"Docker, Javascript, Python"
Team Leader Back-End Developer,CÔNG TY TNHH GIẢI PHÁP CÔNG NGHỆ PT SOLUTIONS,ITViec,Team Leader Back-End Developer,Hồ Chí Minh,"Golang, Html, Sql"
Senior DevOps/Data Engineer,Panasonic Vietnam Group – Panasonic R&D Center Vietnam (PRDCV),ITViec,DevOps Engineer,Hà Nội,"C#, .Net, Sql"
Lead Frontend Developer,One Mount Group,ITViec,Frontend Developer,Hà Nội,"Css3, Html5, Typescript, Javascript, React, Agile, Css"
[Hà Nội] Thiết kế và phát triển ERP,Taixin Printing Vina,ITViec,Software Engineer,Hà Nội,"C#, Sql"
Sr Frontend Software Engineer,Sungrove Tech Vietnam,ITViec,Frontend Developer,Hồ Chí Minh,Typescript
QA QC Contractor - 4 months,FuelCloud,ITViec,QA Engineer,Hồ Chí Minh,
Software Developer,Y Tế Phương Đông,ITViec,Software Developer,Hà Nội,"Php, Javascript"
Project Director Assistant,IT Consultis,ITViec,Project Manager,Hồ Chí Minh,"Javascript, Agile, React, Html/Css, Java, Html, Swift, Css"
[HN/ HCM] Data Analyst,CTY TNHH TRUYỀN THÔNG SKYMEDIA,ITViec,Data Analyst,Hà Nội,
Backend Developer,Công ty TNHH GKBEAUTY,ITViec,Backend Developer,Hồ Chí Minh,"Typescript, Docker, Javascript, Aws, Java, Php"
Bridge Engineer,FAVOLIST5 ASIA,ITViec,Bridge Engineer,Hồ Chí Minh,"Typescript, Docker, Javascript, Aws, Agile"
Project Manager,Liberty Technology,ITViec,IT Project Manager,Hồ Chí Minh,Agile
IT Product Architect,Công ty Cổ phần Giao thông số Việt Nam VDTC,ITViec,IT Product Architect,Hà Nội,
URGENT - [Remote] Ruby on Rails Developer,CÔNG TY TNHH VNIT SOLUTION,ITViec,Backend Developer,Hồ Chí Minh,"Docker, Sql, Ruby"
Server Game Developer,Công ty TNHH Marketing Metas Group,ITViec,Game Developer,Hà Nội,"C#, .Net, Sql"
Mid. Full Stack Developer,Silentium Vietnam,ITViec,Full-stack Developer,Hồ Chí Minh,"Typescript, Javascript, React, Java, Swift"
QA Automation Engineer,Aperia Solutions Vietnam Co Ltd,ITViec,QA Engineer,Hồ Chí Minh,"Typescript, Agile"
Senior Angular Developer,Saigon Technology,ITViec,Frontend Developer,Hồ Chí Minh,"Typescript, Javascript, Agile, Aws, Html, Css"
Chuyên viên Quản trị CSDL- Database Administrator,MB Bank,ITViec,Database Administrator,Hà Nội,Sql
Senior Data Engineer,MODEC,ITViec,Data Engineer,Hồ Chí Minh,"Docker, Agile, Sql, Python"
Mobile Developer,CÔNG TY CỔ PHẦN CÔNG NGHỆ INVIV CLOUD,ITViec,Mobile Developer,Hà Nội,"Objective-C, Javascript, Kotlin, React, Agile, Dart, Swift"
Junior/Middle Business Analyst,Công ty cổ phần mỹ phẩm quốc tế Thùy Dung (TDIC),ITViec,Business Analyst,Hà Nội,Agile
AI Engineer,VPBank,ITViec,AI Engineer,Hà Nội,"Aws, Python"
,GFT Technologies Vietnam,ITViec,Backend Developer,Hồ Chí Minh,Go
iOS Developer,090 BRAVO,ITViec,Mobile Developer,Đà Nẵng,Swift
[Da Nang & HCM] QA/QC Engineer,Laidon Group,ITViec,QA Engineer,Đà Nẵng,Agile
Chuyên Viên ERP,Công ty TNHH Cleandye Việt Nam,ITViec,ERP Specialist,Hồ Chí Minh,"Sql, English"
IT MIS Executive,Anne Hill International School,ITViec,MIS Executive,Hồ Chí Minh,Not Specified
DevOps Engineer,Saigon Technology,ITViec,DevOps Engineer,Hồ Chí Minh,"Docker, Aws, Bash, Powershell, Agile"
Bridge Engineer,Persol Career Tech Studio Vietnam,ITViec,Bridge Engineer,Hồ Chí Minh,
[Women Leadership in Tech] Embedded Engineering Manager,Bosch Global Software Technologies Company Limited,ITViec,Embedded Engineering Manager,Hồ Chí Minh,"Agile, Not Specified"
Data Engineering,HDBank,ITViec,Data Engineer,Hồ Chí Minh,"Aws, Sql, Python"
SENIOR FLUTTER Developer,PosApp,ITViec,Mobile Developer,Hồ Chí Minh,Dart
[HN/ HCM] Fullstack Developer,CTY TNHH TRUYỀN THÔNG SKYMEDIA,ITViec,Fullstack Developer,Hà Nội,"Javascript, React, Html/Css, Php, Html, Css"
Technical Architect,Crossian,ITViec,Technical Architect,Hà Nội,"Aws, React, Agile, Javascript"
Application Integration Engineer,CESA Vietnam (part of CEVA Logistic),ITViec,Application Integration Engineer,Hồ Chí Minh,"Java, Aws, Agile"
Chuyên viên Quản trị ứng dụng - Application Management,MB Bank,ITViec,Other IT Role,Hà Nội,"Unix, Linux, Oracle"
Frontend Engineer,Fastboy Marketing,ITViec,Frontend Developer,Hồ Chí Minh,"React, Agile, Javascript, Css"
IT Engineer,BIGL Việt Nam,ITViec,IT Engineer,Not Specified,Agile
Senior Java Software Engineer,Pizza Hut Digital & Technology,ITViec,Software Engineer,Hồ Chí Minh,"Sql, Javascript, Aws, Java, Agile"
Oracle Developer,MB Bank,ITViec,Database Engineer,Hà Nội,"Java, Sql"
Data Engineering Lead - Up to 30 Months' Annual Salary,Crossian,ITViec,Data Engineer,Hà Nội,"Sql, Aws, Python, Java, Agile"
QA/QC Engineer,Floware,ITViec,QA Engineer,Hồ Chí Minh,Not Specified
Quality Control Mobile Apps Tester,BEWAO CORPORATION,ITViec,QA Engineer,Hồ Chí Minh,"React, Typescript, Javascript"
Unreal Engine Artist,CÔNG TY TNHH VLAST VIỆT NAM,ITViec,Other IT Role,Hồ Chí Minh,
Senior Full-Stack Developer,Decathlon Việt Nam,ITViec,Full-stack Developer,Hồ Chí Minh,"Java, Agile, Javascript"
QA Manager - Exp in Back Office/Human Resource projects,"MONEY FORWARD VIETNAM CO.,LTD",ITViec,QA Manager,Hồ Chí Minh,Agile
Senior Java Backend Developer,Galaxy Technology Services,ITViec,Backend Developer,Hồ Chí Minh,"Java, Docker"
Senior Search Engineer,Be Group,ITViec,Search Engineer,Hồ Chí Minh,"Java, Python"
Manual Tester,ATOMI DIGITAL,ITViec,QA Engineer,Hà Nội,"Agile, Sql"
Tech Lead,Liberty Technology,ITViec,Tech Lead,Hồ Chí Minh,"Javascript, Aws, React, Python, Java, Agile"
[HN/Hybrid] Junior Full-stack Developer,"TMZ CO.,LTD",ITViec,Full-stack Developer,Hà Nội,"Golang, Aws, Javascript"
Junior/Fresh Candidates-VPBankTechnologyHackathon2025,VPBank,ITViec,Other IT Role,Hà Nội,Aws
Junior/Senior/Expert Java Developer,Techcombank,ITViec,Java Developer,Hà Nội,"Java, Aws, Agile, Sql"
Software Developer,Công ty Cổ phần Giải pháp và Công nghệ Giáo dục CyberUni,ITViec,Software Developer,Hà Nội,"Php, Sql, React"
Software Engineer,Công ty Cổ phần dịch vụ hàng hóa hàng không Việt Nam (ACSV),ITViec,Software Engineer,Hà Nội,"Java, C#, Sql"
QA QC Engineer - Functional & AI Tester,"Synergie Global, LLC",ITViec,QA Engineer,Hồ Chí Minh,
Data Engineer,CÔNG TY CỔ PHẦN CHỨNG KHOÁN KAFI,ITViec,Data Engineer,Hồ Chí Minh,"C++, Aws, Go, Python, Java"
Software Developer,CÔNG TY CỔ PHẦN CỘNG ĐỒNG SỐNG HẠNH PHÚC,ITViec,Software Developer,Hồ Chí Minh,"Php, Typescript, Javascript, Python"
Data Operator/Senior IT Operator,VPBank,ITViec,Other IT Role,Hà Nội,"Sql, Aws, Python, Java, Pl/Sql"
Fullstack Engineer,FAVOLIST5 ASIA,ITViec,Fullstack Developer,Hồ Chí Minh,"Typescript, Sql, Docker, Javascript, Aws, Python, Agile"
Golang/GCP Server Side Engineer,Persol Career Tech Studio Vietnam,ITViec,Backend Developer,Hồ Chí Minh,"Sql, Docker, Node.Js, Python, Golang"
Golang/GCP Server Side Lead Engineer,Persol Career Tech Studio Vietnam,ITViec,Backend Developer,Hồ Chí Minh,"Golang, Typescript, Sql, Docker"
Fullstack Mobile Dev,Digital Unicorn,ITViec,Fullstack Developer,Đà Nẵng,"React, Typescript, Javascript"
Senior Java Developer/ Java Tech Lead,Collaboration Betters The World (CBTW),ITViec,Java Tech Lead,Hồ Chí Minh,"Java, Javascript"
System Engineer,Teko Vietnam,ITViec,System Engineer,Hà Nội,
Senior Product Prompt Engineer,TymeX,ITViec,Product Prompt Engineer,Hồ Chí Minh,"Java, Aws, Agile, Python"
QA Tester,Proteus Viet Nam,ITViec,QA Engineer,Hồ Chí Minh,Python
Middle Full-Stack Developer,Aperia Solutions Vietnam Co Ltd,ITViec,Full-stack Developer,Hồ Chí Minh,"Sql, Javascript, Agile, React, C#"
Business Analyst,CHT Lab,ITViec,Business Analyst,Hà Nội,Not Specified
Backend Developer,CÔNG TY CỔ PHẦN CÔNG NGHỆ BETASOFT,ITViec,Backend Developer,Hà Nội,"Golang, Javascript, Docker"
Mobile Developer,Công ty CP Công nghệ Tài chính FinHub,ITViec,Mobile Developer,Hà Nội,"Aws, React, Agile, Javascript"
Java Developer,Techcom Securities,ITViec,Java Developer,Hà Nội,"Sql, Docker, Go, Python, Java, Agile"
Java Technical Leader - Global Market,VMO Holdings,ITViec,Technical Leader,Hà Nội,"Java, Docker"
Java Kotlin Dev,DGW Asia,ITViec,Software Engineer,Đà Nẵng,"Sql, Javascript, Kotlin, Aws, Java, Agile"
Backend Developer,DACO,ITViec,Backend Developer,Hà Nội,"C#, Sql"
,Fullerton Health,ITViec,Backend Developer,Hồ Chí Minh,"Typescript, Javascript, Sql"
"Senior Software Engineer, Fullstack",Grab (Vietnam) Ltd.,ITViec,Software Engineer,Hồ Chí Minh,"Sql, Vue.Js, Docker, Javascript, Agile, Aws, Nodejs, Html, Css"
Middle/Senior MLOps Engineer - Generative AI,Infinity Technologies Global,ITViec,MLOps Engineer,Hà Nội,"Docker, Python"
Senior Odoo ERP Consultant,Novobi,ITViec,ERP Consultant,Hồ Chí Minh,
Full Stack Developer,TecAlliance Vietnam,ITViec,Full-stack Developer,Hồ Chí Minh,"Aws, React, Python"
Frontend Developer,mgm technology partners Vietnam,ITViec,Frontend Developer,Đà Nẵng,"Javascript, Agile, Html/Css, Html, Css"
Server Engineer,Chiroro-Net Viet,ITViec,Server Engineer,Hồ Chí Minh,Linux
Senior UI/UX Designer,DOL English,ITViec,Other IT Role,Hồ Chí Minh,
Middle/Senior Fullstack Engineer,VINBIGDATA,ITViec,Fullstack Developer,Hà Nội,"Javascript, Aws, React, Python, Nodejs, Golang, Agile"
Frontend Engineer,LINE Vietnam,ITViec,Frontend Developer,Hồ Chí Minh,"Typescript, Javascript, React, Html, Css"
Junior IT Support,Mirei,ITViec,IT Support,Hồ Chí Minh,"Php, Sql, Python"
Senior Embedded Software Engineer - Salary up to $3000,FPT Software,ITViec,Embedded Engineer,Hà Nội,C
Middle/Senior Backend Engineer,VINBIGDATA,ITViec,Backend Developer,Hà Nội,"Docker, Aws, Go, Python"
Senior/ Middle AI Engineer,One Mount Group,ITViec,AI Engineer,Hà Nội,"Aws, Sql, Python"
Java/Kotlin Engineer,"MONEY FORWARD VIETNAM CO.,LTD",ITViec,Backend Developer,Hồ Chí Minh,"Sql, Docker, Kotlin, Aws, Java, Agile"
UI-UX Web Designer,Boxgate,ITViec,UI-UX Web Designer,Hồ Chí Minh,"Html, Css"
Android Developer,CÔNG TY CỔ PHẦN CÔNG NGHỆ BETASOFT,ITViec,Android Developer,Hà Nội,"Java, Kotlin"
QA Engineer,Hubble Pte. Ltd,ITViec,QA Engineer,Hồ Chí Minh,Java
Lead AI Consultant,NFQ Asia,ITViec,AI Consultant,Hồ Chí Minh,Python
Backend Developer,Circle,ITViec,Backend Developer,Hồ Chí Minh,"Sql, Docker, Node.Js, Aws, Go, Python, Java"
Fullstack Product Engineer,Tocco,ITViec,Fullstack Developer,Not Specified,"Typescript, React"
Senior SRE / DevOps Engineer,NAB Innovation Centre Vietnam,ITViec,DevOps Engineer,Hồ Chí Minh,"Docker, Aws, Agile, Python"
Business Analyst,YouthDev,ITViec,Business Analyst,Hồ Chí Minh,Agile
Software Developer,Công ty Cổ phần Dịch vụ Chữ ký số Intrust,ITViec,Software Developer,Hà Nội,"Java, Php"
Product Manager,Nexsoft Technology,ITViec,Product Manager,Hồ Chí Minh,
ERP Developer,ILA Viet Nam,ITViec,ERP Developer,Hồ Chí Minh,"Php, C#, Sql, Python"
Project Manager,GFT Technologies Vietnam,ITViec,IT Project Manager,Hồ Chí Minh,"Aws, Agile, Not Specified"
Project Manager - Up to $4000,FPT Software,ITViec,IT Project Manager,Hà Nội,
Senior Backend,CIT Group,ITViec,Backend Developer,Hồ Chí Minh,"Aws, Docker, Php, Javascript"
Mid/Sr Automation Test,Floware,ITViec,QA Engineer,Hồ Chí Minh,"Java, Python"
AI Engineer,Viettel Software Services (A Member of Viettel Group),ITViec,AI Engineer,Hà Nội,"Docker, Sql, Python"
Frontend Developer,GLOHOW,ITViec,Frontend Developer,Hồ Chí Minh,"Docker, Javascript, Agile, React, Html"
Project Manager,GLOHOW,ITViec,Project Manager,Hồ Chí Minh,
Software QC Engineer,PAL TECH,ITViec,Software Engineer,Hồ Chí Minh,Java
Project Manager,Suoi Tien Theme Park Official,ITViec,IT Project Manager,Hồ Chí Minh,Agile
[Sign-on bonus] Senior Backend Developer,Floware,ITViec,Backend Developer,Hồ Chí Minh,Javascript
Business Analyst,Windify,ITViec,Business Analyst,Đà Nẵng,
Senior Web Developer,"rakumo Co., Ltd",ITViec,Web Developer,Hồ Chí Minh,"Javascript, Aws, React, Python, Java, Php"
Middle QC Engineer,"Gearment Co.,Ltd",ITViec,QA Engineer,Hồ Chí Minh,
Junior Front-End Developer,Công ty Cổ phần Devitech,ITViec,Frontend Developer,Hồ Chí Minh,"Html, Javascript, Html/Css, Css"
Mid/Senior Backend Engineer,GLOHOW,ITViec,Backend Developer,Hồ Chí Minh,"Java, Agile, Docker"
[Healthcare] Senior Java Developer,FPT Software,ITViec,Backend Developer,Hà Nội,"Java, Sql"
Software Development Manager,The Rep. Office of STYL Solutions Pte. Ltd. In HCMC,ITViec,Software Development Manager,Hồ Chí Minh,"Javascript, C++, Python, Java, Agile"
Business Analyst Manager / BA Manager - Upto $5000,Blue Belt Technology,ITViec,Business Analyst,Hà Nội,"Agile, Sql"
Senior Product Designer,S3 Innovate,ITViec,Not Specified,Hồ Chí Minh,"Html, Javascript, Css"
Python Technical Leader,GFT Technologies Vietnam,ITViec,Technical Lead,Hồ Chí Minh,"Agile, Python"
Co-founder kiêm Tech Lead,MINU Pte. Ltd,ITViec,Tech Lead,Hà Nội,"React, Javascript"
Automation Test,Bosch Global Software Technologies Company Limited,ITViec,Automation Test,Hồ Chí Minh,Java
Sr Frontend Developer,PAVE,ITViec,Frontend Developer,Hồ Chí Minh,"Javascript, React, Html/Css, Html, Css"
Project Manager,VHV,ITViec,IT Project Manager,Hà Nội,
Senior Frontend Developer,Simpson Strong-Tie Vietnam,ITViec,Frontend Developer,Hồ Chí Minh,"Typescript, Javascript, Agile, React, Html, Css"
Mid/Senior Business Analyst,Fullerton Health,ITViec,Business Analyst,Hồ Chí Minh,Agile
Java Developer,HDI TECH,ITViec,Java Developer,Hà Nội,"Java, Agile, Docker"
Senior AI/NLP Engineer,DNSE,ITViec,AI Engineer,Hà Nội,Python
Senior FullStack Dev,Automation Consulting Pty Ltd,ITViec,Full-stack Developer,Not Specified,"Typescript, Docker, Javascript, Aws, React"
Backend Programmer,CÔNG TY TNHH BPO INFINITY INNOVATIONS GROUP,ITViec,Backend Developer,Hồ Chí Minh,"Sql, Docker, Python, Java, Php"
Business Analyst,Parcel Perform,ITViec,Business Analyst,Hồ Chí Minh,
Senior/Lead Java Dev,LeapXpert,ITViec,Backend Developer,Hồ Chí Minh,"Java, Aws, Agile, Sql"
Junior .NET Developer,SGH Asia Ltd.,ITViec,Backend Developer,Hồ Chí Minh,"Sql, Docker, Javascript, React, C#"
Middle DevOps Engineer,FireGroup,ITViec,DevOps Engineer,Hồ Chí Minh,"Docker, Aws, Bash, Python"
QA QC Engineer,HDI TECH,ITViec,QA Engineer,Hà Nội,Agile
Sr Business Analyst,F88,ITViec,Business Analyst,Hà Nội,Agile
Blockchain Wallet Engineer,Công Ty TNHH Stack Tech,ITViec,Blockchain Engineer,Hồ Chí Minh,"Java, Golang"
DevOps Engineer,CUBICSTACK SOLUTIONS,ITViec,DevOps Engineer,Hồ Chí Minh,"Docker, Aws, Python"
Fullstack Developer,K&M Holdings,ITViec,Fullstack Developer,Hà Nội,"Sql, Docker, Node.Js, Go, React, Java, C#"
Automation/Manual Tester & Business Analyst,K&M Holdings,ITViec,Automation/Manual Tester & Business Analyst,Hà Nội,"Java, Agile, Javascript, Python"
Fullstack  Developers,SEN VÀNG VIỆT NAM,ITViec,Full-stack Developer,Hồ Chí Minh,"Sql, Html, Javascript, Agile, React, Vb.Net, C#, Css"
Senior Java Developer,Unifiedpost,ITViec,Backend Developer,Hồ Chí Minh,"Java, Agile, Docker"
Senior ERP Business Analyst,SSI Securities Corporation,ITViec,Business Analyst,Hà Nội,
Business Analyst,VHV,ITViec,Business Analyst,Hà Nội,Php
Mid/Senior QC Engineer,Orient Software Development Corp.,ITViec,QA Engineer,Hồ Chí Minh,"C#, Javascript, Agile, Sql"
Tester,HONGTHAI Technical,ITViec,QA Engineer,Hồ Chí Minh,
Senior Java API Developer,Restaff – House Of Norway,ITViec,Backend Developer,Hồ Chí Minh,"Java, Aws, Agile, Docker"
Senior Java Engineer,Liberty Insurance Limited,ITViec,Software Engineer,Hồ Chí Minh,"Java, Aws, Sql"
Fresher/ Junior Security Engineer,MiTek Viet Nam,ITViec,Cybersecurity Specialist,Hồ Chí Minh,Python
Project Coordinator,Convert Digital,ITViec,Project Manager,Hà Nội,
Full-stack Developer,Panasonic Vietnam Group – Panasonic R&D Center Vietnam (PRDCV),ITViec,Full-stack Developer,Hà Nội,"Sql, Docker, Javascript, Aws, Python, Html, Css"
Fullstack Developer,Zodiac Software,ITViec,Fullstack Developer,Not Specified,"Docker, Agile, Python, Html/Css, Java, Php, Html, Css"
Senior Product Executive,M_Service (MoMo),ITViec,Product Executive,Hồ Chí Minh,
Sr. Java Backend Developer,Accenture,ITViec,Backend Developer,Hồ Chí Minh,"Java, Aws, Sql, Docker"
Senior AI Developer,"ARSEN Kawaijuku Tech Vietnam Co.,Ltd",ITViec,AI Engineer,Hồ Chí Minh,"Aws, Python"
Java Developer,Ngân hàng TNHH MTV Việt Nam Hiện Đại (MBV),ITViec,Java Developer,Hà Nội,"Java, Aws, Sql, Docker"
Senior Backend Developer,Công ty Cổ phần Devitech,ITViec,Backend Developer,Hồ Chí Minh,"Javascript, Html/Css, Php, Html, Css"
Business Analyst,CÔNG TY TNHH BPO INFINITY INNOVATIONS GROUP,ITViec,Business Analyst,Hồ Chí Minh,Agile
Jr/Sr Software Frontend,GLOBALTECH,ITViec,Frontend Developer,Hồ Chí Minh,"Typescript, React, Html/Css, Css"
System Engineer,DatVietVAC,ITViec,System Engineer,Hồ Chí Minh,"Javascript, Agile, Aws, Go, Python, Php, Shell Script"
Junior Fullstack Developer,Reputyze Asia,ITViec,Full-stack Developer,Hồ Chí Minh,"Javascript, Html/Css, Php, Html, Css"
Data Analyst,Parcel Perform,ITViec,Data Analyst,Hồ Chí Minh,"Sql, Python"
Business Analyst - Up to $3000,FPT Software,ITViec,Business Analyst,Hà Nội,Agile
Fullstack Developer,Asilla,ITViec,Fullstack Developer,Hà Nội,"Docker, Aws, Python, Html, Css"
PHP Software Engineer,Rakus Vietnam Company,ITViec,Software Engineer,Hồ Chí Minh,"Javascript, Html/Css, Php, Html, Css"
ERP Support,Seven System Vietnam,ITViec,Business Analyst,Hồ Chí Minh,"Docker, Agile"
Senior Golang Developer,Sellnity,ITViec,Backend Developer,Đà Nẵng,"Sql, Docker, Aws, Python, Java, Golang"
Junior/Middle Web Developers,Nanosoft,ITViec,Backend Developer,Hà Nội,"C#, Javascript, Html, Css"
Senior Fullstack Developer,CÔNG TY CỔ PHẦN THIẾT KẾ BLATTSTUDIOS,ITViec,Full-stack Developer,Hà Nội,"Typescript, Docker, Javascript, Node.Js, Aws, React, Python, Css"
Data Scientist,Deliveree On-Demand Logistics,ITViec,Data Scientist,Hồ Chí Minh,"Sql, Python"
Senior/Lead Software Engineer,M_Service (MoMo),ITViec,Software Engineer,Hồ Chí Minh,"Java, Aws, Python, Kotlin"
VIC - Mobile Developer,Viettel Group,ITViec,Mobile Developer,Hà Nội,"Java, React, Dart, Swift"
Mid/Senior Fullstack .NET Engineer,Orient Software Development Corp.,ITViec,Full-stack Developer,Hà Nội,"Typescript, Sql, Agile, Aws, React, C#"
Business Analyst,Trustify Technology,ITViec,Business Analyst,Hồ Chí Minh,
"Senior Associate, AI-Powered Product Analysis and Ops",Renn Labs,ITViec,Product Analyst,Hồ Chí Minh,"React, Agile, Sql"
QA Manager,VNGGames,ITViec,QA Manager,Hồ Chí Minh,"Agile, Not Specified"
Software Engineer Intern,ZALORA Group,LinkedIn,Software Engineer,Hồ Chí Minh,"Aws, Agile, Sql"
Backend Engineer Intern,FireGroup Technology,LinkedIn,Backend Developer Intern,Hồ Chí Minh,"Php, Javascript"
FRESHER JAVA DEVELOPER,TPS Software,LinkedIn,Fresher Java Developer,Hồ Chí Minh,Java
UI Frontend Engineer,NAVER VIETNAM,LinkedIn,Frontend Developer,Hồ Chí Minh,"Html, Javascript, Html/Css, Css"
Software Development Intern,WebMD Health Services,LinkedIn,Software Development Intern,Hồ Chí Minh,"Docker, Javascript, Agile, Aws, React, Java, Php, C#, Ruby"
Software Engineer Intern - Frontend,ShopBack,LinkedIn,Frontend Developer,Hồ Chí Minh,"React, Html, Javascript, Css"
Junior Frontend,TGM Research,LinkedIn,Frontend Developer,Hồ Chí Minh,"Javascript, Agile, React, Html, Css"
Software Engineer Intern,Rakuna,LinkedIn,Software Engineer,Hà Nội,"C++, Go, Python, Java, Ruby"
NAB WeCamp Training Program,NAB Innovation Centre Vietnam,LinkedIn,Not Specified,Hồ Chí Minh,Javascript
Software Development Intern,ĐÚNG NGƯỜI ĐÚNG VIỆC Community,LinkedIn,Software Development Intern,Hồ Chí Minh,"Sql, Javascript, React, Python, Java"
Thực tập sinh AI Engineer,Sapo Technology JSC,LinkedIn,AI Engineer,Hà Nội,"C++, Python, Java"
Java Developer,DXC Technology Vietnam,LinkedIn,Java Developer,Hồ Chí Minh,"Java, Agile, Sql"
STEM Internship,targetjobs UK,LinkedIn,Other IT Role,Hồ Chí Minh,Agile
CodeByte's Summer Accelerator 2025,Codebyte,LinkedIn,Other IT Role,Not Specified,
HCM – Junior Front-end Developer,Vexere.com - Vietnam's largest online bus ticketing platform,LinkedIn,Frontend Developer,Hồ Chí Minh,"Docker, Javascript, Agile, React, Html, Css"
"Intern, Data Engineer",Grab,LinkedIn,Data Engineer,Hồ Chí Minh,"Aws, Scala, Sql, Python"
Intern / Fresher,Sun* Vietnam,LinkedIn,Intern,Hà Nội,
AI/GenAI Internship,Hitachi Digital Services,LinkedIn,AI Engineer,Hồ Chí Minh,"Aws, Agile, Python"
MB Trainee - BackEnd Engineer,MBBank,LinkedIn,Backend Developer,Hà Nội,"Java, Sql, Docker"
"[HCM, Regional Craftland] Cộng tác viên Game Developer",Garena,LinkedIn,Game Developer,Hồ Chí Minh,"Lua, Javascript, Python"
THỰC TẬP SINH PYTHON CHO NGÀNH XÂY DỰNG,Cemcons,LinkedIn,Other IT Role,Not Specified,Python
Software Developer,Azeus Systems Limited,LinkedIn,Software Developer,Hồ Chí Minh,Java
"Intern, Data Engineer",Grab Financial Group,LinkedIn,Data Engineer,Hồ Chí Minh,"Aws, Scala, Sql, Python"
Student Web Developer,Ignify,LinkedIn,Web Developer,Hà Nội,"Php, Javascript"
Thực tập sinh PHP,VNP Group,LinkedIn,Intern,Hà Nội,"Php, Html, Css"
Software Engineer Intern,ZALORA Group,LinkedIn,Software Engineer,Hồ Chí Minh,"Aws, Agile, Sql"
Software Engineer Intern - QA,ShopBack,LinkedIn,Software Engineer Intern,Hồ Chí Minh,
Data Engineer Intern,Schaeffler,LinkedIn,Data Engineer Intern,Not Specified,"Sql, Python"
Backend Developer Intern,ĐÚNG NGƯỜI ĐÚNG VIỆC Community,LinkedIn,Backend Developer,Hồ Chí Minh,"Sql, Docker, Python, Nodejs, Java"
Coders - AI Training [Remote],Braintrust,LinkedIn,Other IT Role,Hồ Chí Minh,"Typescript, Verilog, Javascript, C++, Go, Python, Java, C#, Swift"
Frontend Engineer - HCM,TechX Corp.,LinkedIn,Frontend Developer,Hồ Chí Minh,"React, Html, Javascript, Css"
UI Frontend Engineer,NAVER VIETNAM,LinkedIn,Frontend Developer,Hồ Chí Minh,"Html, Javascript, Css"
Software Engineer,Hubble.Build,LinkedIn,Backend Developer,Hồ Chí Minh,"Go, Ruby"
[Bình Dương] Giáo viên coding,Logiscool Vietnam,LinkedIn,Other IT Role,Bình Dương,"C++, Python"
DevOps Engineer Intern,KNOREX,LinkedIn,DevOps Engineer,Hồ Chí Minh,Aws
Thực tập sinh Blockchain Developer,"FTECH CO., LTD",LinkedIn,Blockchain Developer,Hà Nội,"Go, Javascript, Rust"
ServiceNow Fresher,DXC Technology Vietnam,LinkedIn,Not Specified,Hồ Chí Minh,Javascript
Intern Backend Dev,ISB Vietnam Company (IVC),LinkedIn,Backend Developer,Hồ Chí Minh,"Java, Python, C++"
FrontEnd Developer,QT-Data,LinkedIn,Frontend Developer,Not Specified,Python
[HCM] Junior Java Developer,WAO,LinkedIn,Java Developer,Hồ Chí Minh,"Java, Sql"
Intern C#,Kaopiz,LinkedIn,Intern C#,Hà Nội,C#
Thực tập/Học việc Lập trình viên .Net Core & Oracle,FPT Securities JSC (FPTS),LinkedIn,Backend Developer,Hà Nội,C#
Thực tập sinh PHP,Tigren,LinkedIn,Other IT Role,Hà Nội,"Php, Html"
Junior Webmaster Intern,TRG International,LinkedIn,Other IT Role,Hồ Chí Minh,"Html, Javascript, Css"
Binance Accelerator Program - Frontend Developer,Binance,LinkedIn,Frontend Developer,Hồ Chí Minh,"React, Html, Javascript, Css"
Quality Control Fresher / Junior,Kegmil,LinkedIn,Quality Assurance Engineer,Hồ Chí Minh,"Typescript, Javascript"
Intern,V-Key - Stronger with V-OS,LinkedIn,Other IT Role,Hồ Chí Minh,"Docker, Not Specified"
Java Back-End Engineer,Relia Software - Reliable Software Development Company,LinkedIn,Backend Developer,Hồ Chí Minh,Java
Saga Vietnam Hackathon 2025,VBI Academy,LinkedIn,Not Specified,Not Specified,
ReactJS Developer,Saigon Technology - Accelerate Software Development,LinkedIn,Frontend Developer,Đà Nẵng,"Aws, Agile, Javascript"
Frontend Software Engineer,Upskills,LinkedIn,Frontend Developer,Hồ Chí Minh,"React, Javascript"
Software Engineer Intern - QA,ShopBack,LinkedIn,Software Engineer,Hồ Chí Minh,
[HN] JUNIOR DEVELOPER,TEKY ACADEMY,LinkedIn,Developer,Hà Nội,"Php, Python, Ruby"
Ruby on Rails Intern,Golden Owl Solutions,LinkedIn,Not Specified,Hồ Chí Minh,"Html, Sql, Ruby, Css"
AI/GenAI Internship,Hitachi Consulting ( formerly Information Management Group),LinkedIn,AI Engineer,Hồ Chí Minh,"Aws, Agile, Python"
Fresh Game Designer,Sun Studio,LinkedIn,Game Developer,Hồ Chí Minh,
Mobile Developer Intern,ĐÚNG NGƯỜI ĐÚNG VIỆC Community,LinkedIn,Mobile Developer,Hồ Chí Minh,"Java, Dart, Swift, Kotlin"
Junior Frontend Engineer,NAVER VIETNAM,LinkedIn,Frontend Developer,Hồ Chí Minh,"Docker, Javascript"
Software Engineer,Hubble.Build,LinkedIn,Frontend Developer,Hồ Chí Minh,Javascript
Swift Coders - AI Training [Remote],Braintrust,LinkedIn,Other IT Role,Not Specified,"Typescript, Javascript, C++, Go, Python, Java, C#, Swift"
Consumer Operation System Intern,ShopBack,LinkedIn,Other IT Role,Hồ Chí Minh,
Web App Developer,Samsung Electronics HCMC CE Complex,LinkedIn,Web App Developer,Hồ Chí Minh,"Typescript, Javascript, Html/Css, Css"
Frontend Engineer,Moatable,LinkedIn,Frontend Developer,Hồ Chí Minh,"Typescript, Javascript, React, Python, Html/Css, Html, Css"
HCM – Junior Fullstack Developer,Vexere.com - Vietnam's largest online bus ticketing platform,LinkedIn,Fullstack Developer,Hồ Chí Minh,"Docker, React, Typescript, Javascript"
WordPress Developer Internship,TRG International,LinkedIn,Other IT Role,Hồ Chí Minh,"Php, Html, Css"
React Js Developer,Dayone Technologies,LinkedIn,Frontend Developer,Hồ Chí Minh,"Javascript, Agile, React, Html, Css"
Kỹ sư Phát triển Front-end,Viettel High Tech,LinkedIn,Frontend Developer,Hà Nội,"Html, Javascript, Html/Css, Css"
Thực tập sinh Dotnet,Công Ty TNHH Một Thành Viên Công Nghệ Và Truyền Thông 3i,LinkedIn,Other IT Role,Hà Nội,C#
Developer cho website/ứng dụng,CT,LinkedIn,Developer,Hồ Chí Minh,Javascript
Auslandspraktikum in der Softwareentwicklung im Bauwesen,GSI Software,LinkedIn,Other IT Role,Hồ Chí Minh,
Java Developer,GSOFT,LinkedIn,Backend Developer,Hồ Chí Minh,"Sql, Javascript, Java, Html, Css"
Junior Developer,SCC,LinkedIn,Junior Developer,Hồ Chí Minh,"Java, Agile, Javascript, Python"
Software Engineer,Keyloop,LinkedIn,Software Engineer,Not Specified,"Javascript, Agile, Aws, React, Php, Html, Css"
Java Software Engineer,ADI Vietnam,LinkedIn,Backend Developer,Hồ Chí Minh,"Java, Html, Docker"
Java Developer Junior,NMS,LinkedIn,Java Developer,Hà Nội,"Java, Sql, Docker"
MB Trainee - AI Engineer,MBBank,LinkedIn,AI Engineer,Hà Nội,"Docker, C/C++, Python"
Full Stack Engineer,Formo,LinkedIn,Full-stack Developer,Hồ Chí Minh,"Typescript, Javascript, Sql"
[HN] JUNIOR DEVELOPER,TEKY ACADEMY,LinkedIn,Junior Developer,Hà Nội,"Php, Python, Ruby"
Junior Frontend Engineer,NAVER VIETNAM,LinkedIn,Frontend Developer,Hồ Chí Minh,"Typescript, Docker, Javascript, Html/Css, Html, Css"
Nhân viên Tester tiếng Anh,Công Ty Cổ Phần Trung Tín,LinkedIn,QA Engineer,Hồ Chí Minh,
Java Developer,ĐÚNG NGƯỜI ĐÚNG VIỆC Community,LinkedIn,Java Developer,Hồ Chí Minh,Java
Coders - AI Training [Remote],Braintrust,LinkedIn,AI Engineer,Not Specified,"Typescript, Javascript, C++, Go, Python, Java, C#, Swift"
[HÀ NỘI] THỰC TẬP SINH/CỘNG TÁC VIÊN TESTER,TEKY ACADEMY,LinkedIn,Tester,Hà Nội,Sql
TUYỂN DỤNG LẬP TRÌNH PHP,VCCORP,LinkedIn,Backend Developer,Hà Nội,Php
Cloud Engineer Intern,Noventiq Vietnam,LinkedIn,Cloud Engineer,Hà Nội,Not Specified
Tuyển lập trình viên Java tháng 4-2018,NMS,LinkedIn,Backend Developer,Hà Nội,"Java, Php, Javascript"
Software Engineer,Hubble.Build,LinkedIn,Software Engineer,Hồ Chí Minh,"React, Javascript"
HN - Junior Frontend Developer,Fetch Technology Vietnam,LinkedIn,Frontend Developer,Hà Nội,"React, Typescript, Javascript, Css"
Thực tập sinh Web,Savvycom - Software Product Development,LinkedIn,Web/Mobile Intern,Hà Nội,"C++, Python, Java, Php, C#, Ruby"
Java Developer ~ $2500,Stringee Vietnam,LinkedIn,Backend Developer,Hà Nội,"Java, Docker"
Middle Java Developer,UNIT Technology Corporation,LinkedIn,Backend Developer,Hồ Chí Minh,"Sql, Javascript, React, Java, Agile"
Frontend Engineer,WorldQuant,LinkedIn,Frontend Developer,Hồ Chí Minh,"Typescript, Sql, Javascript, React, Python, Html/Css, Html, Css"
Frontend Developer,Relia Software - Reliable Software Development Company,LinkedIn,Frontend Developer,Not Specified,"Javascript, React, Html/Css, Html, Css"
Software Engineer,SCC,LinkedIn,Software Engineer,Hồ Chí Minh,"Java, Agile, Javascript, Python"
Software Engineer,Intrepid Asia,LinkedIn,Software Engineer,Hồ Chí Minh,"Java, Aws, Sql"
Java Web Developer,MOR Software JSC,LinkedIn,Java Developer,Hà Nội,"Java, Aws, Docker"
Java Software Engineer,MTA Solutions VN,LinkedIn,Backend Developer,Hồ Chí Minh,"Java, Docker"
Giảng Viên Khoá Học AI For Work,MindX Technology School,LinkedIn,Not Specified,Hà Nội,Not Specified
Java Developer,Aperia,LinkedIn,Backend Developer,Hồ Chí Minh,"Sql, Javascript, Agile, Aws, React, Python, Java, Html, Css"
FULLSTACK DEVELOPER EXECUTIVE,Shondo,LinkedIn,Full-stack Developer,Hồ Chí Minh,"Html5, Sql, Javascript, Python, Java, Php, Html, Css"
Junior Developer,SOCOTEC,LinkedIn,Junior Developer,Hà Nội,"Sql, Javascript, Xml"
Java Developer,CMC Global Company Limited.,LinkedIn,Java Developer,Hà Nội,"Java, Agile"
Fresher Business Development,PowerGate Group,LinkedIn,Business Analyst,Hà Nội,"Agile, Not Specified"
Junior Frontend Engineer,NAVER VIETNAM,LinkedIn,Frontend Developer,Hồ Chí Minh,"Typescript, Docker, Javascript, Html, Css"
Fresher Mobile,"KMS Technology, Inc.",LinkedIn,Mobile Developer,Hồ Chí Minh,"React, Javascript"
HCM – Junior Back-end Developer,Vexere.com - Vietnam's largest online bus ticketing platform,LinkedIn,Backend Developer,Hồ Chí Minh,"Docker, Agile, Node.Js"
Kỹ sư Phát triển phần mềm,Viettel High Tech,LinkedIn,Software Engineer,Hà Nội,"Sql, C, Javascript, C++, React, Java, Golang"
[LTS] Thực tập sinh Training Automation-Manual Tester,LTS Group,LinkedIn,Intern Tester,Hà Nội,
Data Engineer Intern,ActiveFence,LinkedIn,Data Engineer Intern,Hà Nội,"Aws, Python"
Fullstack Software Engineer,"ELSA, Corp",LinkedIn,Full-stack Developer,Hồ Chí Minh,"Aws, Javascript, Python"
AI Engineer,ĐÚNG NGƯỜI ĐÚNG VIỆC Community,LinkedIn,AI Engineer,Hà Nội,"Docker, C/C++, Python"
Software Engineer,Hubble.Build,LinkedIn,Software Engineer,Hồ Chí Minh,Javascript
Frontend Developer,NMS,LinkedIn,Frontend Developer,Hà Nội,"Docker, Javascript, Python, Html, Css"
Front End Developers - AI Training [Remote],Braintrust,LinkedIn,Frontend Developer,Not Specified,"Javascript, C++, Go, Python, Java, C#, Swift"
Node JS Developer,Dayone Technologies,LinkedIn,Backend Developer,Hồ Chí Minh,"Docker, Aws, Javascript"
Java Software Engineer,CMC Global Company Limited.,LinkedIn,Software Engineer,Hồ Chí Minh,"Java, Sql, Docker, Css"
Lập trình viên.NET,Công ty Cổ phần Truyền thông IRIS,LinkedIn,Backend Developer,Hà Nội,C#
Java Engineer,ELCA Vietnam,LinkedIn,Java Engineer,Hồ Chí Minh,"Sql, Docker, Javascript, Agile, Java, Html, Css"
Python Developer,Relia Software - Reliable Software Development Company,LinkedIn,Backend Developer,Not Specified,"Aws, Typescript, Python"
HN - Junior Reactjs/ Junior Nodejs - 800$,Fetch Technology Vietnam,LinkedIn,Frontend Developer,Hà Nội,"Typescript, Sql, Docker, Javascript, React, Css"
Java Engineer,Tenomad Company,LinkedIn,Java Engineer,Not Specified,"Java, Aws"
Java Developer,AMELA Technology,LinkedIn,Java Developer,Hà Nội,"Java, Aws, Sql"
Junior/Middle Frontend Developer,Zalopay,LinkedIn,Frontend Developer,Hồ Chí Minh,"Typescript, Javascript, React, Agile, Css"
Developer,Endava,LinkedIn,Developer,Hồ Chí Minh,"Java, Agile, Sql, Kotlin"
Java Developer,Kegmil,LinkedIn,Java Developer,Hồ Chí Minh,"Java, Agile, Python"
Java Developer,SQREEM Technologies,LinkedIn,Java Developer,Hồ Chí Minh,"Java, Html, Javascript, Css"
[HN_Hybrid]_Java Engineer,Sun* Vietnam,LinkedIn,Java Engineer,Hà Nội,"Docker, Javascript, Agile, Aws, Java, Html, Css"
Game UI/UX Designer,Amanotes,LinkedIn,Game Developer,Hồ Chí Minh,
Java Developer,ADI' Client,LinkedIn,Backend Developer,Hồ Chí Minh,"Java, Javascript, Docker, Css"
Fresher Mobile,"KMS Technology, Inc.",LinkedIn,Mobile Developer,Hồ Chí Minh,"React, Javascript"
"Junior Android Engineer - Hybrid working model 100%, Ho Chi Minh City",SMG Vietnam,LinkedIn,Mobile Developer,Hồ Chí Minh,"Java, Agile, Kotlin"
Frontend Engineer,Moatable,LinkedIn,Frontend Developer,Hồ Chí Minh,"Typescript, Javascript, React, Python, Html, Css"
Tuyển dụng vị trí lập trình viên,NMS,LinkedIn,Software Engineer,Hà Nội,"Sql, Angularjs, Nodejs, Java, Php"
Junior Android Developer,Apero Technologies Group,LinkedIn,Mobile Developer,Đà Nẵng,"Java, Agile, Kotlin"
[HN] Software Engineer,Base Careers,LinkedIn,Software Engineer,Hà Nội,"Php, Javascript"
Low-Code Developer,ĐÚNG NGƯỜI ĐÚNG VIỆC Community,LinkedIn,Low-Code Developer,Hồ Chí Minh,"Html, Javascript, Sql, Css"
Automation Software Engineer,MiTek Vietnam,LinkedIn,Automation Software Engineer,Hồ Chí Minh,"Html, Docker, Javascript, Agile, Python, C#"
C/C++ Developer,LOTTE Innovate Viet Nam,LinkedIn,C/C++ Developer,Hà Nội,"C++, Javascript, C, Java"
Chuyên viên Vận Hành Hệ Thống Core Chứng Khoán,Mirae Asset Securities (Vietnam),LinkedIn,Other IT Role,Hồ Chí Minh,"Java, C++"
Software Engineer,WorldQuant,LinkedIn,Software Engineer,Hồ Chí Minh,Python
Fullstack Developer,CMC Global Company Limited.,LinkedIn,Fullstack Developer,Đà Nẵng,"Java, Agile, Javascript"
[Hà Nội] Fullstack,Kaopiz,LinkedIn,Fullstack Developer,Hà Nội,"Aws, Java, React, Javascript"
Junior Backend Developer,Fetch Technology Vietnam,LinkedIn,Backend Developer,Hà Nội,"Docker, Typescript, Node.Js, Sql"
"Intern, Engineering and Technology",Coherent Corp.,LinkedIn,Other IT Role,Not Specified,
Java Software Engineer,EV Search's Fintech Partner,LinkedIn,Software Engineer,Hồ Chí Minh,"Java, Sql"
Pioneer Talent Program - Frontend Engineer,Binance,LinkedIn,Frontend Developer,Hồ Chí Minh,"React, Javascript"
Frontend Engineer,NAVER VIETNAM,LinkedIn,Frontend Developer,Hồ Chí Minh,Javascript
Full Stack Software Engineer,OptiSigns Inc.,LinkedIn,Full-stack Developer,Hồ Chí Minh,"React, Typescript, Javascript"
[MEP team] Game Designer,Amanotes,LinkedIn,Game Developer,Hồ Chí Minh,Agile
Chuyên viên chính Trí tuệ nhân tạo,Viettel High Tech,LinkedIn,AI Engineer,Hà Nội,"C++, Python, Java"
BrSE,RIVERCRANE VIETNAM,LinkedIn,IT Project Manager,Hồ Chí Minh,"Java, Php"
Frontend developer,MealSuite,LinkedIn,Frontend Developer,Hồ Chí Minh,"Typescript, Javascript, React, Html/Css, Html, Css"
Java Developer,Murex,LinkedIn,Java Developer,Hồ Chí Minh,"Java, Agile"
Software Engineer,Copado,LinkedIn,Software Engineer,Hồ Chí Minh,"Aws, Java, React, Javascript"
Software Engineer - Frontend,ShopBack,LinkedIn,Frontend Developer,Hồ Chí Minh,"Html, Javascript, Typescript, Css"
"Junior Android Engineer - Hybrid working model 100%, Ho Chi Minh City",SMG Vietnam,LinkedIn,Junior Android Engineer,Hồ Chí Minh,"Java, Agile, Kotlin"
Lập Trình Viên PHP 7~15 triệu,Hoà Bình House,LinkedIn,Backend Developer,Hồ Chí Minh,Php
MMORPG Game Developer,Nexon Networks Vina,LinkedIn,Game Developer,Hồ Chí Minh,
Associate Java Engineer,ELCA Vietnam,LinkedIn,Java Engineer,Hồ Chí Minh,"Javascript, Agile, Java, Html, Css"
Binance Accelerator Program - Backend Engineer,Binance,LinkedIn,Backend Engineer,Hồ Chí Minh,"Go, Python"
C++ Graphics Programmer,TechChup Vietnam,LinkedIn,C++ Graphics Programmer,Hồ Chí Minh,C++
"Kỹ sư CNTT: PHP/JAVA Developer, IT phần cứng mạng",NMS,LinkedIn,Backend Developer,Hà Nội,"Php, Sql"
Chuyên viên Lập Trình PHP,Công Ty Cổ Phần Truyền Thông VMG,LinkedIn,Backend Developer,Hà Nội,Php
Java Software Engineer,Viettel Digital,LinkedIn,Software Engineer,Hà Nội,"Java, Sql"
Java Developer,EL4 - Software Studio,LinkedIn,Java Developer,Hồ Chí Minh,"Java, Aws, Sql"
Lập Trình Viên Fullstack Developer,ĐÚNG NGƯỜI ĐÚNG VIỆC Community,LinkedIn,Full-stack Developer,Hồ Chí Minh,"Sql, Javascript, React, Python, Php, Css"
Nhân viên kỹ thuật,Khách sạn Sầm Sơn,LinkedIn,Other IT Role,Hồ Chí Minh,
Java Developer,Axon Active - Agile Software Development Company,LinkedIn,Java Developer,Can Tho,"Java, Agile"
Software Engineer,VNG Corporation,LinkedIn,Backend Developer,Hồ Chí Minh,"Sql, Docker, Go, Java, Agile"
Bridge Software Engineer up to $3000,CO-WELL Asia,LinkedIn,Bridge Software Engineer,Hà Nội,"Aws, React, Javascript"
Full Stack AI and Web Developer,East Agile,LinkedIn,Full-stack Developer,Hồ Chí Minh,"Javascript, Agile, Python, Html, Ruby, Css"
Junior/Middle Flutter Developer ~1000$,Braly Joint Stock Company,LinkedIn,Mobile Developer,Hà Nội,"Java, Dart, Swift"
Junior QC Engineer,LOGIX TECHNOLOGY,LinkedIn,QA Engineer,Hồ Chí Minh,"Sql, Javascript, Agile, Html/Css, Html, Css"
Frontend Engineer,CODE LEAP,LinkedIn,Frontend Developer,Hồ Chí Minh,"Typescript, Javascript, Aws, React, Agile"
Software Engineer,Caladan,LinkedIn,Software Engineer,Hồ Chí Minh,"Agile, C++, Python, Java, C#"
Frontend Developer,HCLTech Vietnam,LinkedIn,Frontend Developer,Hồ Chí Minh,"Aws, Typescript, Javascript, Agile"
Thực Tập Triển Khai Phần Mềm,VnResource,LinkedIn,Other IT Role,Hà Nội,
Software Engineer,Hubble.Build,LinkedIn,Software Engineer,Hồ Chí Minh,"Golang, Ruby"
Staff/Principal Web Engineer,Cake by VPBank - Digital Bank,LinkedIn,Frontend Developer,Hồ Chí Minh,"Typescript, Javascript"
Fullstack Developer,VNDIRECT Securities Corporation,LinkedIn,Fullstack Developer,Hà Nội,"Sql, Javascript, React, Java, Agile"
Blockchain Front-End Developer,Beincom,LinkedIn,Frontend Developer,Hồ Chí Minh,"React, Html, Typescript, Css"
Lập Trình Viên PHP 7~15 triệu,Hoà Bình House,LinkedIn,Backend Developer,Hồ Chí Minh,Php
DevOps Engineer Intern,KMS Healthcare,LinkedIn,DevOps Engineer Intern,Đà Nẵng,"Agile, Not Specified"
Cộng tác viên Kiểm thử chất lượng/Tester,VinBigdata,LinkedIn,QA Engineer,Hà Nội,Agile
Junior/Mid Fullstack Engineer,SMG Vietnam,LinkedIn,Fullstack Developer,Hồ Chí Minh,"Typescript, Javascript, Aws, React, Agile"
Frontend Engineer,Moatable,LinkedIn,Frontend Developer,Hồ Chí Minh,"Javascript, Aws, React, Html/Css, Html, Css"
Software engineer - F/M/X,Mantu,LinkedIn,Software Engineer,Hồ Chí Minh,"C#, Agile"
Lập trình viên JAVA,NMS,LinkedIn,Backend Developer,Hà Nội,Java
Java Software Engineer,Clevai Edtech Group,LinkedIn,Java Software Engineer,Hồ Chí Minh,"React, Python, Java, Php, Agile"
【教育事業】フロントエンドエンジニア,ドワンゴ,LinkedIn,Frontend Developer,Hồ Chí Minh,"React, Html, Javascript, Css"
Next JS Programmer,Straits Financial Group,LinkedIn,Frontend Developer,Hồ Chí Minh,"Html5, Javascript, Python, Css"
Java Software Engineer,CMC Global Careers,LinkedIn,Backend Developer,Hà Nội,"Java, Agile"
Lập Trình Viên,Công ty Cổ phần Viễn thông 3G,LinkedIn,Software Engineer,Hà Nội,"Php, .Net"
Pioneer Talent Program - Smart Contract Security Engineer,Binance,LinkedIn,Smart Contract Security Engineer,Hồ Chí Minh,"Go, Solidity"
Kỹ Sư Phát Triển BackEnd - Java Backend Developer,MBBank,LinkedIn,Backend Developer,Hà Nội,"Java, Sql, Docker"
Web App Developer,Samsung Southeast Asia & Oceania,LinkedIn,Web App Developer,Hồ Chí Minh,"Html5, Typescript, Javascript, Css"
Kỹ sư chính Phát triển phần mềm,Viettel High Tech,LinkedIn,Software Engineer,Hà Nội,Not Specified
Frontend Developer,ĐÚNG NGƯỜI ĐÚNG VIỆC Community,LinkedIn,Frontend Developer,Hồ Chí Minh,"Typescript, Javascript, Agile"
Leader Fullstack Software Engineer,WALA-ICT,LinkedIn,Full-stack Developer,Hồ Chí Minh,"Typescript, Sql, Javascript, Agile, React, Java, Html, Css"
Frontend Developer,Shuffle Up,LinkedIn,Frontend Developer,Not Specified,
SENIOR FRONT-END ENGINEER,Orient Software Development Corp.,LinkedIn,Frontend Developer,Hồ Chí Minh,"Typescript, React"
Client Engineer Intern,IBM,LinkedIn,Other IT Role,Hồ Chí Minh,
Pre Post Solution Sales Engineer -Product: Access Security Control: Face Recognition/Turntile/Lift Control,HiDeComp,LinkedIn,Other IT Role,Hồ Chí Minh,
Backend Engineer,NAVER VIETNAM,LinkedIn,Backend Developer,Hồ Chí Minh,"Java, React, Javascript, Kotlin"
Java Backend Developer,GlobeHire,LinkedIn,Backend Developer,Hồ Chí Minh,"Sql, Docker, Javascript, Agile, Aws, Java, Html, Css"
Java Backend,Viettel Post,LinkedIn,Backend Developer,Hà Nội,Java
Associate Software Engineer,OPSWAT,LinkedIn,Software Engineer,Hồ Chí Minh,"Docker, C++, C#, Python"
DevOps Engineer Intern,KMS Healthcare,LinkedIn,DevOps Engineer,Đà Nẵng,"Agile, Not Specified"
Junior/Mid Fullstack Engineer,SMG Vietnam,LinkedIn,Full-stack Developer,Hồ Chí Minh,"Typescript, Javascript, Aws, React, Agile"
Full Stack Developer,VIETSWISS,LinkedIn,Full-stack Developer,Hồ Chí Minh,
Frontend Engineer,Moatable,LinkedIn,Frontend Developer,Hồ Chí Minh,"Javascript, Aws, React, Html, Css"
Software Engineer,NAGAKAWA,LinkedIn,Software Engineer,Hà Nội,"Java, Python"
"Senior Full-stack Developer, Zvideo",Zalo,LinkedIn,Full-stack Developer,Hồ Chí Minh,"Sql, Javascript, React, Java, Html, Css"
Frontend Engineer,Trucker Path,LinkedIn,Frontend Developer,Not Specified,"Typescript, Javascript, React, Html/Css, Html, Css"
Backend Engineer,Trusting Social,LinkedIn,Backend Developer,Hồ Chí Minh,"Sql, Node.Js, Go, React, Python, Java, C#"
IT Developer,Casper Vietnam,LinkedIn,Software Engineer,Hà Nội,"Aws, Typescript, Javascript, Sql"
Java Backend/Fullstack-OS,TTC Technology Solutions,LinkedIn,Backend Developer,Hà Nội,"Java, Agile, Sql, Docker"
Software Engineer,Binance,LinkedIn,Software Engineer,Hồ Chí Minh,"Java, Python"
Python Microservices Engineer,UAB Coded,LinkedIn,Backend Developer,Not Specified,"Docker, Html, Javascript, Python"
FULL STACK REACT DEVELOPER,ĐÚNG NGƯỜI ĐÚNG VIỆC Community,LinkedIn,Full-stack Developer,Hồ Chí Minh,"Typescript, Docker, Javascript, Aws, Html, Css"
Backend Engineer,NAVER VIETNAM,LinkedIn,Backend Developer,Hồ Chí Minh,Java
Lập trình viên IT,Công ty Cổ phần Viễn thông 3G,LinkedIn,Software Engineer,Hà Nội,"Java, Javascript, Python, Sql"
Java Software Engineer,Oursoucing for Bank,LinkedIn,Software Engineer,Hà Nội,"Java, Aws, Agile, Sql"
Full Stack Developer,Aperia,LinkedIn,Full Stack Developer,Hồ Chí Minh,".Net, Sql, Javascript, React, Agile"
Odoo/Python developers,Trobz,LinkedIn,Odoo Developer,Hồ Chí Minh,"Agile, Python"
Software Developers,Netcompany,LinkedIn,Software Developer,Hồ Chí Minh,"Sql, Javascript, React, Java, Agile"
Kỹ Sư Cầu Nối BrSE,BAP IT JSC,LinkedIn,BrSE,Hồ Chí Minh,Japanese
Intern Security Engineer,AvePoint,LinkedIn,Intern Security Engineer,Hà Nội,"Javascript, Aws, Python, Java, C#"
Shopify Frontend Developer,Lovepop,LinkedIn,Frontend Developer,Hồ Chí Minh,"Javascript, React, Html/Css, Html, Css"
Software Engineer,NFQ,LinkedIn,Software Engineer,Đà Nẵng,"Javascript, React, Php, Html, Css"
Java Developer,AMELA Careers,LinkedIn,Java Developer,Hà Nội,"Java, Aws, Sql"
System/ Network/AV Engineer up to 30M,Infosys Việt Nam,LinkedIn,System/Network Engineer,Hà Nội,Not Specified
Senior .Net Fullstack Engineer,LOGIX TECHNOLOGY,LinkedIn,Full-stack Developer,Hồ Chí Minh,"Typescript, Sql, Docker, Javascript, Agile, Aws, Html/Css, C#, Css"
Junior/Mid Fullstack Engineer,SMG Vietnam,LinkedIn,Fullstack Developer,Hồ Chí Minh,"Typescript, Javascript, Aws, React, Agile"
LẬP TRÌNH VIÊN PHP,vietnam,LinkedIn,Backend Developer,Hồ Chí Minh,Php
Binance Accelerator Program - Android Engineer,Binance,LinkedIn,Mobile Developer,Hồ Chí Minh,"Java, React, Kotlin"
Nhân Viên Triển Khai Phần Mềm – Khu Vực Miền Nam,Vexere.com - Vietnam's largest online bus ticketing platform,LinkedIn,Software Implementation Staff,Hồ Chí Minh,
[HCM] QC Engineer,Ahamove,LinkedIn,QA Engineer,Hồ Chí Minh,Not Specified
Manual Tester,ekino Vietnam,LinkedIn,QA Engineer,Hồ Chí Minh,Html
[iKame Apps] Backend Developer,iKame Global,LinkedIn,Backend Developer,Hà Nội,"Docker, Aws, Javascript"
Japanese jobs at FPT Software Vietnam & Japan,FPT Corporation,LinkedIn,Business Analyst,Not Specified,Aws
Frontend Engineer,Trucker Path,LinkedIn,Frontend Developer,Not Specified,"Typescript, Javascript, React, Html/Css, Html, Css"
Embedded Software Engineer,Hitachi Digital Services,LinkedIn,Embedded Engineer,Hồ Chí Minh,"C++, Agile, C"
Game Developer,ĐÚNG NGƯỜI ĐÚNG VIỆC Community,LinkedIn,Game Developer,Hà Nội,"Lua, C++, Java, Agile, Swift"
Human resource staff,Công Ty TNHH BBQ Việt Nam,LinkedIn,Other IT Role,Hồ Chí Minh,Java
React Developer,Evizi,LinkedIn,Frontend Developer,Đà Nẵng,"React, Typescript, Javascript, Css"
Junior AI Software Developer,AvePoint,LinkedIn,AI Engineer,Đà Nẵng,"Sql, Html, Javascript, C#, Css"
Frontend Engineer,NAVER VIETNAM,LinkedIn,Frontend Developer,Hồ Chí Minh,"React, Javascript, Html/Css"
Java Developer,TECHVIFY Careers,LinkedIn,Java Developer,Hà Nội,"Sql, Docker, Aws, React, Java, Agile"
Junior/Middle Software Engineer,MATCHDAY,LinkedIn,Software Engineer,Hà Nội,"Kotlin, Aws, React, Python, Java"
Back End Developer,Home Credit Vietnam,LinkedIn,Backend Developer,Hồ Chí Minh,"Java, Agile, Docker"
Junior AI Engineer,VTI,LinkedIn,AI Engineer,Hà Nội,"Java, Aws, Python, C++"
Senior Frontend Developer,LOGIX TECHNOLOGY,LinkedIn,Frontend Developer,Hồ Chí Minh,"Typescript, Javascript, React, Agile, Css"
Nhân viên triển khai phần mềm,Công Ty Cổ Phần Công Nghệ Nanosoft,LinkedIn,Software Engineer,Hà Nội,
Senior Frontend Engineer,"Money Forward Vietnam Co., Ltd",LinkedIn,Frontend Developer,Hồ Chí Minh,"Javascript, Agile, React, Html, Css"
"Technical Developer, Soft Goods",Stanley 1913,LinkedIn,Other IT Role,Hồ Chí Minh,
CHUYÊN VIÊN CAO CẤP LẬP TRÌNH,Vietcap Securities,LinkedIn,Software Engineer,Hồ Chí Minh,"Java, Aws, Agile, Docker"
Middle/ Senior Software Engineer,SHBFinance,LinkedIn,Software Engineer,Hà Nội,"Sql, Docker, Javascript, Aws, Html/Css, Java, Php, Html, Css"
Software Engineer II- Android,ZALORA Group,LinkedIn,Mobile Developer,Hồ Chí Minh,"Java, Kotlin"
LẬP TRÌNH VIÊN PHP,vietnam,LinkedIn,Backend Developer,Hồ Chí Minh,Php
Junior Android Engineer - Hybrid working model 100%,SMG Vietnam,LinkedIn,Mobile Developer,Hồ Chí Minh,"Java, Agile, Kotlin"
[Ha Noi] Software Engineer,Global Zeus Vina,LinkedIn,Software Engineer,Hà Nội,"C++, C#"
REACT NATIVE DEVELOPER,Nam Long Software Ltd,LinkedIn,Mobile Developer,Hồ Chí Minh,"React, Javascript"
Java Developer,CMC Telecom,LinkedIn,Java Developer,Hà Nội,"Java, Aws, Javascript, Sql"
Java Backend Developer,Viettel AI,LinkedIn,Backend Developer,Hà Nội,"Java, Sql, Python"
[iKame Apps] Manual Tester,iKame Global,LinkedIn,QA Engineer,Hà Nội,
Tester,NMS,LinkedIn,QA Engineer,Hà Nội,"Agile, Sql"
NodeJS Developer,HBLAB Joint Stock Company,LinkedIn,Backend Developer,Hà Nội,"Typescript, Javascript"
Pioneer Talent Program - Java Engineer,Binance,LinkedIn,Java Engineer,Hồ Chí Minh,"Java, Aws"
Full Stack Java Developer,mesoneer,LinkedIn,Full-stack Developer,Hồ Chí Minh,"Java, Aws, Agile"
Java Software Engineer,Vinova,LinkedIn,Java Software Engineer,Hà Nội,"Java, Sql"
BrSE,CMC Global Company Limited.,LinkedIn,BrSE (Japan),Not Specified,"C++, Aws, Java, Php, C#"
Principal Software Engineer,Sunbytes,LinkedIn,Principal Software Engineer,Hồ Chí Minh,"Docker, Aws, React, Python"
Tuyển dụng Nhân Viên Python Automation Developer,ĐÚNG NGƯỜI ĐÚNG VIỆC Community,LinkedIn,Python Automation Developer,Hà Nội,"Html, Python, Css"
[Hybrid] Software QA Engineer,Findicia,LinkedIn,QA Engineer,Hồ Chí Minh,
BrSE,Kaopiz Holdings,LinkedIn,BrSE,Hà Nội,"Node.Js, Python, Java, Php, C#, Ruby"
Structural Engineer,Haskoning,LinkedIn,Other IT Role,Hồ Chí Minh,Not Specified
Java Developer,Reco Manpower - The leading HR solutions ecosystem in the IT sector,LinkedIn,Java Developer,Hà Nội,"Java, Sql, Docker"
Senior Front End Developer,TD Consulting,LinkedIn,Frontend Developer,Hà Nội,Javascript
Junior Software Developer - Da Nang,AvePoint,LinkedIn,Software Developer,Đà Nẵng,"C#, Javascript, Html/Css"
Backend Engineer,NAVER VIETNAM,LinkedIn,Backend Developer,Hồ Chí Minh,Java
AI Resident,Qualcomm,LinkedIn,AI Engineer,Hà Nội,Python
Java Developer,TransPerfect,LinkedIn,Java Developer,Hà Nội,"Java, Sql, Docker"
Full-Stack Developer,Varmeta,LinkedIn,Full-stack Developer,Hà Nội,"React, Javascript, Php"
BACKEND / FULLSTACK DEVELOPER – MICRO SERVICE SYSTEMS,Bitsness - A.I Automation Agency,LinkedIn,Backend Developer,Hà Nội,"Docker, Node.Js, Python"
"Junior Android Engineer - Hybrid working model 100%, Ho Chi Minh City",SMG Vietnam,LinkedIn,Mobile Developer,Hồ Chí Minh,"Java, Agile, Kotlin"
Lập trình viên PHP,Hệ Thống Học Trực Tuyến VioEdu - Tập Đoàn FPT,LinkedIn,Backend Developer,Hà Nội,Php
Java Software Engineer,DXC Technology Vietnam,LinkedIn,Software Engineer,Hồ Chí Minh,Java
【教育事業】ソフトウェアエンジニア（データサイエンス）,ドワンゴ,LinkedIn,Software Engineer,Hồ Chí Minh,"Sql, Javascript, Aws, Python, Ruby"
LẬP TRÌNH VIÊN,Thẩm Mỹ Viện Đông Á,LinkedIn,Backend Developer,Hồ Chí Minh,"C#, Sql"
Software Engineer II,Global Fashion Group,LinkedIn,Software Engineer,Hồ Chí Minh,"Golang, Php, Agile, Python"
Software Developer,NMS,LinkedIn,Software Developer,Hà Nội,"Java, Sql, Html/Css, Css"
"Kiến trúc sư giải pháp quảng cáo, Bộ phận quảng cáo gTech, khối Khách hàng chiến lược",Google,LinkedIn,Solution Architect,Hồ Chí Minh,"Sql, Javascript, C++, Python, Java, Php"
Node.js Developer,AAG,LinkedIn,Backend Developer,Not Specified,Javascript
Kiểm Thử Phần Mềm - Tester - Erp,TNHH Quản Trị Hồng Lĩnh,LinkedIn,QA Engineer,Hồ Chí Minh,
Chuyên viên cao cấp Phát triển ứng dụng,NOVALAND,LinkedIn,Other IT Role,Hồ Chí Minh,Python
Full Stack Engineer,Công Ty Cổ Phần Icorp,LinkedIn,Full-stack Developer,Hà Nội,"Sql, Javascript, Html/Css, Html, Css"
[ELCOM Hà Nội] Kỹ sư AI,Elcom Corporation,LinkedIn,AI Engineer,Hà Nội,Python
Associate Solution Support Engineer -Business Technology Platform,SAP,LinkedIn,Associate Solution Support Engineer,Hồ Chí Minh,Not Specified
Senior Backend Developer,"HD SAISON Finance Co., Ltd",LinkedIn,Backend Developer,Hồ Chí Minh,"Java, Css"
[HN-Vietnam] Python Engineer - English Fluency,Sun* Inc.,LinkedIn,Backend Developer,Hà Nội,"Docker, React, Python"
Ruby on Rails Developer,CMC Global Company Limited.,LinkedIn,Backend Developer,Hồ Chí Minh,"Sql, Aws, Html, Ruby, Css"
Frontend Engineer - BTS team,Binance,LinkedIn,Frontend Developer,Hồ Chí Minh,"React, Typescript, Javascript, Sql"
Full-Stack Developer,ĐÚNG NGƯỜI ĐÚNG VIỆC Community,LinkedIn,Full-stack Developer,Hồ Chí Minh,"Typescript, Javascript, Aws, React, Agile"
Intern QA Engineer - Da Nang,AvePoint,LinkedIn,QA Engineer,Đà Nẵng,Agile
Full Stack Engineer,Reco Manpower - The leading HR solutions ecosystem in the IT sector,LinkedIn,Full-stack Developer,Hồ Chí Minh,"React, Typescript, Javascript"
QA Engineer,Talent JDI,LinkedIn,QA Engineer,Hồ Chí Minh,Agile
Nodejs Developer,Everfit.io,LinkedIn,Backend Developer,Đà Nẵng,"Docker, Aws, Agile, Javascript"
JavaScript Developer for Training AI Data,G2i Inc.,LinkedIn,Frontend Developer,Not Specified,"React, Javascript"
,Sun* Vietnam,LinkedIn,Full-stack Developer,Hà Nội,"Typescript, React, Css"
Middle Java Developer,VTI,LinkedIn,Java Developer,Hà Nội,"Java, Aws, Agile"
Lập trình viên PHP,Hệ Thống Học Trực Tuyến VioEdu - Tập Đoàn FPT,LinkedIn,Software Engineer,Hà Nội,Php
Thực tập sinh Lập trình python,ĐÚNG NGƯỜI ĐÚNG VIỆC Community,LinkedIn,Other IT Role,Not Specified,Python
Junior System Engineer,SCC Vietnam,LinkedIn,System Engineer,Hồ Chí Minh,
C / C++ Software Engineer  - Salary Up to 2500$ - Hybrid Working,LG Electronics R&D Vietnam,LinkedIn,C/C++ Software Engineer,Đà Nẵng,"C++, Agile, C"
C# Developer,CMC Global Company Limited.,LinkedIn,C# Developer,Hà Nội,C#
"Kiến trúc sư giải pháp quảng cáo, Bộ phận quảng cáo gTech LCS",Google,LinkedIn,Solution Architect,Hồ Chí Minh,"Php, Javascript, Python, Sql"
Chuyên viên lập trình FullStack JavaScript,bTaskee,LinkedIn,Full-stack Developer,Hồ Chí Minh,"Typescript, Docker, Javascript, Html, Css"
Back End Developer,METUB,LinkedIn,Backend Developer,Hà Nội,"Docker, Javascript"
Tester,Long Hưng,LinkedIn,Tester,Hà Nội,"Agile, Sql"
Back End Developer,RBX,LinkedIn,Backend Developer,Hà Nội,"Golang, Docker, Rust"
Generative AI Engineer,Elcom Corporation,LinkedIn,Generative AI Engineer,Hà Nội,Python
Associate System Engineer,VNG Corporation,LinkedIn,Other IT Role,Hà Nội,"Docker, Python"
Middle Full-stack Java Developer,mesoneer,LinkedIn,Full-stack Developer,Hồ Chí Minh,"Java, Aws, Agile"
Senior Java Developer,Qode.World India,LinkedIn,Backend Developer,Hồ Chí Minh,"Sql, Javascript, Aws, React, Java"
QA Tester,Gameloft,LinkedIn,QA Engineer,Hồ Chí Minh,
Frontend Engineer,NAVER VIETNAM,LinkedIn,Frontend Developer,Hà Nội,"Docker, Javascript"
Front-end Developer,ITCompany,LinkedIn,Frontend Developer,Hà Nội,"Typescript, Javascript, Html/Css, Php, Html, Css"
Software Testing Engineer,Swif.ai,LinkedIn,QA Engineer,Not Specified,"Agile, Python"
Java Developer,Reco Manpower - The leading HR solutions ecosystem in the IT sector,LinkedIn,Backend Developer,Hà Nội,"Java, Sql, Docker"
[HCM] Salesforce Developer,"Hybrid Technologies Co., Ltd.",LinkedIn,Salesforce Developer,Hồ Chí Minh,"Apex, Javascript"
QC Engineer,Amaris Consulting,LinkedIn,QC Engineer,Hồ Chí Minh,
"Embedded Software Engineer II,  Cybersecurity",New Eagle,LinkedIn,Embedded Engineer,Hồ Chí Minh,C
Kỹ sư Phát triển Fullstack - Fullstack Developer - Khối Công nghệ thông tin,MBBank,LinkedIn,Fullstack Developer,Hà Nội,"Java, Sql, Docker"
Web3 Frontend Engineer,Orderly,LinkedIn,Frontend Developer,Hồ Chí Minh,"React, Javascript"
Full Stack Developer,Aperia,LinkedIn,Full-stack Developer,Hồ Chí Minh,"Sql, Html, Docker, Javascript, Agile, React, Html/Css, C#, Css"
Temenos Developer,Finative,LinkedIn,Other IT Role,Not Specified,"React, Typescript, Javascript, Agile"
Thực tập sinh Lập trình python,ĐÚNG NGƯỜI ĐÚNG VIỆC Community,LinkedIn,Other IT Role,Hà Nội,Python
IT Developer,Thiện Nhân Hospital,LinkedIn,IT Developer,Đà Nẵng,"Javascript, Node.Js, Python, Html/Css, Php, Html, Css"
Software Developer,SUNJIN VIỆT NAM,LinkedIn,Software Developer,Hồ Chí Minh,"Java, Javascript, Sql"
Junior Game Developer,Gameloft Vietnam,LinkedIn,Game Developer,Hồ Chí Minh,"C#, Javascript"
[LTS] Front End Developer,LTS Group,LinkedIn,Frontend Developer,Hà Nội,"Html, Javascript, Node.Js, Kotlin, Go, Html/Css, Java, C#, Css"
【教育事業】学校プラットフォーム開発フロントエンドエンジニア,ドワンゴ,LinkedIn,Frontend Developer,Hồ Chí Minh,"Typescript, Aws, React, Html/Css, Java, Html, Css"
Java Software Engineer,MOR Software JSC,LinkedIn,Java Software Engineer,Hà Nội,"Java, Aws, Docker"
Backend Developer,Swif.ai,LinkedIn,Backend Developer,Not Specified,"Java, Scala"
HCM – AI Engineer – LLM/NLP,Vexere.com - Vietnam's largest online bus ticketing platform,LinkedIn,AI Engineer,Hồ Chí Minh,"Docker, Python"
Security Engineer - Blue team,VNG Corporation,LinkedIn,Cybersecurity Specialist,Hồ Chí Minh,"Docker, Aws, Not Specified"
Game Designer,CSCMobi Viet Nam,LinkedIn,Game Developer,Hà Nội,
Backend Engineer,Trusting Social,LinkedIn,Backend Developer,Hồ Chí Minh,"Docker, Aws, Go, Java, Agile"
Full Stack Developer,KitesHR,LinkedIn,Full-stack Developer,Hồ Chí Minh,".Net, Sql, Javascript, React, Agile"
Tuyển Nhân Viên ML Engineer,ĐÚNG NGƯỜI ĐÚNG VIỆC Community,LinkedIn,Machine Learning Engineer,Hà Nội,"Docker, Aws, Python"
Software Engineer,The Flex,LinkedIn,Software Engineer,Not Specified,"Aws, React, Javascript, Python"
Senior Java Software Developer,Qode.World Vietnam,LinkedIn,Software Engineer,Hồ Chí Minh,"Sql, Javascript, Aws, React, Java"
Fullstack Developer,SCC Vietnam,LinkedIn,Fullstack Developer,Hồ Chí Minh,"Typescript, Aws, Python, Agile, C#"
Full Stack Engineer,Masan Group,LinkedIn,Full-stack Developer,Hồ Chí Minh,"Typescript, Javascript, Python, Agile"
Senior Front-End Engineer,Flodesk,LinkedIn,Frontend Developer,Đà Nẵng,"React, Html, Javascript, Css"
Full Stack Developer,Nimble,LinkedIn,Full-stack Developer,Đà Nẵng,"Javascript, Go, Php, Agile, Ruby"
Java Developer,Ant International,LinkedIn,Software Engineer,Hồ Chí Minh,"Java, Sql"
Freelance Software Developer,Mindrift,LinkedIn,Software Developer,Hồ Chí Minh,Java
JUNIOR SOFTWARE DEVELOPER,AvePoint,LinkedIn,Software Engineer,Đà Nẵng,"Aws, Sql"
Java Developer,HRS Group,LinkedIn,Java Developer,Hồ Chí Minh,"Java, Agile, Sql"
Java Developer,Viettel Software Career,LinkedIn,Backend Developer,Hà Nội,"Typescript, Docker, Javascript, Agile, React, Java, Html, Css"
Java Developer,Techvify,LinkedIn,Java Developer,Hà Nội,"Java, Agile, Sql"
IT Developer,Thiện Nhân Hospital,LinkedIn,IT Developer,Đà Nẵng,"Javascript, Node.Js, Python, Html/Css, Php, Html, Css"
HN – Nhân Viên Triển Khai Phần Mềm – Khu Vực Miền Bắc,Vexere.com - Vietnam's largest online bus ticketing platform,LinkedIn,Software Implementation,Hà Nội,
【ドワンゴ】エンジニア オープンポジション,ドワンゴ,LinkedIn,Not Specified,Hồ Chí Minh,"Php, Typescript, Javascript, Go, Java, Scala, Ruby"
Back End Developer,VietNam OFFSHORE,LinkedIn,Backend Developer,Not Specified,"Java, Python, Ruby"
Backend Developer,NMS,LinkedIn,Backend Developer,Hà Nội,"Docker, Go, Python, Agile"
Software Engineer,VinAI,LinkedIn,Software Engineer,Hồ Chí Minh,"C++, Agile"
Frontend Developer,CMC Global Company Limited.,LinkedIn,Frontend Developer,Hà Nội,"React, Typescript, Javascript, Agile"
Chuyên viên phát triển chương trình,Hệ Thống Học Trực Tuyến VioEdu - Tập Đoàn FPT,LinkedIn,Other IT Role,Hà Nội,
Backend Engineer,Trusting Social,LinkedIn,Backend Developer,Hồ Chí Minh,"Docker, Aws, Go, Java, Agile"
BrSE,FPT Software,LinkedIn,Bridge Software Engineer,Hồ Chí Minh,"Typescript, Sql, Javascript, Html/Css, Java, Html, Css"
FULLSTACK .NET ENGINEER,Orient Software Development Corp.,LinkedIn,Full-stack Developer,Hồ Chí Minh,"Typescript, Sql, Docker, Javascript, Agile, React, C#"
Data Scientist - AI Agent Development,Binance,LinkedIn,Data Scientist,Hồ Chí Minh,"Aws, Python"
Security Engineer -,MBBank,LinkedIn,Cybersecurity Specialist,Hà Nội,"Java, Bash, Python, Powershell"
Senior .NET Developer,ĐÚNG NGƯỜI ĐÚNG VIỆC Community,LinkedIn,Backend Developer,Hồ Chí Minh,"Sql, Html, Docker, Javascript, C#, Css"
Full stack development,ITGRATE,LinkedIn,Full-stack Developer,Hồ Chí Minh,"Docker, Kotlin, Aws, Java, Swift"
Frontend Developer,HRS Group,LinkedIn,Frontend Developer,Hồ Chí Minh,"Typescript, Javascript, Agile, Aws, React, Html/Css, Html, Css"
Full Stack Engineer,WorldQuant,LinkedIn,Full-stack Developer,Hồ Chí Minh,"Typescript, Sql, Docker, Javascript, React, Python, Html/Css, Html, Css"
Web Developer,Insten Talent Inc.,LinkedIn,Frontend Developer,Hồ Chí Minh,"Sql, Javascript, Html/Css, Java, Html, Css"
Web Developer,LG CNS Vietnam,LinkedIn,Frontend Developer,Hà Nội,"Sql, Javascript, Python, Html/Css, Java, Php, Html, Css"
Frontend Leader,Ngân hàng TMCP Hàng Hải,LinkedIn,Frontend Developer,Hà Nội,"Javascript, Agile, Aws, React, Html, Css"
Junior Full Stack Engineer - Remote,Sleek,LinkedIn,Full-stack Developer,Not Specified,"Typescript, Sql, Javascript, Aws, React, Agile"
Middle Angular,Nitori Digital Base Vietnam,LinkedIn,Frontend Developer,Hà Nội,Java
Full Stack Developer,Nimble,LinkedIn,Full-stack Developer,Hồ Chí Minh,"Go, Javascript, Agile, Ruby"
Freelance Software Developer,Mindrift,LinkedIn,Other IT Role,Hồ Chí Minh,Python
Frontend Engineer,Pizza Hut Digital & Technology,LinkedIn,Frontend Developer,Hồ Chí Minh,"Css3, Html5, Typescript, Javascript, Aws, React, Css"
[Remote] Fullstack Engineer,Glints,LinkedIn,Full-stack Developer,Not Specified,"Typescript, Docker, Javascript, Aws, React"
HN – Nhân Viên Triển Khai Phần Mềm – Khu Vực Miền Bắc,Vexere.com - Vietnam's largest online bus ticketing platform,LinkedIn,Software Implementation Staff,Hà Nội,
PHP/JAVA/.NET/MOBILE DEVELOPER và QC,Softworld VietNam Ltd,LinkedIn,Backend Developer,Not Specified,"Java, Php, Javascript"
Junior Cloud Engineer,Noventiq Vietnam,LinkedIn,Cloud Engineer,Hồ Chí Minh,Not Specified
Software Engineer II,Wati,LinkedIn,Frontend Developer,Hồ Chí Minh,"Javascript, React, Html/Css, Html, Css"
Trưởng Nhóm Lập Trình PHP,Công Ty Cổ Phần Truyền Thông VMG,LinkedIn,Tech Lead,Hà Nội,Php
iOS Developer,GSOFT,LinkedIn,Mobile Developer,Hồ Chí Minh,"Xcode, Objective-C, Agile, Swift"
Kỹ sư Trí tuệ nhân tạo,Viettel High Tech,LinkedIn,AI Engineer,Hà Nội,Python
Fullstack Developer,Baller Headwear,LinkedIn,Fullstack Developer,Đà Nẵng,"React, Typescript, Javascript"
[ĐÀ NẴNG] REACTJS/NODEJS DEVELOPER,Saigon Technology - Accelerate Software Development,LinkedIn,Frontend Developer,Đà Nẵng,"Aws, React, Agile, Javascript"
Chuyên viên Phát triển phần mềm,Vietcombank Securities Company,LinkedIn,Software Engineer,Hà Nội,Not Specified
.NET 3D Developer,LTS Group,LinkedIn,.NET Developer,Hà Nội,"Java, C#, Sql"
Back End Developer,CMC Global Company Limited.,LinkedIn,Backend Developer,Hà Nội,"Java, Python"
Senior Backend Engineer,RAKSUL Vietnam,LinkedIn,Backend Developer,Hồ Chí Minh,"Java, Aws, Python, Ruby"
"Full-Stack Developer, Platform Operations",AnyMind Group,LinkedIn,Full-stack Developer,Hồ Chí Minh,"Docker, React, Typescript, Javascript"
Backend Developer,HCLTech Vietnam,LinkedIn,Backend Developer,Hồ Chí Minh,"Typescript, Sql, Docker, Javascript, Aws"
Senior/Techlead ReactJS - ENG- HN/ĐN/HCM,FPT Software Innovation,LinkedIn,Frontend Developer,Hồ Chí Minh,"Javascript, Agile, React, Html/Css, Html, Css"
Senior iOS Engineer,NAB Innovation Centre Vietnam,LinkedIn,Mobile Developer,Hồ Chí Minh,"Objective-C, React, Agile, Swift"
Java Engineer- Compliance,Binance,LinkedIn,Backend Developer,Hồ Chí Minh,"Java, Aws"
Solutions Engineer - Vietnamese Speaking,Sui Foundation,LinkedIn,Solutions Engineer,Not Specified,"Typescript, Sql, Javascript, React, Css"
Reactjs Developer,"SOTATEK., JSC",LinkedIn,Frontend Developer,Hà Nội,"Javascript, Agile, React, Html/Css, Html, Css"
Senior Fullstack Developer - Nodejs,ĐÚNG NGƯỜI ĐÚNG VIỆC Community,LinkedIn,Full-stack Developer,Hà Nội,"React, Agile, Javascript, Sql"
Junior QA Engineer,AvePoint,LinkedIn,QA Engineer,Đà Nẵng,
Java Engineer,HRS Group,LinkedIn,Backend Developer,Hồ Chí Minh,"Sql, Aws, Python, Java, Agile"
Full Stack Engineer,WorldQuant,LinkedIn,Full-stack Developer,Hồ Chí Minh,"Sql, Aws, React, Python, Agile"
Frontend Developer,LG CNS Vietnam,LinkedIn,Frontend Developer,Hà Nội,"Html, Javascript, Css"
Junior/Senior Java Developer,Techcombank (TCB),LinkedIn,Java Developer,Hà Nội,"Java, Aws, Agile, Sql"
PHP/JAVA/.NET/MOBILE DEVELOPER và QC,Softworld VietNam Ltd,LinkedIn,Backend Developer,Not Specified,"Java, Php, Javascript"
Game Designer,Sun Studio,LinkedIn,Game Designer,Hồ Chí Minh,Agile
Back End Developer,K&G Viet Nam,LinkedIn,Backend Developer,Hà Nội,"Php, Python"
Kỹ sư Phát triển phần mềm ứng dụng,Viettel High Tech,LinkedIn,Software Engineer,Hà Nội,"Java, React, Swift, Kotlin"
Nhân Viên QA,Đại học FPT,LinkedIn,QA Engineer,Hồ Chí Minh,
Quantitative Developer - Java,Binance,LinkedIn,Quantitative Developer,Hồ Chí Minh,Java
Java Software Engineer,Astek Vietnam,LinkedIn,Java Software Engineer,Hà Nội,"Java, Sql"
Software Engineer II,MiTek,LinkedIn,Software Engineer,Hồ Chí Minh,Agile
Looking for Freelancer or Agency Based In Vietnam to Development of a SaaS + NFC Application,vesta pacem,LinkedIn,Full-stack Developer,Hồ Chí Minh,"Vue.Js, Node.Js, Django, Laravel, React"
Senior Frontend Developer,"NODO.,JSC",LinkedIn,Frontend Developer,Hà Nội,"Typescript, Aws, Python, Html/Css, Java, Html, Css"
Software Engineer - Backend,ShopBack,LinkedIn,Backend Developer,Hồ Chí Minh,"Aws, Typescript, Node.Js"
KỸ SƯ CẦU NỐI BrSe,NMS,LinkedIn,Other IT Role,Hà Nội,"Java, Php, C/C++, .Net"
Java Developer,Saigon Technology - Accelerate Software Development,LinkedIn,Backend Developer,Hồ Chí Minh,"Java, Aws, Agile, Docker"
QA Tester,CO-WELL Asia,LinkedIn,QA Engineer,Hà Nội,"Agile, Sql, Not Specified"
BrSE,CMC Global Company Limited.,LinkedIn,BrSE,Hà Nội,"C, C++, Aws, Java, Php, C#"
Game Designer,Lion Studios,LinkedIn,Game Developer,Not Specified,Not Specified
MIDDLE JAVA DEVELOPER,YouMed,LinkedIn,Java Developer,Hồ Chí Minh,"Docker, Java, Sql, Python"
AI Resident,Qualcomm,LinkedIn,AI Engineer,Hà Nội,Python
NODE.JS DEVELOPER LEADER,ĐÚNG NGƯỜI ĐÚNG VIỆC Community,LinkedIn,Backend Developer,Hồ Chí Minh,"Sql, Docker, Javascript, Aws, React"
Back-End Engineer /Java/,Ataccama,LinkedIn,Backend Developer,Hà Nội,"Typescript, Sql, Kotlin, Aws, React, Python, Java"
Junior QA Engineer - Da Nang,AvePoint,LinkedIn,QA Engineer,Đà Nẵng,Agile
Software Engineer C++,OPSWAT,LinkedIn,Software Engineer,Hồ Chí Minh,"C++, Agile"
Frontend Software Developer,HRS Group,LinkedIn,Frontend Developer,Hồ Chí Minh,"Aws, React, Javascript, Css"
Freelance Software Developer,Mindrift,LinkedIn,Software Developer,Not Specified,Python
Technical Co-Founders Wanted | Software Developers & Machine Learning Engineers,Antler,LinkedIn,Software Developer,Hồ Chí Minh,
Game Designer,Sun Studio,LinkedIn,Game Designer,Hồ Chí Minh,Agile
Kỹ sư Phát triển phần mềm,Viettel High Tech,LinkedIn,Software Engineer,Hà Nội,
AI Developer,VARS TECH,LinkedIn,AI Developer,Đà Nẵng,"Sql, Docker, Aws, Python, Agile"
COBOL Developer,DXC Technology Vietnam,LinkedIn,Other IT Role,Hồ Chí Minh,"Cobol, .Net, Agile, Java, C#"
Fresher Automation Test Engineer,"KMS Technology, Inc.",LinkedIn,Software Engineer,Hồ Chí Minh,"Java, Javascript, Python"
Backend Developer,Permate,LinkedIn,Backend Developer,Đà Nẵng,"Node.Js, Aws, Python, Php, Agile"
Jr.~Sr. PHP Developer,RIVERCRANE VIETNAM,LinkedIn,Full-stack Developer,Hồ Chí Minh,"Javascript, Html/Css, Php, Html, Css"
Fullstack Developer,Baller Headwear,LinkedIn,Fullstack Developer,Đà Nẵng,"React, Typescript, Javascript"
System Engineer,VNG Corporation,LinkedIn,System Engineer,Hồ Chí Minh,"Docker, Aws, Bash, Python"
Manual QC Engineer,Saigon Technology - Accelerate Software Development,LinkedIn,QA Engineer,Đà Nẵng,"Aws, Agile"
Java Software Engineer,DXC Technology,LinkedIn,Software Engineer,Hồ Chí Minh,Java
Senior Java Engineer,CODE LEAP,LinkedIn,Software Engineer,Hồ Chí Minh,"Sql, Docker, Aws, Java, Agile"
Software Engineer,Techcom Securities,LinkedIn,Full-stack Developer,Hà Nội,"Java, Python"
Java Engineer - Trading Tech,Binance,LinkedIn,Java Engineer,Hồ Chí Minh,Java
Software Engineer,Epsilo.ai,LinkedIn,Software Engineer,Hồ Chí Minh,"Java, Html, Javascript, Python"
,Eastgate Software - We Drive Digital Transformation,LinkedIn,Full-stack Developer,Hà Nội,"Docker, Javascript, Aws, React, Php, Html"
Tuyển Nhân Viên Agentic AI Engineer,ĐÚNG NGƯỜI ĐÚNG VIỆC Community,LinkedIn,AI Engineer,Hà Nội,Python
Senior Frontend Engineer,CBTW APAC,LinkedIn,Frontend Developer,Hồ Chí Minh,"Typescript, Javascript, Aws, Html/Css, Css"
Reactjs Developer,"SOTATEK., JSC",LinkedIn,Frontend Developer,Hà Nội,"Css3, Html5, Javascript, React"
Java Software Engineer,Yum! Digital & Technology Vietnam,LinkedIn,Software Engineer,Hồ Chí Minh,"Sql, Javascript, Aws, Java, Agile"
Fullstack Leader,CO-WELL Asia,LinkedIn,Full-stack Developer,Hà Nội,"Aws, React, Javascript, Node.Js"
Kỹ Sư AI,Lac Viet Computing Corporation,LinkedIn,AI Engineer,Hồ Chí Minh,"C#, Sql"
SOFTWARE ENGINEER,AvePoint,LinkedIn,Software Engineer,Đà Nẵng,"Css3, Html5, Sql, Javascript, React, Java, C#"
Technical Reporting Engineer,SOCOTEC,LinkedIn,Technical Reporting Engineer,Hà Nội,
SaaS Co-Founders Wanted | Software-as-a-Service Visionaries,Antler,LinkedIn,Other IT Role,Hồ Chí Minh,
Tester,"Titan Co.,LTD",LinkedIn,QA Engineer,Hà Nội,"Agile, Not Specified"
Kỹ sư Phát triển phần mềm,Viettel High Tech,LinkedIn,Software Engineer,Hà Nội,Not Specified
[Hà Nội/Hải Phòng/Quảng Ninh] Giáo viên part-time giảng dạy stem,TEKY ACADEMY,LinkedIn,Other IT Role,Hà Nội,"Scratch, Javascript, Python, Java, Html"
Software Engineer II,MiTek,LinkedIn,Software Engineer,Hồ Chí Minh,"Sql, C, Agile, C++, C#"
Software Engineer II - Full Stack,Wati,LinkedIn,Software Engineer,Hồ Chí Minh,"React, Html, Javascript, Css"
Java Software Engineer,Moatable,LinkedIn,Backend Developer,Hồ Chí Minh,"Java, Aws, Sql"
Embedded Software Engineer,Hitachi Consulting ( formerly Information Management Group),LinkedIn,Embedded Software Engineer,Hồ Chí Minh,"C++, Agile, C"
Progress OpenEdge Software Developer,The Versatile Club,LinkedIn,Progress OpenEdge Developer,Not Specified,"Docker, Agile, Sql, Progress Abl/4Gl"
Senior Software Engineer,Marvell Technology,LinkedIn,Software Engineer,Hồ Chí Minh,"Agile, C"
Java Software Engineer,PERSOLKELLY,LinkedIn,Java Software Engineer,Hồ Chí Minh,"Java, Agile, Sql"
Senior Software Engineer - Frontend,Keyloop,LinkedIn,Senior Software Engineer,Not Specified,"Node.Js, Javascript, Agile, Aws, React, Php, Html, Css"
FULLSTACK DEV,CMC Technology & Solution (CMC TS),LinkedIn,Full-stack Developer,Hà Nội,"Docker, React, Javascript, Sql"
Junior Brse,VTI,LinkedIn,Other IT Role,Hà Nội,"Aws, Nodejs, Java, Php, Ruby"
Kỹ sư Phát triển AI - AI Engineer,MBBank,LinkedIn,AI Engineer,Hà Nội,"Docker, C++, Python"
Senior Software Engineer,Binance,LinkedIn,Software Engineer,Hồ Chí Minh,"Java, Aws, Sql, Python"
PHP Developer,Btab Group,LinkedIn,Backend Developer,Not Specified,"Docker, Javascript, Aws, React, Php, Html, Css"
Senior/ Lead Nodejs_HN/HCM_60M net,Inspius,LinkedIn,Backend Developer,Hồ Chí Minh,"Go, Nodejs"
NodeJS Developer,SmartOSC,LinkedIn,Backend Developer,Hà Nội,"Aws, Typescript, Javascript, Agile"
.NET Developer,HRS Group,LinkedIn,Backend Developer,Hồ Chí Minh,"Sql, Html, Agile, Html/Css, C#, Css"
Python Developer,SETA International Careers,LinkedIn,Backend Developer,Hà Nội,"Aws, Python"
Research & Development Specialist - HRM Software,ĐÚNG NGƯỜI ĐÚNG VIỆC Community,LinkedIn,Frontend Developer,Hồ Chí Minh,Javascript
QA Engineer - Interns,AvePoint,LinkedIn,QA Engineer,Hà Nội,Agile
Senior Full-Stack Test Engineer,"KMS Technology, Inc.",LinkedIn,Full-stack Developer,Hồ Chí Minh,Java
Lead Web Frontend Developer,AllwaysFirst,LinkedIn,Frontend Developer,Hồ Chí Minh,"Typescript, Javascript, Agile, React, Html/Css, Html, Css"
Fullstack,CODE88 Company Limited,LinkedIn,Fullstack Developer,Hồ Chí Minh,"Java, Javascript, Sql"
Fullstack Developer,Sunbytes,LinkedIn,Fullstack Developer,Hồ Chí Minh,"React, Typescript, Javascript, Agile"
EMBEDDED SW ENGINEER,FORVIA HELLA,LinkedIn,Embedded Engineer,Hồ Chí Minh,"Agile, C"
[Hà Nội/Hải Phòng/Quảng Ninh] Giáo viên part-time giảng dạy stem,TEKY ACADEMY,LinkedIn,Not Specified,Hà Nội,"Scratch, Javascript, Python, Java, Html"
Flutter Developer,ITBee Solutions,LinkedIn,Mobile Developer,Hồ Chí Minh,"Xcode, Dart"
Junior/ Middle Low-Code/No-Code Engineer,LOGIX TECHNOLOGY,LinkedIn,Low-Code/No-Code Engineer,Hồ Chí Minh,"Agile, Sql"
Web Developers,Vidaltek,LinkedIn,Web Developer,Hồ Chí Minh,"Php, Html, Javascript, Sql"
Backend Engineer,Chợ Tốt,LinkedIn,Backend Developer,Hồ Chí Minh,"Docker, Javascript, Python, Java, Golang"
Junior .NET Developer,NMS,LinkedIn,Junior .NET Developer,Hà Nội,"Sql, Html, Javascript, C#, Css"
Back End Developer,MATCHUPFAST,LinkedIn,Backend Developer,Hồ Chí Minh,"Sql, Docker, Aws, Golang, Java"
Manual Tester,Permate,LinkedIn,QA Engineer,Đà Nẵng,Agile
Developer,Endava,LinkedIn,Backend Developer,Hồ Chí Minh,"React, C#, Sql, Agile"
QC Engineer,Kegmil,LinkedIn,QC Engineer,Hồ Chí Minh,Agile
Senior/Middle Java,GEM - Global Enterprise Mobility,LinkedIn,Software Engineer,Hồ Chí Minh,"Aws, Java, Javascript, Sql"
Senior/Middle Java Software Engineer,GEM Careers,LinkedIn,Software Engineer,Hồ Chí Minh,"Sql, Javascript, Aws, React, Java"
Java AEM Angular,FPT Automotive,LinkedIn,AEM Developer,Hồ Chí Minh,"Java, Html, Javascript, Css"
VN Technology Full-stack Engineer,CADDi,LinkedIn,Full-stack Developer,Hồ Chí Minh,"Typescript, Rust, Kotlin, Aws, Go, React, Python, Java, Agile"
Senior Full Stack Engineer,Fantastic5 Technology,LinkedIn,Full-stack Developer,Hồ Chí Minh,"Typescript, Docker, Javascript, Aws, React, Python, Php, Agile"
Middle Brse,VTI,LinkedIn,BrSE,Hồ Chí Minh,"Aws, Not Specified"
Solution Design Engineer - CAD/BIM,KONE,LinkedIn,Other IT Role,Hà Nội,Not Specified
Full Stack .NET Engineers,AS White Global,LinkedIn,Full-stack Developer,Hồ Chí Minh,"C#, Javascript, Agile, Sql"
Senior Backend Developer,Vitex Software JSC,LinkedIn,Backend Developer,Hà Nội,"Java, Aws, Docker"
[HN] Full Stack Engineer,Geniee International Group,LinkedIn,Full-stack Developer,Hà Nội,"Typescript, Aws, React, Python, Agile"
Junior AI Software Engineer,AvePoint,LinkedIn,AI Engineer,Hà Nội,"Sql, Html, Javascript, Agile, C#, Css"
Fullstack Engineer - Node.js + Vue.js,LittleLives,LinkedIn,Fullstack Developer,Hà Nội,"Css3, Html5, Typescript, Docker, Javascript"
Senior Fullstack Java + React.js Developer,itworks Asia,LinkedIn,Fullstack Developer,Not Specified,"Java, React, Agile, Javascript"
Java Software Engineer - Vietnam,Globant,LinkedIn,Java Software Engineer,Hà Nội,"Html5, Sql, Javascript, Java, Agile, Css"
Java Developer,"SOTATEK., JSC",LinkedIn,Java Developer,Hà Nội,Java
Freelance Software Developer,Mindrift,LinkedIn,Software Developer,Not Specified,C#
Flutter Developer,ITBee Solutions,LinkedIn,Mobile Developer,Hồ Chí Minh,"Xcode, Dart"
[LTS] Developer NodeJS,LTS Group,LinkedIn,Backend Developer,Hà Nội,"React, Javascript"
Back End Developer,VISSOFT,LinkedIn,Backend Developer,Hà Nội,"Sql, C++, Go, Python, Java, Agile"
Full Stack Developer,Gohub,LinkedIn,Full-stack Developer,Hồ Chí Minh,"Docker, Javascript, Agile, Aws, React, Html/Css, Html, Css"
LLM Engineer,HBLAB Joint Stock Company,LinkedIn,AI Engineer,Hà Nội,Python
Java Software Engineer,Astek Vietnam,LinkedIn,Java Software Engineer,Hồ Chí Minh,"Java, Sql"
Python Developer,NMS,LinkedIn,Backend Developer,Hà Nội,"Agile, Python"
Manual Tester,Kaopiz,LinkedIn,QA Engineer,Hà Nội,Sql
Fullstack Developer,CMC Global Company Limited.,LinkedIn,Fullstack Developer,Hà Nội,"Docker, Aws, Agile, Javascript"
Backend Engineer,Trusting Social,LinkedIn,Backend Developer,Hồ Chí Minh,"Docker, Aws, Go, Java, Agile"
API Integration Engineer,TymeX,LinkedIn,API Integration Engineer,Hồ Chí Minh,"Java, Agile, Golang, Python"
BRSE,Vietlink,LinkedIn,Other IT Role,Hồ Chí Minh,"Aws, Not Specified"
Fullstack Developer,"SOTATEK., JSC",LinkedIn,Full-stack Developer,Hà Nội,Javascript
Back End Developer,Zalopay,LinkedIn,Backend Developer,Hồ Chí Minh,"Docker, Java, Go, Python"
Full Stack Software Engineer,Poko,LinkedIn,Full-stack Developer,Hồ Chí Minh,"Docker, Java, Aws, Python"
Senior Java Developer,VTI,LinkedIn,Senior Java Developer,Hồ Chí Minh,"Aws, Java, Javascript, Sql"
Senior Front-End Developer,C2C Tech Hub,LinkedIn,Frontend Developer,Hồ Chí Minh,"Javascript, Agile, React, Html/Css, Html, Css"
"Senior Software Engineer, Full-Stack",QCP,LinkedIn,Full-stack Developer,Hồ Chí Minh,"Java, Aws, Agile"
Senior Fullstack Engineer - Node.js + Vue.js,LittleLives,LinkedIn,Full-stack Developer,Hồ Chí Minh,"Docker, Typescript, Javascript"
MOBILE DEVELOPER,Vietcap Securities,LinkedIn,Mobile Developer,Hồ Chí Minh,"React, Typescript, Javascript, Agile"
Ruby on Rails Developer,J&S CONSULTING,LinkedIn,Ruby on Rails Developer,Hồ Chí Minh,"Html5, Javascript, Ruby, Css"
Full-Stack Engineer,DXC Technology Vietnam,LinkedIn,Full-stack Developer,Hồ Chí Minh,"Typescript, Docker, Javascript, Aws, React, Java, Agile"
Java Backend Developer,Accenture,LinkedIn,Backend Developer,Hồ Chí Minh,"Java, Aws, Agile"
Full Stack Java Developer,CNK Consulting Vietnam,LinkedIn,Full-stack Developer,Hà Nội,"Docker, Javascript, Aws, React, Java, Agile"
PHP Developer,HRS Group,LinkedIn,Backend Developer,Hồ Chí Minh,"Sql, Javascript, Aws, React, Php, Agile"
Game Designer,MEP Platform,LinkedIn,Game Developer,Hồ Chí Minh,Agile
[LTS] Developer NodeJS,LTS Group,LinkedIn,Backend Developer,Hà Nội,"React, Javascript"
Text-to-Speech Engineer,FPT Smart Cloud,LinkedIn,Text-to-Speech Engineer,Hà Nội,"Docker, Javascript, Python"
Python Developer,LARION,LinkedIn,Python Developer,Hồ Chí Minh,"Javascript, Sql, Python"
Full-stack Engineer,Homebase (YC W21),LinkedIn,Full-stack Developer,Hồ Chí Minh,"Typescript, Javascript"
Software Quality Assurance Engineer,Cleeksy,LinkedIn,Software Quality Assurance Engineer,Đà Nẵng,
LLM Engineer,HBLAB Joint Stock Company,LinkedIn,Other IT Role,Hà Nội,Python
Android NDK Developer - UAE,PixelChain,LinkedIn,Mobile Developer,Hồ Chí Minh,"C++, C, Java, Kotlin"
Mobile Engineer,Tiger Tribe (A HEINEKEN Company),LinkedIn,Mobile Developer,Hồ Chí Minh,"Html5, Javascript, React, Agile, Css"
Fullstack Developer,CodeLink,LinkedIn,Fullstack Developer,Hồ Chí Minh,"Sql, Javascript, Aws, Python, Agile"
Senior Front-end Developer,ekino Vietnam,LinkedIn,Frontend Developer,Hồ Chí Minh,"Css3, Html5, Typescript, Javascript, Aws, React, Agile, Css"
Senior Java Software Engineer,One Mount,LinkedIn,Software Engineer,Hà Nội,"Java, Agile, Sql, Docker"
Embedded Systems Co-Founders Wanted | Innovators in IoT & Edge Computing,Antler,LinkedIn,Embedded Engineer,Hồ Chí Minh,Not Specified
Documentation Business Analyst,Kegmil,LinkedIn,Business Analyst,Hồ Chí Minh,"Json, Yaml"
Senior Frontend Developer - Wallet,Binance,LinkedIn,Frontend Developer,Hồ Chí Minh,"React, Typescript, Javascript"
Software Engineer,FORTNA,LinkedIn,Software Engineer,Hà Nội,"Java, Docker"
JUNIOR AI ENGINEER,AvePoint,LinkedIn,AI Engineer,Hà Nội,"C#, Python"
QC Engineer,AS White Global,LinkedIn,QA Engineer,Hồ Chí Minh,C#
Sr. React Developer - Remote,Braintrust,LinkedIn,Frontend Developer,Not Specified,"React, Typescript, Javascript"
Senior API Developer,Liftango,LinkedIn,Backend Developer,Hà Nội,"Typescript, Sql, Docker, Aws, Agile"
Mobile Application Developer,DXC Technology Vietnam,LinkedIn,Mobile Developer,Hồ Chí Minh,"Objective-C, Kotlin, Java, Agile, Swift"
Freelance Software Developer,Mindrift,LinkedIn,Software Developer,Hà Nội,Java
Back End Developer,LG CNS Vietnam,LinkedIn,Backend Developer,Hà Nội,"Java, Aws, Sql, Python"
Full Stack Developer,Ubisoft Singapore,LinkedIn,Full-stack Developer,Đà Nẵng,"Docker, Javascript, Node.Js, React, Python, Html, C#, Css"
Software Engineer,WorldQuant,LinkedIn,Software Engineer,Hà Nội,Python
Java Developer,Amaris Consulting,LinkedIn,Java Developer,Hồ Chí Minh,"Java, Aws"
Associate Solution Support Engineer - Business Technology Platform,SAP,LinkedIn,Associate Solution Support Engineer,Hồ Chí Minh,Not Specified
Text-to-Speech Engineer,FPT Smart Cloud,LinkedIn,Text-to-Speech Engineer,Hà Nội,"Docker, Javascript, Python"
PHP Fullstack developer,MealSuite,LinkedIn,Full-stack Developer,Hồ Chí Minh,"Javascript, React, Html/Css, Php, Html, Css"
Lập Trình Viên .Net,FiinGroup,LinkedIn,Software Engineer,Hà Nội,"Sql, Html, Javascript, Agile, C#, Css"
Middle/ Senior Java Developer,CJ OliveNetworks Vina,LinkedIn,Java Developer,Hồ Chí Minh,"Java, Aws, Javascript, Sql"
Lập trình viên PHP Laravel,Bekisoft JSC,LinkedIn,Backend Developer,Hà Nội,"Php, Sql"
DevSecOps Engineer - Khối Công nghệ thông tin,MBBank,LinkedIn,DevSecOps Engineer,Hà Nội,"Docker, Agile, Sql"
Back End Engineer,CDEX,LinkedIn,Backend Developer,Hồ Chí Minh,"Golang, Sql, Rust"
[ELCOM Hà Nội] Kỹ sư AI,Elcom Corporation,LinkedIn,AI Engineer,Hà Nội,"C++, Python"
JobAdder | Fullstack Engineer,CBTW APAC,LinkedIn,Full-stack Developer,Hồ Chí Minh,"Sql, Javascript, Aws, React, C#"
Quality Assurance Tester,Aura Network,LinkedIn,QA Engineer,Hồ Chí Minh,"Agile, Not Specified"
Tuyển Nhân Viên Blockchain Developer,ĐÚNG NGƯỜI ĐÚNG VIỆC Community,LinkedIn,Blockchain Developer,Hà Nội,"Node.Js, Python, Solidity"
Fullstack Engineer,FPT Smart Cloud,LinkedIn,Full-stack Developer,Hà Nội,"Docker, Agile, Python"
Senior Java Software Engineer,Viettel Software Career,LinkedIn,Software Engineer,Hà Nội,"Typescript, Docker, Javascript, Agile, React, Java, Html, Css"
Software Engineer,"SOTATEK., JSC",LinkedIn,Software Engineer,Hà Nội,Javascript
Cloud Front End Software Engineer,FPT Software,LinkedIn,Frontend Developer,Hà Nội,"Java, Javascript, Html/Css, Css"
Java Engineer,Galaxy Technology Services,LinkedIn,Java Engineer,Hồ Chí Minh,"Java, Aws, Sql, Docker"
Test Engineer,INNOMIZE,LinkedIn,QA Engineer,Hồ Chí Minh,"Aws, Typescript, Javascript, Sql"
DevOps Co-Founders Wanted | Builders of Scalable Tech Infrastructure,Antler,LinkedIn,DevOps Engineer,Hồ Chí Minh,
Senior Fullstack Engineer,Jitera,LinkedIn,Full-stack Developer,Hồ Chí Minh,"Typescript, Docker, Javascript, Aws, React"
Senior Full Stack Developer,Aperia,LinkedIn,Full-stack Developer,Hồ Chí Minh,"Java, Javascript, Sql"
Developer Fullstack,SOCOTEC,LinkedIn,Fullstack Developer,Hà Nội,"Typescript, Sql, Javascript, Aws, React"
Vibe Coder / Software Engineer,Trilogy,LinkedIn,Software Engineer,Not Specified,Not Specified
Senior Full Stack Developer,Nimble,LinkedIn,Full-stack Developer,Hồ Chí Minh,"Go, Javascript, Agile, Ruby"
Freelance Software Developer,Mindrift,LinkedIn,Software Developer,Not Specified,Java
Junior AI QA Engineer,AvePoint,LinkedIn,QA Engineer,Hà Nội,"Javascript, Python"
Java Developer,LG CNS Vietnam,LinkedIn,Backend Developer,Hà Nội,"Java, Aws, Sql, Python"
PHP Fullstack developer,MealSuite,LinkedIn,Full-stack Developer,Hồ Chí Minh,"Javascript, React, Html/Css, Php, Html, Css"
System Administrator & AI Workflow Engineer,TechX Corp.,LinkedIn,System Administrator,Hồ Chí Minh,Agile
System Engineer,VinAI,LinkedIn,System Engineer,Hồ Chí Minh,
Smart Contract Developer,Undercurrent Technologies Pte Ltd,LinkedIn,Other IT Role,Hồ Chí Minh,Rust
[Remote_HCM] Middle Golang Developer| Non-English| up to $2000,WAOSoft,LinkedIn,Backend Developer,Hồ Chí Minh,"Golang, Php, Sql"
Software Engineer,Kaii Soft,LinkedIn,Software Engineer,Hồ Chí Minh,"Html, Javascript, Html/Css, Css"
React Native Developer,Teaser Software,LinkedIn,Mobile Developer,Hà Nội,"Typescript, Javascript, React, Java, Swift"
Lead Java Developer,Manpower Vietnam,LinkedIn,Lead Java Developer,Hồ Chí Minh,"Java, Aws, Sql"
AI Developer Experience Lead,OL Vietnam,LinkedIn,AI Engineer,Hồ Chí Minh,Not Specified
CW | Principal/Senior Frontend Engineer,CBTW APAC,LinkedIn,Frontend Developer,Hồ Chí Minh,"Javascript, Aws, React, Html/Css, Php"
Senior Front-end Developer,Havas,LinkedIn,Frontend Developer,Hồ Chí Minh,"Css3, Html5, Typescript, Javascript, Aws, React, Agile, Css"
Python Developer,"Wanosoft Co.,Ltd",LinkedIn,Backend Developer,Hà Nội,"Docker, Aws, Python"
Senior JAVA Engineer,ELCA Vietnam,LinkedIn,Backend Developer,Hồ Chí Minh,"Sql, Docker, Javascript, Agile, Java, Html, Css"
"Senior Analyst, ReactJs Engineer",NAB Innovation Centre Vietnam,LinkedIn,Frontend Developer,Hà Nội,"Typescript, Javascript, Aws, React, Java, Agile"
Senior Java Software Engineer,Trinity Technology,LinkedIn,Software Engineer,Hà Nội,"Sql, Docker, Node.Js, Kotlin, Aws, Go, Python, Java, Agile"
Full-stack Engineer,Elfie,LinkedIn,Full-stack Developer,Hồ Chí Minh,"Docker, Typescript, Html, Css"
Senior Full-Stack Developer - FinTech,Automation Consulting AU,LinkedIn,Full-stack Developer,Hồ Chí Minh,"Typescript, Docker, Node.Js, Aws, React"
Solution Support Engineer-Business Technology Platform,SAP,LinkedIn,Solution Support Engineer,Hồ Chí Minh,Not Specified
Ruby on Rails Developer,MealSuite,LinkedIn,Backend Developer,Hồ Chí Minh,"Agile, Sql, Ruby"
Senior Frontend Developer,GRVT,LinkedIn,Frontend Developer,Not Specified,"Typescript, Javascript, React, Html/Css, Html, Css"
Python Engineer,WorldQuant,LinkedIn,Backend Developer,Hồ Chí Minh,Python
Senior Full Stack Developer,Nimble,LinkedIn,Full-stack Developer,Đà Nẵng,"Go, Javascript, Agile, Ruby"
Senior Frontend Engineer,Skedulo,LinkedIn,Frontend Developer,Hồ Chí Minh,"Agile, Javascript, Css"
Freelance Software Developer,Mindrift,LinkedIn,Software Developer,Hà Nội,Python
Junior Software Developer - Hanoi,AvePoint,LinkedIn,Software Engineer,Hà Nội,"Css3, Html5, C#, Javascript"
Java/Kotlin Engineer,"Money Forward Vietnam Co., Ltd",LinkedIn,Backend Developer,Hồ Chí Minh,"Sql, Docker, Kotlin, Aws, Java, Agile"
System Administrator & AI Workflow Engineer,TechX Corp.,LinkedIn,System Administrator,Hồ Chí Minh,"Agile, Not Specified"
Thực tập sinh Phát triển Mã Coin,ĐÚNG NGƯỜI ĐÚNG VIỆC Community,LinkedIn,Blockchain Engineer,Not Specified,"Typescript, Javascript, Python, Solidity"
Mobile Developer,Samsung Electronics HCMC CE Complex,LinkedIn,Mobile Developer,Hồ Chí Minh,"Xcode, Kotlin"
Information Technology Engineer,CÔNG TY TNHH TAEWOONG NETWORKS VIỆT NAM,LinkedIn,Information Technology Engineer,Hồ Chí Minh,
.Net Software DEVELOPER,MiTek,LinkedIn,Software Engineer,Hồ Chí Minh,"Sql, C, Agile, C++, C#"
Team Lead,Ipbase,LinkedIn,Team Lead,Hồ Chí Minh,".Net, Node.Js, Aws, Python, Java, Php, Agile"
C++ Developer,CMC Global Careers,LinkedIn,C++ Developer,Đà Nẵng,"C++, Java"
JP Bridge Software Engineer,FPT Automotive,LinkedIn,Software Engineer,Hà Nội,C++
SYSTEM ENGINEER,Orient Software Development Corp.,LinkedIn,System Engineer,Hồ Chí Minh,"Aws, Not Specified"
Kỹ sư Kiểm soát chất lượng,Viettel High Tech,LinkedIn,QA Engineer,Hà Nội,
Binance Accelerator Program - iOS Engineer,Binance,LinkedIn,Mobile Developer,Hồ Chí Minh,Swift
Senior Java Engineer,Slasify,LinkedIn,Java Engineer,Not Specified,"Java, Aws, Docker"
Java developer onsite HCM,GITS - Global IT Solutions,LinkedIn,Backend Developer,Hà Nội,"Sql, Javascript, Aws, React, Java"
Senior Backend Engineer,Hconnect,LinkedIn,Backend Developer,Hồ Chí Minh,"Typescript, Rust, Docker, React, Python, Agile"
100523 - Senior Software Engineer I,Axon,LinkedIn,Mobile Developer,Hồ Chí Minh,Swift
Software Engineer - Dashboard,PLS,LinkedIn,Software Engineer,Not Specified,"React, C#, Sql, Agile"
Python Developer,Galaxy FinX,LinkedIn,Python Developer,Hồ Chí Minh,"Starlark, Agile, Python"
Java Engineer,MYMIND Technology,LinkedIn,Java Engineer,Hồ Chí Minh,"Java, Aws, Sql"
Software Quality Assurance Engineer,Hubble.Build,LinkedIn,QA Engineer,Hồ Chí Minh,"Java, Not Specified"
[Hybrid] Fullstack Engineer,Glints,LinkedIn,Fullstack Developer,Hồ Chí Minh,"Docker, Javascript, Aws, React, Python, Java, Php, Css"
Full Stack Developer,TecAlliance,LinkedIn,Full-stack Developer,Hồ Chí Minh,"Aws, React, Python"
Freelance Software Developer,Mindrift,LinkedIn,Software Developer,Not Specified,Python
Senior Full Stack Developer,Nimble,LinkedIn,Full-stack Developer,Hồ Chí Minh,"Go, Javascript, Agile, Ruby"
Frontend Engineer,WorldQuant,LinkedIn,Frontend Developer,Hà Nội,"Typescript, Sql, Javascript, React, Python, Html/Css, Html, Css"
Senior/Principal Frontend Engineer,"Money Forward Vietnam Co., Ltd",LinkedIn,Frontend Developer,Hồ Chí Minh,"Typescript, Docker, React, Python, Agile"
QA Engineer,Zalopay,LinkedIn,QA Engineer,Hồ Chí Minh,Agile
Thực tập sinh Phát triển Mã Coin,ĐÚNG NGƯỜI ĐÚNG VIỆC Community,LinkedIn,Blockchain Engineer,Not Specified,"Typescript, Javascript, Python, Solidity"
Backend Engineer,Moatable,LinkedIn,Backend Developer,Hồ Chí Minh,"Java, Aws, Sql"
[LQA] Manual Fresher Tester,LTS Group,LinkedIn,QA Engineer,Hà Nội,
Python Developer,NMS,LinkedIn,Backend Developer,Hà Nội,"Agile, Python"
HCM-REQ Senior NodeJS,FPT Automotive,LinkedIn,Backend Developer,Hồ Chí Minh,Javascript
Senior Java Developer,Servisys - Tuyển Dụng Việc Làm,LinkedIn,Backend Developer,Hà Nội,"Java, Aws, Docker"
Chuyên Viên Phát Triển Phần Mềm,VNDIRECT Securities Corporation,LinkedIn,Mobile Developer,Hà Nội,"Agile, Dart, Swift, Kotlin"
[HCM] Senior Software Engineer,Garena,LinkedIn,Software Engineer,Hồ Chí Minh,"Node.Js, C++, Go, Python, Java"
Senior Full Stack Developer,Cartrack,LinkedIn,Full-stack Developer,Hồ Chí Minh,"Sql, Html, Javascript, Agile, Html/Css, C#, Css"
Hiring Junior: AI Engineer – Machine Learning Specialist,ĐÚNG NGƯỜI ĐÚNG VIỆC Community,LinkedIn,AI Engineer,Hà Nội,"Sql, Python"
Senior Java Software Engineer,Vinova,LinkedIn,Software Engineer,Đà Nẵng,"Java, Sql"
Backend Developer,Viettel Cyber Security,LinkedIn,Backend Developer,Hà Nội,"Sql, Docker, Python, Java, Golang, Agile"
Mobile Fullstack Developer,MINU PTE. LTD.,LinkedIn,Mobile Developer,Hà Nội,"Typescript, Docker, Javascript, React, Php, Dart"
Senior Java Engineer（Listed Company）,Slasify,LinkedIn,Backend Developer,Not Specified,"Java, Aws, Docker"
Software Engineer,Eureka Robotics,LinkedIn,Software Engineer,Hà Nội,"Docker, C++, Python"
Senior Java Software Engineer,Axon Active - Agile Software Development Company,LinkedIn,Software Engineer,Hồ Chí Minh,"Java, Agile, Sql"
Senior Frontend Developer,NFQ,LinkedIn,Frontend Developer,Đà Nẵng,"React, Typescript, Javascript"
Software Test Engineer,VinAI,LinkedIn,Software Test Engineer,Hồ Chí Minh,"C++, C"
QA Automation Engineer,HRS Group,LinkedIn,QA Engineer,Hồ Chí Minh,"Agile, Javascript"
Generative AI Engineer,INNOMIZE,LinkedIn,Generative AI Engineer,Hồ Chí Minh,"Docker, Aws, Python"
Freelance Software Developer,Mindrift,LinkedIn,Software Developer,Not Specified,Java
"Senior Software Engineer, Backend",Grab,LinkedIn,Senior Software Engineer,Hồ Chí Minh,Golang
Junior Security Engineer,AvePoint,LinkedIn,Cybersecurity Specialist,Hà Nội,"Javascript, Aws, Python, Java, C#"
Mid-Level Nuxt/Vue Web Developer,WorkWave,LinkedIn,Frontend Developer,Hồ Chí Minh,"Typescript, Javascript, Aws, React, Html/Css, Php, Agile, Css"
Game Experience Designer,Colonist,LinkedIn,Game Developer,Hồ Chí Minh,"C#, Javascript"
Associate/Junior Solution Support Engineer,SAP,LinkedIn,Technical Support Engineer,Hồ Chí Minh,Not Specified
Backend Engineer,Moatable,LinkedIn,Backend Developer,Hồ Chí Minh,"Java, Aws, Sql"
C/C++ Developer,FPT Software Career,LinkedIn,C/C++ Developer,Hồ Chí Minh,"C++, C#"
PHP Developer,Kasatria Technologies,LinkedIn,Backend Developer,Hồ Chí Minh,Php
Flutter Developer,VARS TECH,LinkedIn,Mobile Developer,Đà Nẵng,"Agile, Dart"
C++ Developer,CMC Global Company Limited.,LinkedIn,C++ Developer,Đà Nẵng,"C++, Java"
Kỹ sư Phát triển phần mềm,Viettel High Tech,LinkedIn,Backend Developer,Hà Nội,"Sql, Javascript, C++, Go, Python, Java, Html, Css"
HO - Data Engineering Expert,ACB - Asia Commercial Bank,LinkedIn,Data Engineer,Hồ Chí Minh,"Scala, Sql, Python"
Analytics Engineer,TymeX,LinkedIn,Analytics Engineer,Hồ Chí Minh,"Agile, Sql, Python"
Fullstack TypeScript Developer,L4 Studio - Software Development Company,LinkedIn,Fullstack Developer,Hồ Chí Minh,"React, Typescript, Javascript"
Backend Engineer,Xsoft Company,LinkedIn,Backend Engineer,Hồ Chí Minh,"Docker, Aws, C#, Sql"
Senior Java Software Engineer,KMS Healthcare,LinkedIn,Software Engineer,Hồ Chí Minh,"Sql, Javascript, Agile, Aws, Java, Html, Css"
Backend Engineer,Trusting Social Career Page,LinkedIn,Backend Developer,Hồ Chí Minh,"Docker, Aws, Go, Java, Agile"
Mid/Senior/ Lead Java Engineer,NAB Innovation Centre Vietnam,LinkedIn,Java Engineer,Hà Nội,"Java, Aws, Agile, Docker"
Senior Java Software Engineer,GEM Careers,LinkedIn,Software Engineer,Hà Nội,"Sql, Javascript, Aws, React, Java"
Senior Fullstack Engineer,Saola Labs,LinkedIn,Fullstack Developer,Hồ Chí Minh,"Typescript, Docker, Aws, React, Css"
Senior Software Engineer,clearer.io,LinkedIn,Software Engineer,Hồ Chí Minh,"Docker, Javascript, Node.Js, Aws, Go, React, Python, Php"
Java/Kotlin Engineer,"Money Forward Vietnam Co., Ltd",LinkedIn,Backend Developer,Hồ Chí Minh,"Sql, Docker, Kotlin, Aws, Java, Agile"
Mid/Senior Backend Engineer,NAVER VIETNAM,LinkedIn,Backend Developer,Hồ Chí Minh,"Java, Docker"
Mobile Flutter Developer,Elfie,LinkedIn,Mobile Developer,Hồ Chí Minh,Dart
Software Engineer,Fujitsu,LinkedIn,Software Engineer,Hà Nội,"Sql, Javascript, React, Java, Html, Css"
Data Scientist（LLM）,Binance,LinkedIn,Data Scientist,Hồ Chí Minh,"C/C++, Python"
Freelance Software Developer,Mindrift,LinkedIn,Software Developer,Not Specified,Java
SOFTWARE ENGINEER,AvePoint,LinkedIn,Software Engineer,Hà Nội,"Css3, Html5, Sql, Javascript, React, Java, C#"
"Developers: Frontend, Backend and Full-Stack",Colonial Surety Company,LinkedIn,Full-stack Developer,Hồ Chí Minh,"Sql, Docker, Javascript, React, Java, Php, Agile, Ruby"
Full-Stack Developer,Varmeta,LinkedIn,Full-stack Developer,Hà Nội,"React, Javascript, Php"
Senior Fullstack Engineer,SCC,LinkedIn,Full-stack Developer,Hồ Chí Minh,"Typescript, Aws, Python, Agile, C#"
C/C++ Developer,FPT Software Career,LinkedIn,C/C++ Developer,Hồ Chí Minh,"C++, C#"
PHP Developer,BeyondEdge,LinkedIn,Backend Developer,Hồ Chí Minh,"Javascript, Html/Css, Php, Html, Css"
Kỹ sư phần mềm,GENKI SYSTEM,LinkedIn,Software Engineer,Hồ Chí Minh,Java
Node.js Backend Developer,Finviet Technology,LinkedIn,Backend Developer,Hồ Chí Minh,"React, Javascript"
DevOps Engineer,Saigon Technology - Accelerate Software Development,LinkedIn,DevOps Engineer,Hồ Chí Minh,"Docker, Aws, Bash, Powershell, Agile"
【教育事業】SREエンジニア,Dwango corp,LinkedIn,SRE Engineer,Hồ Chí Minh,"Docker, Aws, Python"
Fullstack NodeJS/ Python+ReactJS/Golang+ReactJS,CMC Global Company Limited.,LinkedIn,Full-stack Developer,Hà Nội,"Docker, Javascript, React, Python, Golang"
Backend Engineer,Trusting Social Career Page,LinkedIn,Backend Engineer,Hồ Chí Minh,"Sql, Go, React, Python, Java, C#"
AI Engineer,Hitachi Digital Services,LinkedIn,AI Engineer,Hồ Chí Minh,"Aws, Agile, Sql, Python"
Senior Java Software Engineer,Tinh Van Software,LinkedIn,Software Engineer,Hồ Chí Minh,"Java, Sql"
SQL developer,Jaish Global Tech Private Limited,LinkedIn,Database Engineer,Not Specified,"Sql, Python"
Full Stack Engineer - Python Angular/Reactjs,FPT Software Career,LinkedIn,Full-stack Developer,Hà Nội,"Typescript, Sql, Docker, Aws, Go, Python"
Sr Front-End React JS Software Developer / Engineer | 100% Remote | SaaS | Construction Tech,Clue Insights,LinkedIn,Frontend Developer,Hồ Chí Minh,"Aws, React, Javascript, Sql"
Back End Developer,HCLTech Vietnam,LinkedIn,Backend Developer,Hà Nội,"Docker, Node.Js, Kotlin, Go, Python, Java"
AI Engineer,Elcom Corporation,LinkedIn,AI Engineer,Hà Nội,"C++, Python"
Senior Frontend Engineer,CODE LEAP,LinkedIn,Frontend Developer,Hồ Chí Minh,"Aws, Typescript, Javascript, Agile"
Full Stack Developer,MED-AID COMPANY,LinkedIn,Full-stack Developer,Hà Nội,"C, Javascript, Python"
Fullstack Developer,ADI Consulting VN,LinkedIn,Full-stack Developer,Hồ Chí Minh,"React, Java, Nodejs, Golang, Php, Agile"
Bridge Software Engineer,Hitachi Consulting ( formerly Information Management Group),LinkedIn,Bridge Software Engineer,Đà Nẵng,"Java, React, Agile, Javascript"
Lead Java Developer,Capgemini,LinkedIn,Lead Java Developer,Hồ Chí Minh,"Docker, Aws, Python, Java, Agile"
Sr. Software Engineer,Persefoni,LinkedIn,Frontend Developer,Hồ Chí Minh,"Typescript, Docker, Javascript, React, Agile, Css"
[HN] Japan AI - Full Stack Developer,Geniee International Group,LinkedIn,Full-stack Developer,Hà Nội,"Typescript, Sql, Docker, Javascript, React, Python"
Senior Backend Engineer,"Money Forward Vietnam Co., Ltd",LinkedIn,Backend Developer,Hồ Chí Minh,"Java, Aws, Sql, Docker"
Intermediate Backend Engineer,Employment Hero,LinkedIn,Backend Developer,Hồ Chí Minh,"Python, Java, Php, Agile, Ruby"
Freelance Software Developer,Mindrift,LinkedIn,Software Developer,Not Specified,C++
Software Engineer,OPSWAT,LinkedIn,Software Engineer,Hồ Chí Minh,"C++, C#, Python, Agile"
PHP Developer,BeyondEdge,LinkedIn,Backend Developer,Hồ Chí Minh,"Php, Html, Javascript, Css"
Senior PHP Developers,Công Ty TNHH BBQ Việt Nam,LinkedIn,Backend Developer,Hồ Chí Minh,Php
Odoo Developer,Dayone Technologies,LinkedIn,Odoo Developer,Hồ Chí Minh,"Aws, React, Python"
Quality Control Engineer,Kyanon Digital,LinkedIn,QA Engineer,Hồ Chí Minh,Not Specified
Kỹ sư Phần mềm ứng dụng,Viettel High Tech,LinkedIn,Software Engineer,Hà Nội,"C++, C#, C"
Lập trình viên PHP,Tigren,LinkedIn,Backend Developer,Hà Nội,Php
Backend Software Engineer II,Axon,LinkedIn,Backend Developer,Hồ Chí Minh,"Sql, Go, Python, Java, Scala, C#"
DevOps Engineer,CMC Global Company Limited.,LinkedIn,DevOps Engineer,Hồ Chí Minh,Aws
Full-Stack Software Engineer,ĐÚNG NGƯỜI ĐÚNG VIỆC Community,LinkedIn,Full-stack Developer,Hà Nội,"Javascript, Python, Java, Html, Css"
C++ Engineer,WorldQuant,LinkedIn,C++ Engineer,Hồ Chí Minh,"C++, Python"
Nhân viên QA,Thương Mại Điện Tử Toàn Quốc,LinkedIn,QA Engineer,Hà Nội,
Python Developer,HCLTech Vietnam,LinkedIn,Backend Developer,Hồ Chí Minh,"React, Typescript, Javascript, Python"
AngularJS Developer,Metrixa,LinkedIn,Frontend Developer,Hà Nội,Javascript
Shd | Senior Fullstack Engineer,CBTW APAC,LinkedIn,Full-stack Developer,Hồ Chí Minh,"Java, Javascript"
Back End Engineer,Pollen,LinkedIn,Backend Developer,Hồ Chí Minh,"Sql, Docker, Node.Js, Javascript, Aws, Python, Java, Ruby"
Kỹ sư Kiểm thử phần mềm,Viettel Telecom,LinkedIn,QA Engineer,Hà Nội,"Agile, Sql"
Backend Developer Supervisor,SAPP Academy,LinkedIn,Backend Developer,Hà Nội,
Middle QC Engineer,LOGIX TECHNOLOGY,LinkedIn,QA Engineer,Hồ Chí Minh,"Sql, Javascript, Agile, Html/Css, Html, Css"
Java Software Engineer,Rabiloo,LinkedIn,Backend Developer,Hà Nội,"Java, React"
Senior Java Developer,Outpost24 Benelux (ex-Sweepatic),LinkedIn,Backend Developer,Hà Nội,"Java, Agile, Sql, Python"
Senior Java Full-Stack Developer,Hitachi Digital Services,LinkedIn,Full-stack Developer,Hồ Chí Minh,"Java, React, Sql"
[HN] Japan AI - Back End Developer,Geniee International Group,LinkedIn,Backend Developer,Hà Nội,"Typescript, Sql, Docker, React, Python"
Senior Software Engineer - Frontend,ShopBack,LinkedIn,Frontend Developer,Hồ Chí Minh,"Html, Javascript, Typescript, Css"
AI Resident,Qualcomm,LinkedIn,AI Engineer,Hà Nội,Python
,CEVA Logistics,LinkedIn,Java Developer,Hồ Chí Minh,"Java, Aws, Agile"
Freelance Software Developer,Mindrift,LinkedIn,Software Developer,Not Specified,Python
Senior PHP Developers,Công Ty TNHH BBQ Việt Nam,LinkedIn,Software Engineer,Hồ Chí Minh,Php
Unity Game Developer - MINTROCKET,Nexon Networks Vina,LinkedIn,Game Developer,Hồ Chí Minh,C#
Thực tập sinh Phát triển Mã Coin,ĐÚNG NGƯỜI ĐÚNG VIỆC Community,LinkedIn,Blockchain Engineer,Not Specified,"Typescript, Javascript, Python, Solidity"
C++ Developer,Innotech Vietnam Corporation,LinkedIn,C++ Developer,Hồ Chí Minh,C++
Nhân viên Kiểm thử phần mềm,DTS Communication Technologies,LinkedIn,QA Engineer,Hà Nội,Agile
Computer Vision Engineer,Aimesoft,LinkedIn,Computer Vision Engineer,Hà Nội,"C/C++, Python"
Senior PHP Developer,SGH Asia Ltd.,LinkedIn,Backend Developer,Hồ Chí Minh,"Docker, Php, Javascript, Python"
React Native Developer,bTaskee,LinkedIn,Mobile Developer,Hồ Chí Minh,"Xcode, Typescript, Docker, Javascript, React"
Senior Game Developer,Rikkeisoft,LinkedIn,Game Developer,Hà Nội,"Html5, Javascript"
Magento Developer,Second Talent,LinkedIn,Magento Developer,Hồ Chí Minh,"Mysql, Javascript, Agile, Aws, Php, Html, Css"
Kỹ sư Phát triển giao thức Streaming,Viettel High Tech,LinkedIn,Other IT Role,Hà Nội,"C++, C"
Dev Backend C#,Hconnect Pro,LinkedIn,Backend Developer,Hồ Chí Minh,"Java, C#, Python, Agile"
Senior Backend Engineer,TymeX,LinkedIn,Backend Engineer,Hồ Chí Minh,"Docker, Aws, Python, Java, Agile"
Embedded Software Engineer,HCLTech Vietnam,LinkedIn,Embedded Engineer,Hồ Chí Minh,C
Senior Frontend Developer,Hello Health Group,LinkedIn,Frontend Developer,Hồ Chí Minh,"Javascript, React, Html/Css, Html, Css"
[HN] AI ENGINEER - COMPUTER VISION,CMC Technology & Solution (CMC TS),LinkedIn,AI Engineer,Hà Nội,Python
Android Engineer,CODE LEAP,LinkedIn,Mobile Developer,Hồ Chí Minh,"Aws, Agile, React, Kotlin"
Game Designer,Gamee Studio,LinkedIn,Game Designer,Hà Nội,
Data Engineer,CEVA Logistics,LinkedIn,Data Engineer,Hồ Chí Minh,"Java, Aws, Agile, Sql"
Senior Java Engineer,Binance,LinkedIn,Backend Developer,Hồ Chí Minh,"Java, Aws"
Senior Java Developer,VTI,LinkedIn,Backend Developer,Hà Nội,"Java, Aws, Sql, Docker"
Fullstack Developer,CodeLink,LinkedIn,Full-stack Developer,Hà Nội,"Sql, Javascript, Aws, Python, Agile"
Automation QC Engineer,Floating Cube Studios,LinkedIn,QA Engineer,Hồ Chí Minh,"Sql, C, Agile, C++, Java, C#"
AI Engineer,One Mount,LinkedIn,AI Engineer,Hà Nội,"Aws, Sql, Python"
Blockchain Security Technical Support Engineer,Crypto.com,LinkedIn,Blockchain Security Technical Support Engineer,Hồ Chí Minh,"Rust, Solidity, Node.Js, Javascript, Python"
Software Engineer,FORTNA,LinkedIn,Software Engineer,Hà Nội,"C#, Sql"
Unity Game Developer - MINTROCKET,Nexon Networks Vina,LinkedIn,Game Developer,Hồ Chí Minh,C#
MMORPG Server Developer,Nexon Networks Vina,LinkedIn,Game Developer,Hồ Chí Minh,Not Specified
Binance Accelarator Program - Devops Engineer,Binance,LinkedIn,DevOps Engineer,Hồ Chí Minh,Not Specified
Chuyên viên Quản trị hệ thống phần mềm,Vietcombank Securities Company,LinkedIn,Other IT Role,Hà Nội,"Docker, Sql"
AI Engineer,Samsung Electronics HCMC CE Complex,LinkedIn,AI Engineer,Hồ Chí Minh,"Docker, Sql, Python"
Middle Java Developer,Nimbus Technology JSC,LinkedIn,Java Developer,Hồ Chí Minh,"Java, Javascript, Sql, Html/Css"
[LQA] React Native Developer,LTS Group,LinkedIn,Mobile Developer,Hà Nội,"Aws, React, Javascript"
Junior/Middle Manual QC Engineer,Saigon Technology - Accelerate Software Development,LinkedIn,QA Engineer,Đà Nẵng,"Aws, Agile, Not Specified"
[HN] Software Engineer,Base Careers,LinkedIn,Software Engineer,Hà Nội,"Php, Javascript"
Solution Android Engineer,Datalogic,LinkedIn,Solution Android Engineer,Hồ Chí Minh,"Java, Agile, Kotlin"
AI/ML Engineer,Wanek Furniture,LinkedIn,AI Engineer,Not Specified,"Aws, Python"
Frontend Developer,Cartrack,LinkedIn,Frontend Developer,Hồ Chí Minh,"Typescript, Sql, Docker, Javascript, Html/Css, Php, Html, Css"
QA Engineer,CODE LEAP,LinkedIn,QA Engineer,Hồ Chí Minh,"Agile, React"
Senior Java Software Engineer,KMS Healthcare,LinkedIn,Senior Java Software Engineer,Đà Nẵng,"Sql, Javascript, Agile, Aws, Html/Css, Java, Html, Css"
Application Engineer - Remote,Vault Cloud,LinkedIn,Application Engineer,Not Specified,"Agile, Ruby"
Senior Backend Engineer,NAVER VIETNAM,LinkedIn,Backend Developer,Hồ Chí Minh,Java
Chuyên viên Quản trị hệ thống Corebanking,BIDV (Bank for Investment and Development of Vietnam),LinkedIn,Chuyên viên Quản trị hệ thống Corebanking,Hà Nội,
VN Technology Full-stack Engineer,CADDi,LinkedIn,Full-stack Developer,Hà Nội,"Typescript, Rust, Aws, React, Python, Java, Agile"
Senior Java Full-Stack Developer,Hitachi Consulting ( formerly Information Management Group),LinkedIn,Full-stack Developer,Hồ Chí Minh,"Java, React, Sql"
Senior Java Developer,Techcombank (TCB),LinkedIn,Backend Developer,Hà Nội,"Java, Aws, Agile, Sql"
Front End Flutter Developer,LG CNS Vietnam,LinkedIn,Frontend Developer,Hà Nội,"Aws, Agile, Dart, Swift"
Full-stack Developer,Globant,LinkedIn,Full-stack Developer,Hà Nội,"Php, Javascript, Vue.Js"
Developer Fullstack,SOCOTEC,LinkedIn,Full-stack Developer,Hà Nội,"Java, Javascript, Docker, Sql"
[Cloud BI] Senior/Principal Frontend Engineer,"Money Forward Vietnam Co., Ltd",LinkedIn,Frontend Developer,Hồ Chí Minh,"Typescript, Docker, Javascript, Aws, React, Python, Agile"
Intermediate Backend Software Engineer,Employment Hero,LinkedIn,Backend Developer,Hồ Chí Minh,"Sql, Javascript, Agile, Aws, C#"
Analytics Engineer - BI & Planning,Shopee,LinkedIn,Data Engineer,Hồ Chí Minh,"Sql, Python"
MMORPG Server Developer,Nexon Networks Vina,LinkedIn,Game Developer,Hồ Chí Minh,Not Specified
C/C++ Developer,FPT Play,LinkedIn,C/C++ Developer,Hồ Chí Minh,"C++, Agile, C"
[HÀ NỘI/HẢI PHÒNG/BÌNH DƯƠNG] GIÁO VIÊN FULLTIME CÔNG NGHỆ & STEM,TEKY ACADEMY,LinkedIn,Giáo viên,Hà Nội,"Scratch, Javascript, Python, Java, Php, Html, Css"
AI Developer,Azeus Systems Limited,LinkedIn,AI Engineer,Hồ Chí Minh,"Sql, Docker, Javascript, C++, Aws, Python"
Junior AWS Devops,"SOTATEK., JSC",LinkedIn,DevOps Engineer,Hà Nội,"Rust, Docker, Node.Js, Aws, Go, Python, Java"
C/C++ Software Engineer,LG Electronics R&D Vietnam,LinkedIn,Software Engineer,Hà Nội,"C++, Agile, C"
Full Stack Developer,Eastgate Software - We Drive Digital Transformation,LinkedIn,Full Stack Developer,Hà Nội,"Docker, Javascript, Node.Js, Aws, React, Php, Html"
Android Engineer,what3words,LinkedIn,Android Engineer,Hồ Chí Minh,Kotlin
Senior Backend/Fullstack Software Engineer I,Axon,LinkedIn,Backend Developer,Hồ Chí Minh,"Javascript, Go, Html/Css, Java, Scala, Css"
[HN] Automation test - English Fluency,Sun* Vietnam,LinkedIn,Automation Tester,Hà Nội,"Sql, Agile, Python, Java, C#"
QA Engineer,Binance,LinkedIn,QA Engineer,Hồ Chí Minh,"Java, Sql"
.Net Software Engineer - Vietnam,Globant,LinkedIn,.Net Software Engineer,Hà Nội,"React, C#, Sql, Agile"
Intermediate/Senior Manual Tester,MealSuite,LinkedIn,QA Engineer,Hồ Chí Minh,Agile
2025 – People – Process Automation Specialist – Bangkok-based,Agoda,LinkedIn,Process Automation Specialist,Hà Nội,"Sql, Python"
Senior Java developer-Upto 60M,BlueOC Careers,LinkedIn,Backend Developer,Hà Nội,"Java, Aws, Docker"
[Hybrid] AI Engineer - LLM,Findicia,LinkedIn,AI Engineer,Hồ Chí Minh,Python
Full-stack Engineer,Elfie,LinkedIn,Full-stack Developer,Not Specified,"Docker, Typescript, Html, Css"
ML Ops Co-Founders Wanted | Experts in Machine Learning Infrastructure & Automation,Antler,LinkedIn,Other IT Role,Hồ Chí Minh,Not Specified
Senior Java Developer,Techvify,LinkedIn,Senior Java Developer,Hà Nội,"Sql, Docker, Aws, React, Java, Agile"
Full Stack Engineer,SCC,LinkedIn,Full-stack Developer,Hồ Chí Minh,"Typescript, Aws, Python, Agile, C#"
"Software Engineer II, TransferConnect",Ascenda,LinkedIn,Software Engineer,Hồ Chí Minh,Ruby
Intermediate Software Engineer,Employment Hero,LinkedIn,Backend Developer,Not Specified,"Python, Java, Php, Agile, Ruby"
[HCM] Fullstack developer,MTI Technology,LinkedIn,Full-stack Developer,Hồ Chí Minh,"Typescript, Sql, Docker, Javascript, Agile, Html/Css, Html, Css"
Software Engineer II,OPSWAT,LinkedIn,Software Engineer,Hồ Chí Minh,"C++, Agile, Sql"
Back End Developer,Masan Group,LinkedIn,Backend Developer,Hà Nội,"Sql, Javascript, Agile, React, Java, Html, Css"
Software Engineer,Pluto,LinkedIn,Frontend Developer,Not Specified,"Aws, Typescript, React, Swift"
C/C++ Developer,FPT Play,LinkedIn,C/C++ Developer,Hồ Chí Minh,"C++, Agile, C"
Analytics Engineer,Zalopay,LinkedIn,Analytics Engineer,Hồ Chí Minh,"Sql, Python"
Go Programmer,Straits Financial Group,LinkedIn,Backend Developer,Hồ Chí Minh,"Go, Python, Html/Css, Php, Css"
Android Developer,CMC Global Company Limited.,LinkedIn,Mobile Developer,Đà Nẵng,"C++, C"
iOS Engineer,Mynavi TechTus Vietnam,LinkedIn,Mobile Developer,Đà Nẵng,"Agile, Dart, Swift"
Embedded AI Engineer,Motorola Solutions,LinkedIn,Embedded Engineer,Hồ Chí Minh,"C++, Python, C"
CNC Programmer,I-TALENT VIETNAM,LinkedIn,Other IT Role,Hồ Chí Minh,
QC ENGINEER,ĐÚNG NGƯỜI ĐÚNG VIỆC Community,LinkedIn,QA Engineer,Not Specified,Agile
Full Stack Engineer,FPT Software Career,LinkedIn,Full-stack Developer,Hà Nội,"Sql, Docker, Javascript, Aws, React"
Senior Full Stack Engineer,Ringkas,LinkedIn,Full-stack Developer,Hồ Chí Minh,"Typescript, Sql, Aws, React, Agile"
Senior Software Engineer,Navigos Search Tech,LinkedIn,Backend Developer,Hồ Chí Minh,"Docker, Aws, Python, Java, Agile"
"Kỹ thuật viên, Chương trình vận hành bền vững",Google,LinkedIn,IT Project Manager,Hà Nội,
Fullstack Developer,CodeLink,LinkedIn,Full-stack Developer,Hồ Chí Minh,"Sql, Javascript, Node.Js, Aws, Python, Agile"
Senior Fullstack Developer - Odoo,"KAROFI: Chuyên gia lọc nước, thấu hiểu - chuyên sâu",LinkedIn,Full-stack Developer,Hà Nội,"Docker, Javascript, Agile, Aws, Html, Css"
Senior Java Developer,The Value Maximizer,LinkedIn,Software Engineer,Hồ Chí Minh,"Sql, Javascript, Aws, React, Java"
Kỹ sư IE,CNK Consulting Vietnam,LinkedIn,Other IT Role,Bắc Giang,Not Specified
Principle/Lead Engineer,Binance,LinkedIn,Lead Engineer,Hồ Chí Minh,"Java, React, Sql"
Mobile Application Developer,Avensys Consulting,LinkedIn,Mobile Developer,Hồ Chí Minh,"Objective-C, Javascript, Kotlin, Aws, React, Java, Agile, Swift"
Software Engineer - Integration Build,LG Electronics R&D Vietnam,LinkedIn,Software Engineer,Hà Nội,"C, Docker, C++, Python, Java"
Senior Full Stack Developer,Nimble,LinkedIn,Full-stack Developer,Đà Nẵng,"Javascript, Go, Php, Agile, Ruby"
Principal Backend Engineer,"Money Forward Vietnam Co., Ltd",LinkedIn,Backend Developer,Hồ Chí Minh,"Sql, Docker, Kotlin, Aws, Java, Agile"
"QA Automation Engineer – JavaScript/TypeScript | Tester, QA/QC",Sunbytes,LinkedIn,QA Engineer,Hồ Chí Minh,"Typescript, Javascript, Sql"
Senior/Lead Frontend Developer,One Mount,LinkedIn,Frontend Developer,Hà Nội,"Typescript, Javascript, React, Agile, Css"
Junior QA Engineer - Hanoi,AvePoint,LinkedIn,QA Engineer,Hà Nội,Agile
Frontend Developer,EnSoft Consulting,LinkedIn,Frontend Developer,Hà Nội,"Qml, Docker, C++"
Software Engineer,OPSWAT,LinkedIn,Software Engineer,Hồ Chí Minh,"C++, Agile"
Analytics Engineer,Zalopay,LinkedIn,Data Analyst,Hồ Chí Minh,"Sql, Python"
,Ban Vien Corporation,LinkedIn,Embedded Engineer,Hồ Chí Minh,"C++, C"
Manual Test Engineer,Kyanon Digital,LinkedIn,QA Engineer,Hồ Chí Minh,"Agile, Not Specified"
Senior C# Developer,Reflex Technologies Viet Nam,LinkedIn,Backend Developer,Hồ Chí Minh,C#
Unity Developer,ĐÚNG NGƯỜI ĐÚNG VIỆC Community,LinkedIn,Game Developer,Hà Nội,C#
Senior C# Developer,Cartrack,LinkedIn,Software Developer,Hồ Chí Minh,"Sql, Docker, Javascript, Agile, C#"
Data Engineer,Hitachi Digital Services,LinkedIn,Data Engineer,Hồ Chí Minh,"Aws, Agile, Sql, Python"
Fullstack TypeScript Developer,L4 Studio - Software Development Company,LinkedIn,Fullstack Developer,Hồ Chí Minh,"React, Typescript, Javascript"
Application Developer,Keyloop,LinkedIn,Application Developer,Hồ Chí Minh,"Agile, Not Specified"
Senior Java Software Engineer,VETC - Vietnam Electronic Toll Collection,LinkedIn,Software Engineer,Hà Nội,Java
Software Engineer,Viettel AI,LinkedIn,Software Engineer,Hà Nội,"C++, Go, Sql, C"
Call Center Developer,AthenaFS,LinkedIn,Backend Developer,Hà Nội,"Sql, C, Docker, Javascript, Lua Script"
Frontend Developer,Astek Vietnam,LinkedIn,Frontend Developer,Hà Nội,"Typescript, Javascript, Aws, React, Css"
Senior Developer,Endava,LinkedIn,Backend Developer,Hồ Chí Minh,"Java, Agile, Sql, Kotlin"
Senior Computer Vision Engineer,Binance,LinkedIn,Senior Computer Vision Engineer,Hồ Chí Minh,Python
Nodejs Developer,"SOTATEK., JSC",LinkedIn,Backend Developer,Hà Nội,"Typescript, Javascript"
Senior Software Engineer,Amplify,LinkedIn,Software Engineer,Hồ Chí Minh,"React, Javascript, Python"
Senior Software Engineer,QCP,LinkedIn,Software Engineer,Hồ Chí Minh,"Java, Aws"
GAME DEVELOPER,Archer Game Studio,LinkedIn,Game Developer,Hà Nội,"C#, Agile"
Principal Frontend Engineer,"Money Forward Vietnam Co., Ltd",LinkedIn,Frontend Developer,Hồ Chí Minh,"Typescript, Docker, Javascript, Agile, Aws, Go, React, Html, Ruby, Css"
Fullstack Engineer Java/React,HRS Group,LinkedIn,Full-stack Developer,Hồ Chí Minh,"Typescript, Javascript, Agile, Aws, React, Java, Html, Css"
Freelance Software Developer,Mindrift,LinkedIn,Software Developer,Not Specified,Ruby
Full Stack Engineer,WorldQuant,LinkedIn,Full-stack Developer,Hà Nội,"Typescript, Sql, Docker, Javascript, React, Python, Html/Css, Html, Css"
Senior Software Engineer,Employment Hero,LinkedIn,Backend Developer,Not Specified,"Python, Java, Php, Agile, Ruby"
Associate QA Engineer,OPSWAT,LinkedIn,QA Engineer,Hồ Chí Minh,"C, Agile, C++, Python, Java, C#"
Full Stack AI Engineer,Renesas Electronics,LinkedIn,Full Stack Engineer,Hồ Chí Minh,"Sql, Javascript, Agile, Aws, React, Python, Html, Css"
,Ban Vien Corporation,LinkedIn,Embedded Engineer,Hồ Chí Minh,"C++, C"
[iKame Games] Unity Game Developer,iKame Global,LinkedIn,Game Developer,Hà Nội,C#
Tuyển dụng kỹ sư trực hệ thống CNTT mạng Vietnamobile,NMS,LinkedIn,Network Engineer,Hà Nội,
Microsevices Developer,LTS Group,LinkedIn,Microservices Developer,Hà Nội,"C#, Sql"
Back End Developer Crypto/Blockchain domain,RBX,LinkedIn,Backend Developer,Hà Nội,"Golang, Docker, Rust"
[R&D] Technical Documentation Engineer,Bosch Vietnam,LinkedIn,Technical Documentation Engineer,Hồ Chí Minh,Not Specified
Back End Developer,HCLTech Vietnam,LinkedIn,Backend Developer,Hồ Chí Minh,"Docker, Node.Js, Golang, Python, Java"
Tester,Sapo Technology JSC,LinkedIn,QA Engineer,Hà Nội,
Frontend Engineer,Fetch Technology Vietnam,LinkedIn,Frontend Developer,Hồ Chí Minh,"Css3, Html5, Typescript, Javascript, React"
Data Engineer,Sun* Vietnam,LinkedIn,Data Engineer,Hà Nội,"Aws, Sql, Python"
Bridge System Engineer,"PiraGo VietNam Co., Ltd.",LinkedIn,Project Manager,Hà Nội,"Java, Php"
Tester,FPT Smart Cloud,LinkedIn,QA Engineer,Hà Nội,"Typescript, Javascript, Aws, Java, Agile"
Cloud Engineer/SRE,TMA Technology Group (BU3),LinkedIn,Cloud Engineer,Hồ Chí Minh,"Docker, Aws, Python"
Ruby on Rails Developer,Oivan,LinkedIn,Backend Developer,Hồ Chí Minh,"Sql, Ruby"
Senior Flutter Developer,One Mount,LinkedIn,Mobile Developer,Hà Nội,"Agile, Dart"
Sr. Back-end Developer,Elfie,LinkedIn,Backend Developer,Not Specified,"Docker, Aws, Typescript, Nodejs"
[BGSV] Woman Leadership in Tech,Bosch Global Software Technologies Vietnam,LinkedIn,Other IT Role,Hà Nội,Java
Lead/Consultant ReactJS Engineer,NAB Innovation Centre Vietnam,LinkedIn,Lead/Consultant ReactJS Engineer,Hà Nội,"Typescript, Javascript, Aws, React, Agile"
Senior Fullstack Developer,Endava,LinkedIn,Fullstack Developer,Hồ Chí Minh,"Sql, Javascript, Agile, React, Python, C#"
[ONSITE PROJECT] .NET DEVELOPER,AHT Tech,LinkedIn,Backend Developer,Hà Nội,"C#, Javascript, Sql, Css"
Manual Tester,"SOTATEK., JSC",LinkedIn,QA Engineer,Hà Nội,Not Specified
Bridge & Lead Software Engineer,FUJIFILM Business Innovation Vietnam,LinkedIn,Bridge & Lead Software Engineer,Hồ Chí Minh,
Back End Developer,Jitsu Vietnam,LinkedIn,Backend Developer,Hà Nội,"Java, Sql, Golang, Rust"
Chief AI Engineer & Startup Founder | June Cohort,Antler,LinkedIn,AI Engineer,Hồ Chí Minh,Python
Software Engineer,OPSWAT,LinkedIn,Software Engineer,Hồ Chí Minh,"C++, Agile"
Freelance Software Developer,Mindrift,LinkedIn,Software Developer,Not Specified,Go
[iKame Games] Unity Game Developer,iKame Global,LinkedIn,Game Developer,Hà Nội,C#
Data Engineer,Hitachi Consulting ( formerly Information Management Group),LinkedIn,Data Engineer,Hà Nội,"Aws, Agile, Sql, Python"
Embedded Linux Engineer,Ban Vien Corporation,LinkedIn,Embedded Engineer,Hồ Chí Minh,"C++, C"
AI Engineer,Theta Universe Media,LinkedIn,AI Engineer,Hà Nội,
[HCM] Fullstack Laravel | Negotiable,WAOHire - HR E2E Solutions & Offshoring,LinkedIn,Full-stack Developer,Hồ Chí Minh,"Docker, Php, Html, Css"
[HÀ NỘI] .NET DEVELOPER,CMC Technology & Solution (CMC TS),LinkedIn,Backend Developer,Hà Nội,"Sql, Html, Docker, Javascript, React, Html/Css, C#, Css"
[iKame Apps] iOS Developer,iKame Global,LinkedIn,iOS Developer,Hà Nội,"Xcode, Swift"
Mobile Developer,9Pay,LinkedIn,Mobile Developer,Hà Nội,Dart
AI ENGINEER,Veriserve Vietnam,LinkedIn,AI Engineer,Hà Nội,"C++, Agile, Python"
Backend Engineer,Winter Wolf - IEC Games,LinkedIn,Backend Developer,Hà Nội,"Docker, Javascript"
Windows Desktop Developer,freeC Consulting,LinkedIn,Software Engineer,Hồ Chí Minh,"C++, Agile, Javascript"
Cross-Platform Mobile Developer,HCLTech Vietnam,LinkedIn,Mobile Developer,Hồ Chí Minh,"React, Typescript, Javascript, Agile"
VA 5359 - Drupal Developer,InterGreat Education Group,LinkedIn,Drupal Developer,Hà Nội,"Php, Agile, Javascript, Sql"
Fullstack Developer,Sapo Technology JSC,LinkedIn,Fullstack Developer,Hà Nội,"Java, Aws"
MT | Senior Fullstack Engineer,CBTW APAC,LinkedIn,Full-stack Developer,Hồ Chí Minh,"Typescript, Docker, Javascript, Aws, React"
Senior Frontend Engineer - KYC Saas,Binance,LinkedIn,Frontend Developer,Hồ Chí Minh,"React, Typescript, Javascript"
Python Back-end Developer,The Value Maximizer,LinkedIn,Backend Developer,Hà Nội,"Docker, Aws, Python"
Python Developer,"Wanosoft Co.,Ltd",LinkedIn,Backend Developer,Hà Nội,"Docker, Aws, Python"
Bridge Software Engineer,Hitachi Digital Services,LinkedIn,Bridge Software Engineer,Hồ Chí Minh,"Java, Angular, React, Agile"
Software Testing Engineer,Datalogic,LinkedIn,Software Engineer,Hồ Chí Minh,"Java, Agile, Python"
Senior Java Software Engineer,zen8labs,LinkedIn,Software Engineer,Hà Nội,"Java, Aws, Agile"
Mobile Flutter Developer,Elfie,LinkedIn,Mobile Developer,Not Specified,Dart
Senior Java Software Engineer,"Hydsoft CO., LTD",LinkedIn,Backend Developer,Hà Nội,"Sql, Docker, Aws, Java, Agile"
Senior Frontend Developer,Servisys - Headhunting Firm,LinkedIn,Frontend Developer,Hà Nội,"React, Typescript, Javascript, Html/Css"
Staff,WNC Corporation,LinkedIn,Other IT Role,Not Specified,Not Specified
Freelance Software Developer,Mindrift,LinkedIn,Software Developer,Hồ Chí Minh,"Docker, Python, Rust"
Data Engineer,Hitachi Consulting ( formerly Information Management Group),LinkedIn,Data Engineer,Hà Nội,"Aws, Agile, Sql, Python"
Chuyên viên lập trình Golang,bTaskee,LinkedIn,Not Specified,Hồ Chí Minh,"Docker, Go, Sql"
Game Designer,Hopper Vietnam,LinkedIn,Game Developer,Hồ Chí Minh,
Generative AI Engineer,More Than Strata,LinkedIn,Generative AI Engineer,Hồ Chí Minh,"Docker, Aws, Typescript, Python"
Middle Golang Developer | Upto $2000,WAOHire - HR E2E Solutions & Offshoring,LinkedIn,Backend Developer,Hồ Chí Minh,"Golang, Php, Sql"
Angular Developer,CMC Global Company Limited.,LinkedIn,Frontend Developer,Hà Nội,"Html, Javascript, Agile, Css"
Senior ReactJS Engineer - Work in Da Nang,Orient Software Development Corp.,LinkedIn,Frontend Developer,Đà Nẵng,"React, Agile, Javascript, Html/Css"
Senior Frontend Engineer,InApps Technology,LinkedIn,Frontend Developer,Hồ Chí Minh,"Typescript, Css"
Project Leader cum Bridge Software Engineer,freeC Consulting,LinkedIn,Project Leader cum Bridge Software Engineer,Hồ Chí Minh,Not Specified
Vuejs developer,"SOTATEK., JSC",LinkedIn,Frontend Developer,Hà Nội,Javascript
Engineer,NetRay Technologies,LinkedIn,Engineer,Hà Nội,
Senior Machine Learning Engineer,VPBank,LinkedIn,Machine Learning Engineer,Hà Nội,"Sql, Python"
Senior C++ Developer,VTI,LinkedIn,Senior C++ Developer,Hà Nội,"C++, Aws"
Data,iScale Solutions,LinkedIn,Data Engineer,Hồ Chí Minh,"Aws, Sql, Python"
[VARMETA ĐÀ NẴNG] FULLSTACK DEVELOPER - SENIOR,Varmeta,LinkedIn,Full-stack Developer,Đà Nẵng,"React, Javascript, Not Specified, Php"
[Remote - Offer 70M VND] Fullstack JS Developer - AI Native,IT Company,LinkedIn,Fullstack Developer,Hà Nội,"Typescript, Javascript, Aws, React, Agile"
Quality Control Engineer,TechX Corp.,LinkedIn,Quality Control Engineer,Hồ Chí Minh,"Aws, Javascript"
Backend Techlead,CBTW APAC,LinkedIn,Backend Techlead,Hà Nội,"Java, Php, Agile, Golang"
Senior Hybrid QA/QC Engineer,"Money Forward Vietnam Co., Ltd",LinkedIn,QA Engineer,Hồ Chí Minh,"Agile, Not Specified"
Founding Tech Lead / Fullstack Engineer,Edtronaut,LinkedIn,Founding Tech Lead,Hồ Chí Minh,"Aws, React, Javascript"
Senior Software Developer,Simpson Strong-Tie,LinkedIn,Frontend Developer,Hồ Chí Minh,"Typescript, Javascript, Agile, Sass, React, Html, Css"
工程師,WNC Corporation,LinkedIn,Not Specified,Not Specified,
Process Quality Assurance,Hitachi Digital Services,LinkedIn,QA Engineer,Hồ Chí Minh,Not Specified
C++ Engineer,WorldQuant,LinkedIn,C++ Engineer,Hà Nội,"C++, Python"
VN Technology Principal Backend Engineer,CADDi,LinkedIn,Backend Developer,Hà Nội,"Typescript, Rust, Docker, React, Python, Agile"
Games Engineer,DataX Power,LinkedIn,Game Developer,Hà Nội,"Typescript, Javascript"
Chuyên viên lập trình Golang,bTaskee,LinkedIn,Backend Developer,Hồ Chí Minh,"Golang, Sql, Docker"
"Binance Accelerator Program - Quality Assurance Engineer, Risk",Binance,LinkedIn,Quality Assurance Engineer,Hồ Chí Minh,"Java, Javascript, Python"
Software Developer,LTS Group,LinkedIn,Software Developer,Hà Nội,C#
.NET Engineer,Sioux Technologies Asia,LinkedIn,Software Engineer,Hồ Chí Minh,C#
System Engineer,FPT Telecom International,LinkedIn,System Engineer,Hồ Chí Minh,"Docker, Aws, Bash, Python, Php"
Senior Software Engineer,Timebeat Vietnam,LinkedIn,Software Engineer,Hồ Chí Minh,Golang
Tuyển dụng vị trí Software Tester,NMS,LinkedIn,Software Tester,Hà Nội,
[HCM] Middle/Senior Manual QA,YOONG SOLUTIONS,LinkedIn,QA Engineer,Hồ Chí Minh,"Agile, Not Specified"
Quality Assurance Lead,Manabie,LinkedIn,QA Engineer,Hồ Chí Minh,"Agile, Javascript, Python, Sql"
Chuyên viên/Chuyên viên Cấp cao/Chuyên gia Kiểm thử Phần mềm - Phòng Phân tích Nghiệp vụ - Khối Công nghệ,National Citizen Bank (NCB),LinkedIn,QA Engineer,Hà Nội,
Manual QC Engineer,Saigon Technology - Accelerate Software Development,LinkedIn,QA Engineer,Hồ Chí Minh,"Aws, Agile, Sql, Not Specified"
Senior Java API Engineer,TymeX,LinkedIn,Backend Developer,Hồ Chí Minh,"Java, Aws, Agile, Docker"
Senior Front-end Developer,MTA Solutions Asia,LinkedIn,Frontend Developer,Hồ Chí Minh,"Aws, React, Agile, Javascript"
QA Engineer,Appota,LinkedIn,QA Engineer,Hà Nội,"Aws, Not Specified"
Senior Software Development Engineer,At Dawn Technologies,LinkedIn,Software Engineer,Not Specified,"Sql, Docker, Aws, Python, Java, Agile"
Bridge Software Engineer,DXC Technology Vietnam,LinkedIn,Bridge Software Engineer,Hồ Chí Minh,"Java, Agile, .Net, Sql"
Software engineer,Damen,LinkedIn,Software Engineer,Not Specified,
Senior Java Developer,VTI,LinkedIn,Backend Developer,Hà Nội,"Java, Aws"
Hanoi - Manual Test Engineer,LG Electronics R&D Vietnam,LinkedIn,QA Engineer,Hà Nội,"Agile, Not Specified"
Fullstack Developer,Viettel AI,LinkedIn,Fullstack Developer,Hà Nội,"Java, Agile, Sql, Python"
Senior Fullstack Engineer - Node.js + Vue.js,LittleLives,LinkedIn,Full-stack Developer,Hà Nội,"Css3, Html5, Typescript, Docker, Javascript"
Manual QC Engineer,Galaxy FinX,LinkedIn,QA Engineer,Hồ Chí Minh,
Senior Java Software Engineer-Upto 60M,SETA International Careers,LinkedIn,Backend Developer,Hà Nội,"Java, Aws, Docker"
Remote Fullstack Engineer,Glints,LinkedIn,Full-stack Developer,Not Specified,"Typescript, Docker, Javascript, Aws, React"
Senior Front End Engineer,Ant International,LinkedIn,Frontend Developer,Hồ Chí Minh,"Java, React, Javascript, Html/Css"
Software Engineer,OPSWAT,LinkedIn,Software Engineer,Hồ Chí Minh,"Docker, C++, React, Python, Html, Css"
"Binance Accelerator Program - Quality Assurance Engineer, Risk",Binance,LinkedIn,QA Engineer,Hồ Chí Minh,"Java, Javascript, Python"
Python Technology Development,ĐÚNG NGƯỜI ĐÚNG VIỆC Community,LinkedIn,Other IT Role,Not Specified,Python
Software Engineer C++,MiTek Vietnam,LinkedIn,Software Engineer,Hồ Chí Minh,"C++, C#, C, Agile"
,Ban Vien Corporation,LinkedIn,Embedded Engineer,Hồ Chí Minh,"C++, Python, C"
AI Engineer,Hitachi Consulting ( formerly Information Management Group),LinkedIn,AI Engineer,Đà Nẵng,"Aws, Agile, Sql, Python"
.NET Engineer,Sioux Technologies Asia,LinkedIn,Software Engineer,Hồ Chí Minh,C#
Python Developer,Saigon Technology - Accelerate Software Development,LinkedIn,Python Developer,Đà Nẵng,"Docker, Aws, Agile, Python"
[HCM] Middle/Senior QC Engineer,Ahamove,LinkedIn,QA Engineer,Hồ Chí Minh,
Manual Test,NMS,LinkedIn,QA Engineer,Hà Nội,"Agile, Sql"
[LTS] Kỹ Sư Cầu Nối,LTS Group,LinkedIn,Other IT Role,Hà Nội,Not Specified
Blockchain Security Engineer,Binance,LinkedIn,Blockchain Security Engineer,Hồ Chí Minh,"Go, Python, Rust, Solidity"
System Engineer,FPT Telecom International,LinkedIn,System Engineer,Hồ Chí Minh,Not Specified
Senior Backend Engineer,Trusting Social,LinkedIn,Backend Engineer,Hồ Chí Minh,"Docker, Aws, Go, Java, Agile"
C/C++ Engineers,AXON Networks,LinkedIn,C/C++ Engineer,Hà Nội,"C++, Agile, C"
Bridge Software Engineer,DXC Technology Vietnam,LinkedIn,Bridge Software Engineer,Hồ Chí Minh,"Java, C#, Sql, Agile"
Senior Java Developer,The Value Maximizer,LinkedIn,Backend Developer,Hà Nội,"Sql, Docker, Aws, Java, Agile"
Android Application,FPT Software,LinkedIn,Mobile Developer,Hà Nội,"Agile, Kotlin"
Lead App Frontend Developer,AllwaysFirst,LinkedIn,Lead App Frontend Developer,Hồ Chí Minh,"Java, Swift, Kotlin"
Backend Engineer: Platform API - Vietnam,Persefoni,LinkedIn,Backend Developer,Hồ Chí Minh,"Aws, Go, Sql"
Java Techlead,VMO Holdings,LinkedIn,Tech Lead,Hà Nội,"Java, Docker"
Generative AI Engineer,ActiveFence,LinkedIn,Generative AI Engineer,Hà Nội,"Sql, Python"
Senior Backend Engineer,NAVER VIETNAM,LinkedIn,Backend Developer,Hồ Chí Minh,Java
AI/ML Engineer,CMC CONSULTING,LinkedIn,AI Engineer,Hà Nội,"R, Aws, Python"
Senior Back End Developer,findfolks,LinkedIn,Backend Developer,Not Specified,"Java, Docker"
Intermediate Full-Stack Software Engineer,Employment Hero,LinkedIn,Full-stack Developer,Not Specified,"Python, Java, Php, Agile, Ruby"
Senior Frontend Developer,Sunbytes,LinkedIn,Frontend Developer,Hà Nội,"Typescript, Javascript, Agile, React, Html, Css"
Python Technology Development,ĐÚNG NGƯỜI ĐÚNG VIỆC Community,LinkedIn,Other IT Role,Not Specified,Python
[LTS] PHP – WordPress Developer,LTS Group,LinkedIn,PHP – WordPress Developer,Hà Nội,Php
Lead Software Engineer,Wati,LinkedIn,Lead Software Engineer,Hồ Chí Minh,"Docker, Javascript, Agile, Aws, Golang, C#"
Chuyên viên lập trình Mobile - React Native,bTaskee,LinkedIn,Mobile Developer,Hồ Chí Minh,"React, Typescript, Javascript"
,Zalo,LinkedIn,Software Engineer,Hồ Chí Minh,"Java, React"
【教育事業】品質保証エンジニア,ドワンゴ,LinkedIn,QA Engineer,Hồ Chí Minh,Not Specified
iOS Developer,MISA JSC,LinkedIn,Mobile Developer,Hà Nội,"Xcode, Objective-C, Swift"
Back-End & DevOps Developer,bootloader studio,LinkedIn,Back-end & DevOps Developer,Not Specified,"Typescript, Sql, Docker, Javascript, Agile, Aws, Go, Python, Unix Shell, C#"
,Floating Cube Studios,LinkedIn,Android Engineer,Hồ Chí Minh,"Flutter, Agile, Kotlin"
Senior Software Developer Level 2,Seadev,LinkedIn,Software Engineer,Đà Nẵng,"Typescript, Javascript, Agile, Php, Html, Css"
Back End Developer,Karofi Global,LinkedIn,Backend Developer,Hà Nội,"Aws, Agile, Javascript, Sql"
[HCM/DN] Embedded Linux Kernel Engineer,Sioux Technologies Asia,LinkedIn,Embedded Engineer,Hồ Chí Minh,"C++, Agile, C"
Senior Java Developer,Saigon Technology - Accelerate Software Development,LinkedIn,Backend Developer,Hồ Chí Minh,"Java, Aws, Agile, Docker"
Nhân viên kỹ thuật - PT Staff,Công Ty TNHH Bld Vina,LinkedIn,Not Specified,Hà Nội,
Python Developer,"SOTATEK., JSC",LinkedIn,Backend Developer,Hà Nội,Python
Senior Java Developer,Qode Jobs,LinkedIn,Backend Developer,Hồ Chí Minh,"Sql, Javascript, Aws, React, Java"
BrSE,Azoom Viet Nam INC,LinkedIn,Other IT Role,Hà Nội,
Middle C# Developer,VTI,LinkedIn,Backend Developer,Hà Nội,"Aws, C#"
MNM343 IE 实习生,WNC Corporation,LinkedIn,Other IT Role,Not Specified,Not Specified
L2 Software Support Engineer,Ataccama,LinkedIn,L2 Software Support Engineer,Hà Nội,"Typescript, Sql, Aws, React, Python, Java"
Backend DevOps Lead,The Value Maximizer,LinkedIn,Backend Developer,Hồ Chí Minh,"Java, Aws, Python"
"Senior Software Engineer, TrueTest",Katalon,LinkedIn,Software Engineer,Hồ Chí Minh,"Javascript, Css"
Senior Backend Engineer,Binance,LinkedIn,Backend Developer,Hồ Chí Minh,Java
Senior Java Software Engineer,"transcosmos technology Vietnam Co., Ltd.",LinkedIn,Software Engineer,Hồ Chí Minh,"Javascript, Agile, Java, Html, Css"
"Engineer/Senior Engineer, Frontend - Blockchain Applications",Hex Trust,LinkedIn,Frontend Developer,Hồ Chí Minh,"Typescript, Javascript, React, Html/Css, Html, Css"
Senior AI Engineer,Techvify,LinkedIn,AI Engineer,Đà Nẵng,"Aws, Agile, Sql, Python"
[LTS] PHP – WordPress Developer,LTS Group,LinkedIn,PHP – WordPress Developer,Hà Nội,Php
Fullstack Developer,ORBRO Inc.,TopCV,Fullstack Developer,Hà Nội,"Flutter, Typescript, React, Python"
Trưởng Bộ Phận ERP,Công ty TNHH Phát triển công nghệ điện tử Bình Anh,TopCV,IT Project Manager,Hà Nội,
Kỹ Sư Phát Triển Phần Mềm,CÔNG TY TNHH ESUHAI TECHNOLOGY,TopCV,Software Engineer,Hồ Chí Minh,
RTOS Developer,FPT Software,TopCV,Other IT Role,Hà Nội,"C++, C"
Frontend Developer,Công ty Cổ phần Công nghệ KiotViet,TopCV,Frontend Developer,Hà Nội,"Html, Javascript, Css"
Web Developer,CÔNG TY CỔ PHẦN TRUYỀN THÔNG VÀ QUẢNG CÁO MIC CREATIVE,TopCV,Web Developer,Hà Nội,"Html, Html/Css, Css"
Lập Trình Viên Wordpress,TNHH CÔNG NGHỆ SMO,TopCV,Other IT Role,Nghệ An,"Javascript, React, Php, Html, Css"
IT Manager,Công ty TNHH AEON Fantasy Việt Nam,TopCV,IT Manager,Hồ Chí Minh,"Sql, Javascript, Agile, Python, Java, Php, C#"
ReactJS Technical Leader,Công ty Cổ phần Giải pháp và Dịch vụ Phần mềm Nam Việt,TopCV,Technical Leader,Hà Nội,"Css3, Html5, Typescript, Javascript, Aws, React"
Backend Developer,CÔNG TY CỔ PHẦN CÔNG NGHỆ FLYER,TopCV,Backend Developer,Hà Nội,"Golang, Aws"
Kỹ Sư PLC_Không Yêu Cầu Kinh Nghiệm,CÔNG TY CỔ PHẦN TỰ ĐỘNG HOÁ GR,TopCV,Other IT Role,Hà Tĩnh,
Senior Backend Developer,Soctrip,TopCV,Backend Developer,Not Specified,"Docker, Javascript, Python, Sql"
Java Developer,CÔNG TY CỔ PHẦN STRINGEE,TopCV,Backend Developer,Hà Nội,"Java, Docker"
Mobile App,CÔNG TY CỔ PHẦN CHỨNG KHOÁN LPBANK,TopCV,Mobile Developer,Hà Nội,"React, Dart"
Lập Trình Web App,Công Ty Cổ Phần Công Nghệ ECRM,TopCV,Backend Developer,Nghệ An,"Sql, Html, Javascript, React, Python, Html/Css, Java, Php, C#, Css"
Lập Trình Viên .Net,CÔNG TY TNHH TECHNET GLOBAL,TopCV,Backend Developer,Hồ Chí Minh,"Javascript, C#, Sql"
Java Technical Lead,Công ty Cổ phần GEM,TopCV,Tech Lead,Hà Nội,"Sql, Docker, Aws, Java, Agile"
Power Platform Developer,"TECHVIFY SOFTWARE., JSC",TopCV,Power Platform Developer,Hà Nội,"Html, Javascript, Sql, Css"
Kỹ Sư Phát Triển Phần Mềm,CÔNG TY CỔ PHẦN TẬP ĐOÀN NAGAKAWA,TopCV,Software Engineer,Hà Nội,"Java, Sql"
Java Developer,CÔNG TY CỔ PHẦN GIẢI PHÁP BNK,TopCV,Backend Developer,Hà Nội,"Java, Agile, Docker"
Lập Trình Viên Backend,CTCP Truyền thông và Dịch vụ số Kiến Lửa,TopCV,Backend Developer,Hà Nội,".Net, Sql, Node.Js, Python, Java, Php"
Nhân Viên Lập Trình,Công Ty TNHH Giải Pháp Phần Mềm Việt Á,TopCV,Software Engineer,Hồ Chí Minh,"Vb.Net, C#, Sql"
Lập Trình Viên Server. Thu Nhập Upto 40M,CÔNG TY TNHH MARKETING METAS GROUP,TopCV,Backend Developer,Hà Nội,C#
Giáo Viên 3D Unity Game Part Time,CÔNG TY TNHH GIT ACADEMY VIỆT NAM,TopCV,Game Developer,Hà Nội,C#
Fullstack Developer,Công ty Cổ phần Kaopiz Software,TopCV,Fullstack Developer,Hà Nội,"Aws, Java, React, Javascript"
Game Developer,CÔNG TY CỔ PHẦN NEXAR,TopCV,Game Developer,Hà Nội,"C++, C#"
Mobile Developer,Công ty Cổ phần Công nghệ eUp,TopCV,Mobile Developer,Hà Nội,"Swift, Kotlin"
Software Engineer,Công ty TNHH Giải pháp Phân tích dữ liệu Insight Data,TopCV,Software Engineer,Hồ Chí Minh,"Java, Sql"
Backend Technical Leader,Công ty cổ phần Công nghệ và Dịch vụ XGame,TopCV,Backend Developer,Hà Nội,"Sql, Docker, Node.Js, Aws, Java, Agile"
Vận Hành Máy CNC,CÔNG TY TNHH ĐẦU TƯ THƯƠNG MẠI DỊCH VỤ GOLDEN SEA,TopCV,Not Specified,Hồ Chí Minh,
Frontend Developer,Công Ty Tài Chính TNHH HD SAISON,TopCV,Frontend Developer,Hồ Chí Minh,"Typescript, Javascript, Agile"
Android App Developer,CÔNG TY CỔ PHẦN CÔNG NGHỆ AMENO,TopCV,Mobile Developer,Hà Nội,"Java, Sql, Kotlin"
Lập Trình Mobile,CÔNG TY CỔ PHẦN KỸ THUẬT DỊCH VỤ SDIC,TopCV,Mobile Developer,Hà Nội,"Typescript, Objective C, Sql, Javascript, Kotlin, React, Java, Agile, Swift"
Fullstack Developer,Công ty cổ phần đầu tư NBG HIGHTECH,TopCV,Fullstack Developer,Hà Nội,"Typescript, Javascript, Html/Css, Html, Css"
Kỹ Thuật Viên Vận Hành Máy CNC Thu Nhập 8.000.000 - 13.000.000,Công ty Cổ phần Đầu tư Kenli,TopCV,Other IT Role,Hà Nội,
Flutter Developer,Braly JSC,TopCV,Mobile Developer,Hà Nội,"Java, Dart, Swift"
Nhân Viên Kỹ Thuật Ra File CNC Gỗ Công Nghiệp,CÔNG TY CỔ PHẦN ĐẦU TƯ ACT GROUP,TopCV,Other IT Role,Not Specified,Not Specified
Flutter Developer,CÔNG TY CỔ PHẦN TRUYỀN THÔNG VĂN HOÁ VIỆT,TopCV,Mobile Developer,Hà Nội,Dart
Fresher .NET,Splus Software,TopCV,Backend Developer,Hồ Chí Minh,"Sql, Javascript, Html/Css, Vb.Net, C#"
Lập Trình Viên ReactJS,Công ty Cổ phần Đầu tư và Phát triển Koolsoft,TopCV,Frontend Developer,Hà Nội,"Css3, Html5, Typescript, Javascript"
Frontend Leader,Công ty CP Phần mềm MOR,TopCV,Frontend Developer,Hồ Chí Minh,"React, Typescript, Javascript, Css"
C++ Developer,Công ty Cổ phần Kaopiz Software,TopCV,C++ Developer,Hà Nội,C++
Nhân Viên Lập Trình Ứng Dụng,Trường Đại học Nam Cần Thơ,TopCV,Software Engineer,Cần Thơ,C#
Senior Back-End Developer - Lĩnh Vực Edtech - Mức Lương Up To 40M,CÔNG TY CỔ PHẦN FIVE-STAR E-LEARNING,TopCV,Backend Developer,Hà Nội,"Sql, Docker, Agile, Aws, React, C#"
Middle Java Software Engineer,XPERC LTD,TopCV,Software Engineer,Hồ Chí Minh,"Sql, Docker, Aws, Java, Agile"
Fullstack Engineer,Sun* Inc. (Sun Asterisk Inc.),TopCV,Full-stack Developer,Hà Nội,"Typescript, React, Css"
React Native Developer,CÔNG TY CỔ PHẦN TEASER,TopCV,Mobile Developer,Hà Nội,"Java, React, Javascript, Swift"
Backend,CÔNG TY TNHH HORUS PRODUCTIONS,TopCV,Backend Developer,Hà Nội,"Docker, Javascript, Python"
Lập Trình Viên,Công ty TNHH Ambition Việt Nam,TopCV,Backend Developer,Hồ Chí Minh,"C++, Javascript, C, Java"
Senior Java Developer,CÔNG TY TNHH PHÁT TRIỂN HỆ THỐNG DỊCH VỤ CÔNG NGHỆ THÔNG TIN,TopCV,Backend Developer,Hà Nội,Java
Thực Tập Sinh,công ty cổ phần Data Impact,TopCV,Other IT Role,Hà Nội,"R, Sql, Aws, Python, Java, Scala"
Front-End Developer,CÔNG TY TNHH MTV SEN VÀNG VIỆT NAM,TopCV,Frontend Developer,Hồ Chí Minh,"React, Html, Javascript, Css"
Nhân Viên Kỹ Thuật,CÔNG TY TNHH 3D THINKING,TopCV,Other IT Role,Hà Nội,
React Native Developer Leader,CÔNG TY CỔ PHẦN CÔNG NGHỆ ALPHAWAY,TopCV,React Native Developer Leader,Hồ Chí Minh,"React, Javascript"
Lập Trình Viên Java,Công ty Cổ phần Đầu tư và Phát triển Koolsoft,TopCV,Backend Developer,Hà Nội,"Docker, Javascript, Java, Html, Css"
Team Leader,Công ty Cổ Phần Peasoft Việt Nam,TopCV,Team Leader,Hà Nội,"Postgresql, Javascript, Xml, Python, Agile"
Software Engineer – Data Engineering,NashTech,TopCV,Software Engineer,Hà Nội,Sql
Fullstack Developer,Công ty Cổ phần Công Nghệ Var Meta,TopCV,Fullstack Developer,Đà Nẵng,"Typescript, Javascript"
Senior Full-Stack Engineering Manager,FPT Software,TopCV,Full-stack Developer,Đà Nẵng,"Sql, Javascript, Agile, Aws, C#"
Backend Developer,Công ty TNHH BITCOVER,TopCV,Backend Developer,Hồ Chí Minh,"Javascript, Node.Js, Docker, Sql"
C++/C# Developer,CÔNG TY TNHH  PHẦN MỀM GIÁ TRỊ TÍNH  TOÁN VÀ ỨNG DỤNG CÔNG NGHỆ CAO,TopCV,C++/C# Developer,Hà Nội,"C++, C#, Python, Agile"
Kỹ Sư Lập Trình Ứng Dụng Phần Cứng,CÔNG TY CP ỨNG DỤNG VÀ PHÁT TRIỂN CÔNG NGHỆ TOÀN CẦU SMC,TopCV,Embedded Engineer,Hà Nội,"C++, C, Java"
Senior Front-End Developer,Công ty TNHH Unstatic,TopCV,Frontend Developer,Hà Nội,"Docker, Javascript, React, Html/Css, Css"
AI Backend Developer,"VĂN PHÒNG KOTRA, ĐẠI SỨ QUÁN HÀN QUỐC",TopCV,AI Backend Developer,Hà Nội,"Agile, Javascript, Python"
Nhân Viên Lập Trình Front-End,Công ty cổ phần Viễn thông VTC,TopCV,Frontend Developer,Hồ Chí Minh,"Html, Javascript, Css"
Java Developer,Công ty TNHH CMC GLOBAL,TopCV,Backend Developer,Hà Nội,"Java, Agile"
Kỹ Sư Tự Động Hoá,CÔNG TY TNHH MỘT THÀNH VIÊN SX LẮP RÁP CNC KANGAROO,TopCV,Embedded Engineer,Hưng Yên,Not Specified
Nhân Viên Điện Tự Động Hóa,CÔNG TY TNHH TESSELLATION HÒA BÌNH,TopCV,Other IT Role,Not Specified,Not Specified
Nhà Phát Triển Phần Mềm,CÔNG TY TNHH ALMOST REAL STUDIOS,TopCV,Software Engineer,Hồ Chí Minh,"Docker, Aws, React, Java, Agile"
Fullstack Developer,CÔNG TY CỔ PHẦN GIÁO DỤC LOGIC LAB,TopCV,Fullstack Developer,Hà Nội,"Javascript, Agile, Html/Css, Php, Html, Css"
IOS Developer,Công ty TNHH MTV Công nghệ Astraler,TopCV,Mobile Developer,Đà Nẵng,Swift
Game Developer,Công ty TNHH Rainbow 5S,TopCV,Game Developer,Hồ Chí Minh,"C++, C#"
Java Developer,WATA TECH,TopCV,Java Developer,Hồ Chí Minh,Java
Kỹ Sư Phần Mềm,Công ty TNHH Relipa,TopCV,Software Engineer,Hà Nội,"Javascript, Agile, Aws, Html, Css"
Nhân Viên Vận Hành Máy CNC,Công ty cổ phần cơ khí chính xác Thành Đạt,TopCV,Other IT Role,Hà Nội,Not Specified
Blockchain Developer,Công ty TNHH Relipa,TopCV,Blockchain Developer,Hà Nội,"Aws, React, Javascript"
"Lập Trình Viên C, C++",2NF SOFTWARE COMPANY LIMITED,TopCV,Software Engineer,Not Specified,"C++, C"
Lập Trình Viên Backend,CÔNG TY CỔ PHẦN TRUYỀN THÔNG VĂN HOÁ VIỆT,TopCV,Backend Developer,Hà Nội,"Javascript, Html/Css, Php, Html, Css"
Lập Trình Viên Fullstack,Công Ty Cổ Phần Công Nghiệp Weldcom,TopCV,Full-stack Developer,Hà Nội,".Net, Sql, Html, Docker, Javascript, Python, Java, C#, Css"
C Developer,Công ty cổ phần Công nghệ VISSOFT,TopCV,C Developer,Hà Nội,C
Lập Trình Viên Python,Bệnh Viện Đa Khoa Quốc Tế Thu Cúc – Chi Nhánh Công Ty Cổ Phần Y Khoa & Thẩm Mỹ Thu Cúc,TopCV,Software Engineer,Hà Nội,Python
Fresher Software Engineer,Công ty TNHH CMC GLOBAL,TopCV,Software Engineer,Hà Nội,"Javascript, Go, Python, Nodejs, Java, Html, Css"
Thực Tập Sinh - Tư Vấn Triển Khai Phần Mềm,CÔNG TY TNHH TM VÀ DV NINA,TopCV,Other IT Role,Hồ Chí Minh,
Fullstack Developer,Công ty TNHH Tổng công ty Công nghệ & Giải pháp CMC,TopCV,Fullstack Developer,Hà Nội,"Docker, React, Javascript, Sql"
Kỹ Sư Lập Trình,Công Ty TNHH Cammsys Việt Nam,TopCV,Embedded Engineer,Vĩnh Phúc,"C++, C#, Python, Java"
Nhân Viên Lập Trình Nhúng,Công ty TNHH Công nghệ Sao Vega,TopCV,Embedded Engineer,Hà Nội,"C++, C"
Java Developer,Công ty Cổ phần Công nghệ MicroTech,TopCV,Java Developer,Hà Nội,Java
Senior Full-Stack Developer,Công ty TNHH Cái Lò Nướng,TopCV,Full-stack Developer,Hồ Chí Minh,"Javascript, React, Python, Html/Css, Html, Css"
Senior Java,CÔNG TY TNHH CÔNG NGHỆ GIẢI PHÁP CITYNOW,TopCV,Backend Developer,Hồ Chí Minh,"Java, Sql"
Chương Trình Tuyển Dụng Và Đào Tạo Fresher Android Developer,Apero Technologies Group,TopCV,Android Developer,Hà Nội,Kotlin
C++ Developer,Công ty TNHH cung cấp dịch vụ viễn thông phương thảo,TopCV,C++ Developer,Hồ Chí Minh,"C++, Agile"
PHP Developer,CÔNG TY CỔ PHẦN SEPAY,TopCV,Backend Developer,Hồ Chí Minh,Php
Sap Abap Developer,FPT Software,TopCV,Other IT Role,Đà Nẵng,Abap
Thực Tập Sinh IT - Không Yêu Cầu Kinh Nghiệm,Công ty Cổ phần Công nghệ eUp,TopCV,Other IT Role,Hà Nội,Html/Css
Frontend Developer,Công ty Cổ Phần Rikkeisoft,TopCV,Frontend Developer,Hà Nội,"Typescript, Javascript, Html/Css, Html, Css"
Lập Trình Viên Phần Mềm DEV PHP,Công ty TNHH CÔNG NGHỆ VÀ TƯ VẤN DOANH NGHIỆP INNOCOM,TopCV,Backend Developer,Hồ Chí Minh,"Php, Javascript"
Java Developer,Công ty TNHH Thu phí tự động VETC,TopCV,Backend Developer,Hà Nội,"Java, Sql"
Junior Dev,CÔNG TY TNHH GIẢI PHÁP PHÂN TÍCH DỮ LIỆU INSIGHT DATA,TopCV,Junior Developer,Hà Nội,"Sql, Javascript, Node.Js, Python, Java"
Chief Technology Officer,CÔNG TY CỔ PHẦN CÔNG NGHỆ AMELA VIỆT NAM,TopCV,Chief Technology Officer,Hà Nội,Not Specified
Backend Developer,CÔNG TY TNHH DỊCH VỤ PHẦN MỀM HUMAN OFFSHORE PARTNERS,TopCV,Backend Developer,Hà Nội,"Sql, Docker, Node.Js, Aws, Go, Python, Php"
Nhân Viên Lập Trình Gia Công Phay CNC,Công ty TNHH Cơ Khí Xây Dựng Du Lịch Bách Tùng,TopCV,Other IT Role,Bình Dương,Not Specified
Home Trading System Developer,CÔNG TY TNHH DAOUKIWOOM INNOVATION,TopCV,Frontend Developer,Hồ Chí Minh,"Agile, Javascript"
Java Developer,Công ty Cp Công nghệ và Truyền thông Dagoras,TopCV,Backend Developer,Hà Nội,"Java, React"
Full Stack Developer,Công Ty Tài Chính Cổ Phần Điện Lực EVN,TopCV,Full-stack Developer,Hà Nội,"Docker, Node.Js, Aws, Python, C#"
Low-Code Developer,FPT Software,TopCV,Low-Code Developer,Hồ Chí Minh,"Html, Javascript, Sql, Css"
"Thực Tập Sinh IT, Lập Trình Frontend",Công Ty Cổ Phần Edulive Toàn Cầu,TopCV,Frontend Developer,Hà Nội,
Nodejs Developer,Văn phòng đại diện Everfit Technologies Inc tại thành phố ĐàNẵng,TopCV,Backend Developer,Đà Nẵng,"Docker, Aws, Agile, Javascript"
Mobile Developer Intern,Công ty Cổ phần Chứng khoán Phú Hưng,TopCV,Mobile Developer,Hồ Chí Minh,"Java, Dart, Swift, Kotlin"
Junior Backend Java Developer,Công ty cổ phần Ecoit,TopCV,Backend Developer,Hà Nội,"Java, Agile, Sql"
Middle Flutter,Công ty cổ phần Synodus,TopCV,Mobile Developer,Hà Nội,Dart
Python Developer,Công ty Cổ phần viễn thông FPT,TopCV,Backend Developer,Hà Nội,"Docker, Agile, Python"
Lập Trình Backend,Công ty cổ phần giải pháp MKT,TopCV,Backend Developer,Hà Nội,Node.Js
JAVA/ .NET Fresher Developers,CÔNG TY CỔ PHẦN FUJINET SYSTEMS,TopCV,Software Engineer,Hồ Chí Minh,"Sql, Html, Javascript, React, Java, C#, Css"
Middle/Senior IOS Developer,Công ty TNHH Unstatic,TopCV,Mobile Developer,Hà Nội,Swift
Nhân Viên Lập Trình,Công ty Cổ phần Truyền Thông và Thương Mại HTC,TopCV,Backend Developer,Hà Nội,"Java, React"
Trưởng Phòng Công Nghệ,Công ty Cổ phần Công nghệ DTT,TopCV,Tech Lead,Hà Nội,"Docker, Aws, Python, Java, Agile"
Kỹ Sư Cầu Nối,CÔNG TY CỔ PHẦN OMINEXT,TopCV,Kỹ Sư Cầu Nối,Not Specified,"Vb.Net, C#, Agile"
IT System & Solution Leader/ Leader Hệ Thống & Giải Pháp CNTT,CÔNG TY CỔ PHẦN NEXA VIỆT NAM,TopCV,IT Project Manager,Hồ Chí Minh,"Aws, Not Specified"
Nhân Viên IT,CÔNG TY TNHH CUNG ỨNG NGỌC THIÊN,TopCV,Software Engineer,Not Specified,"Sql, Javascript, Html/Css, Php, Html, Css"
Drupal Developer - Từ 3 Năm Kinh Nghiệm - Up To 35 Triệu/Tháng,Beetechsoft,TopCV,Backend Developer,Hà Nội,"Docker, Javascript, Aws, Php, Html, Css"
Java Fullstack,Công ty Cổ phần Đầu tư Phát triển Công nghệ và Truyền thông,TopCV,Full-stack Developer,Hà Nội,"Typescript, Sql, Javascript, Html/Css, Java, Html, Css"
Lập Trình Viên - Hệ Thống Bán Hàng,CÔNG TY TNHH JOYCO RETAIL OPERATIONS,TopCV,Software Engineer,Hồ Chí Minh,Not Specified
Lập Trình Viên Java,CÔNG TY CỔ PHẦN GIẢI PHÁP CÔNG NGHỆ VIỆT NAM,TopCV,Backend Developer,Hà Nội,"Java, Sql"
[Hybrid] Java Developer,Công ty Cổ phần GEM,TopCV,Backend Developer,Hà Nội,"Sql, Javascript, Aws, React, Java"
Middle/Senior C/C++ Developer,Splus Software,TopCV,C/C++ Developer,Hồ Chí Minh,C++
Game Developer Fresher,Công ty Cổ phần Falcon Technology,TopCV,Game Developer,Hà Nội,C#
Chief Technology Officer,CÔNG TY TNHH DREAM TALENT,TopCV,Chief Technology Officer,Hồ Chí Minh,"Java, Aws"
Kỹ Sư Lập Trình C,Công ty TNHH Phần mềm DTS Việt Nam,TopCV,Backend Developer,Hà Nội,"C++, C#"
Chuyên Gia/CVCC Hỗ Trợ Phát Triển Ứng Dụng,CÔNG TY TÀI CHÍNH TNHH MỘT THÀNH VIÊN BƯU ĐIỆN,TopCV,Backend Developer,Hà Nội,"Sql, Docker, Javascript, Aws, Java"
Material Developer Staff,CÔNG TY TRÁCH NHIỆM HỮU HẠN UNIPAX,TopCV,Other IT Role,Đồng Nai,
IT Developer/ASP.NET/Kỹ Sư Công Nghệ Thông Tin,Công Ty TNHH Fuji Machine Việt Nam,TopCV,Other IT Role,Hà Nội,"Sql, Html, Javascript, Html/Css, C#, Css"
Fullstack Developer,CÔNG TY TNHH FEDERATE GROUP,TopCV,Fullstack Developer,Hà Nội,"Javascript, Golang, Python, Java, Php, Css"
Frontend Developer,CÔNG TY CỔ PHẦN ZTO LABS,TopCV,Frontend Developer,Hà Nội,"Html, Javascript, Html/Css, Css"
Thực Tập Sinh Lập Trình Viên,CÔNG TY TNHH AI POWER,TopCV,Other IT Role,Hồ Chí Minh,"Javascript, React, Python, Java, Php, Ruby"
Lead Python Fullstack,Công ty Cổ Phần Công Nghệ Evotek Việt Nam,TopCV,Full-stack Developer,Hà Nội,"Php, Python"
[ĐN/HN] Web3 Frontend Developer,Công ty Cổ phần Công Nghệ Var Meta,TopCV,Frontend Developer,Đà Nẵng,"Typescript, React, Css"
Back-End Developer,CÔNG TY TNHH MTV SEN VÀNG VIỆT NAM,TopCV,Backend Developer,Hồ Chí Minh,"Sql, Node.Js, Aws, Python, Java, Php, Ruby"
Front-End Developer,Công ty Cổ phần VNEXT SOFTWARE,TopCV,Frontend Developer,Hà Nội,"Typescript, Javascript, Css"
Kỹ Thuật Viên Lập Trình CAD-CAM & Vận Hành Máy CNC,Công ty Cổ phần Công nghiệp KIMSEN,TopCV,Other IT Role,Bắc Ninh,
.NET Developer,Công ty Cổ phần Công nghệ KiotViet,TopCV,Backend Developer,Hà Nội,"Docker, C#, Sql"
Senior .NET Developer,CÔNG TY TRÁCH NHIỆM HỮU HẠN GIẢI PHÁP CÔNG NGHỆ CỘNG,TopCV,Senior .NET Developer,Hà Nội,"Docker, C#, Javascript, Sql"
Leader React Native,CÔNG TY CỔ PHẦN CÔNG NGHỆ ALPHAWAY,TopCV,Leader React Native,Hồ Chí Minh,"Docker, React, Typescript, Javascript"
Java Backend Developer,Công ty cổ phần Ecoit,TopCV,Backend Developer,Hà Nội,"Java, Agile, Sql"
Nhân Viên Developer Objective C,CÔNG TY TNHH KINH DOANH TỔNG HỢP TUẤN PHÁT,TopCV,Mobile Developer,Hà Nội,"Xcode, Objective-C, Swift"
Middle/Senior Fullstack Developer,Công ty TNHH Lisod Việt Nam,TopCV,Full-stack Developer,Hà Nội,"Docker, Php"
Flutter Developer,Công ty Cổ phần Công nghệ eUp,TopCV,Flutter Developer,Hà Nội,Dart
Playable Ads Developer,SonatGame Studio,TopCV,Playable Ads Developer,Hà Nội,Not Specified
Senior Operation Engineer,Công ty Cổ Phần Rikkeisoft,TopCV,Operation Engineer,Hà Nội,"Java, Javascript, Docker"
Kỹ Sư AI,CÔNG TY CỔ PHẦN CÔNG NGHỆ UPP TOÀN CẦU,TopCV,AI Engineer,Hà Nội,"R, Python, Java"
Business Developer - Project,CÔNG TY TNHH BLUM VIỆT NAM,TopCV,Business Analyst,Hà Nội,
Backend Developer,CÔNG TY TNHH DIGITECH SOLUTIONS,TopCV,Backend Developer,Hồ Chí Minh,"Sql, Docker, Node.Js, Agile, Python, C#"
Senior FE,Công ty Cổ phần Phần mềm Việt Quốc tế (VSII),TopCV,Frontend Developer,Hà Nội,"Agile, Javascript"
Fullstack Developer,Công ty CP Phần mềm MOR,TopCV,Full-stack Developer,Hồ Chí Minh,"Node.Js, Javascript, Aws, Go, Python, Java, Php, C#, Ruby"
Nhân Viên Lập Trình Và Vận Hành Máy CNC,CÔNG TY TNHH CHẾ TẠO TẤN PHÁT,TopCV,Other IT Role,Hồ Chí Minh,
Cocos Developer,Công ty cổ phần Gplay,TopCV,Game Developer,Hà Nội,C#
Junior Mobile Developer,CÔNG TY CỔ PHẦN ESTUARY,TopCV,Mobile Developer,Hồ Chí Minh,"Xcode, Typescript, Javascript, React, Html/Css, Java, Html, Swift, Css"
Trưởng Nhóm Development,CÔNG TY CỔ PHẦN TẬP ĐOÀN TRUYỀN THÔNG STARWORLD,TopCV,Mobile Developer,Hà Nội,"React Native, Kotlin, React, Java, Flutter, Swift"
Kỹ Sư Cơ Khí,CÔNG TY TNHH THIẾT BỊ NÂNG HẢI PHÒNG,TopCV,Not Specified,Hải Phòng,Not Specified
Nhân Viên Lập Trình Máy Phay CNC,CÔNG TY CỔ PHẦN CÔNG NGHIỆP PHỤ TRỢ BBS VIỆT NAM,TopCV,Other IT Role,Hà Nội,
Senior Developer,Công TY TNHH FLINTERS Việt Nam,TopCV,Senior Developer,Hà Nội,"Typescript, Aws, React, Python, Java, Scala, Agile"
Junior Dev Odoo,Công ty Cổ Phần Peasoft Việt Nam,TopCV,Backend Developer,Hà Nội,Python
Nhân Viên Software Developer,BỆNH VIỆN ĐA KHOA PHƯƠNG ĐÔNG,TopCV,Software Developer,Hà Nội,"Php, Javascript"
Senior Developer,CÔNG TY CỔ PHẦN COMACPRO,TopCV,Senior Developer,Hà Nội,"Java, Sql"
Chief Developer/Software Architect–ERP Software,Công ty TNHH Synergix Technologies Việt nam,TopCV,Chief Developer,Hà Nội,Java
Nhân Viên IT,CÔNG TY TNHH GIẢI PHÁP THƯƠNG MẠI VÀ CÔNG NGHỆ ANV GLOBAL,TopCV,Frontend Developer,Hà Nội,"Typescript, Javascript"
Chuyên Viên Lập Trình Backend,Công ty Cổ phần Tập đoàn Meey Land,TopCV,Backend Developer,Hà Nội,Php
Golang Developer,Công ty Cổ phần VNEXT SOFTWARE,TopCV,Backend Developer,Hà Nội,"Docker, Javascript, Aws, Python, Golang, Php, Agile"
Senior Frontend Developer,Công ty Cổ phần Truyền thông và Dịch vụ Nodo,TopCV,Frontend Developer,Hà Nội,"Typescript, Aws, Python, Java, Html, Css"
Thực Tập Sinh DEV,Công ty Cổ Phần Peasoft Việt Nam,TopCV,Other IT Role,Hà Nội,Aws
Senior Java Developer,Công ty cổ phần Công nghệ VISSOFT,TopCV,Backend Developer,Hà Nội,"Java, Agile, Sql"
Senior Backend Developer,Công ty Cổ Phần Rikkeisoft,TopCV,Backend Developer,Hà Nội,"Docker, Javascript, Python, Java, Agile"
Junior Android Developer,Apero Technologies Group,TopCV,Mobile Developer,Đà Nẵng,"Java, Agile, Kotlin"
Full-Stack Java Developer,"VĂN PHÒNG KOTRA, ĐẠI SỨ QUÁN HÀN QUỐC",TopCV,Full-stack Developer,Hà Nội,"Java, Javascript, Agile, Sql"
Thực Tập Sinh Back-End / Intern Back-End,CÔNG TY CỔ PHẦN FIVE-STAR E-LEARNING,TopCV,Backend Developer,Hà Nội,"Html, Javascript, Css"
Back End Python Developer,Công Ty TNHH LG CNS VIỆT NAM,TopCV,Backend Developer,Hà Nội,"Docker, Aws, Agile, Python"
Frontend Developer,Công ty Cổ phần Công nghệ KiotViet,TopCV,Frontend Developer,Hà Nội,"Typescript, Html, Css"
Middle Fullstack Developer,CÔNG TY TNHH CÔNG NGHỆ RIKAI,TopCV,Full-stack Developer,Đà Nẵng,"Docker, Javascript, Agile, Aws, React, Html/Css, Java, Php, Html, Css"
Bridge Software Engineer,Công ty cổ phần Bravesoft Việt Nam,TopCV,Bridge Software Engineer,Hồ Chí Minh,Php
Nhân Viên Kỹ Thuật Điện,Công ty TNHH Điện tử Tự động hóa CN Hợp Phát,TopCV,Other IT Role,Hải Dương,Not Specified
Python Developer,CÔNG TY TNHH SAMSUNG SDS VIỆT NAM,TopCV,Backend Developer,Hà Nội,"Sql, Python"
Chuyên Viên Phát Triển Phần Mềm,"Fubon Life Insurance (Vietnam) Co., Ltd",TopCV,Software Engineer,Hà Nội,"Docker, Javascript, Python, Html/Css, Java, Html, Css"
Business Analyst,Công ty TNHH Pancake Việt Nam,TopCV,Business Analyst,Hà Nội,
Senior .NET Developer,CÔNG TY CỔ PHẦN CÔNG NGHỆ SEN ĐỎ,TopCV,Backend Developer,Hồ Chí Minh,"Sql, Html, Docker, Javascript, C#, Css"
Technical Leader,CÔNG TY TNHH THƯƠNG MẠI DỊCH VỤ VEXERE,TopCV,Technical Leader,Hồ Chí Minh,"Javascript, Aws, Go, React, Python, Java, Agile"
Trưởng Nhóm Kinh Doanh & Phát Triển Phần Mềm,CÔNG TY TNHH MỘT THÀNH VIÊN CÔNG NGHỆ VÀ THƯƠNG MẠI WIINVENT,TopCV,IT Project Manager,Hà Nội,
Nhân Viên Kỹ Thuật Cơ Khí,Công ty TNHH Kỹ Thuật Bueno,TopCV,Not Specified,Đồng Nai,
Junior Back-End,CÔNG TY CỔ PHẦN FIVE-STAR E-LEARNING,TopCV,Backend Developer,Hà Nội,"Sql, Html, Javascript, Agile, C#, Css"
IOS Developer,Công ty cổ phần Công nghệ Sapo,TopCV,Mobile Developer,Hà Nội,"React, Swift"
Senior Java Developer,Công ty Cổ phần Giải pháp Phần mềm Biplus Việt Nam,TopCV,Software Engineer,Hà Nội,"Java, Agile"
Mobile Developer,CÔNG TY TNHH CÔNG NGHỆ TECHSPARK,TopCV,Mobile Developer,Đồng Tháp,"Objective-C, React, Agile, Swift"
MIDDLE Blockchain Developer,CÔNG TY CỔ PHẦN HOLA TECH,TopCV,Blockchain Developer,Hà Nội,"Docker, React, Agile, Javascript"
Java Developer,CÔNG TY TNHH PHÁT TRIỂN HỆ THỐNG NICHIETSU,TopCV,Backend Developer,Hồ Chí Minh,"Javascript, Html/Css, Java, Html, Css"
Japanese Engineer,Công ty cổ phần Mynavi TechTus Việt Nam,TopCV,Tech Lead,Đà Nẵng,"Docker, Aws, Agile, Not Specified"
.Net Engineer,Công ty TNHH Giải pháp Phân tích dữ liệu Insight Data,TopCV,Backend Developer,Hà Nội,"Sql, Html, Javascript, C#, Css"
Backend Java Developer,Công Ty TNHH LG CNS VIỆT NAM,TopCV,Backend Developer,Hà Nội,"Java, Agile, Sql, Docker"
FullStack,CÔNG TY CỔ PHẦN TẬP ĐOÀN EVG,TopCV,Full-stack Developer,Hà Nội,"Sql, Javascript, Html/Css, Html, Css"
Visual Basic Developer,Beetechsoft,TopCV,Visual Basic Developer,Hà Nội,"Sql, Vb6, Vb.Net, Java, Php"
Python Developer Leader,Công ty Cổ phần viễn thông FPT,TopCV,Backend Developer,Hồ Chí Minh,Python
Front-End Developer,CÔNG TY CỔ PHẦN ĐẦU TƯ AHV HOLDING,TopCV,Frontend Developer,Not Specified,"Html, Javascript, Css"
Frontend Website Engineer - Middle,CÔNG TY CỔ PHẦN CÔNG NGHỆ SMILE,TopCV,Frontend Developer,Hà Nội,"React, Javascript"
Frontend Developer,CÔNG TY TNHH DỊCH VỤ PHẦN MỀM HUMAN OFFSHORE PARTNERS,TopCV,Frontend Developer,Hà Nội,"Agile, Javascript, Html/Css, Css"
Unity Developer,Công ty TNHH Rainbow 5S,TopCV,Game Developer,Hồ Chí Minh,C#
Backend Developer,Công ty Cổ phần Bán lẻ Kỹ thuật số FPT,TopCV,Backend Developer,Hồ Chí Minh,"Docker, Node.Js, Aws, Go, Python, Java"
Lập Trình Viên C# /.Net,Công ty Cổ phần Đầu tư và Công nghệ HTI,TopCV,Software Engineer,Hà Nội,"C#, Sql, Agile"
Thực Tập Sinh Lập Trình SAP Front-End,Công ty cổ phần Sphinx,TopCV,Frontend Developer,Hà Nội,"React, Typescript, Javascript"
Kỹ Sư Lập Trình Machine Vision,CÔNG TY CỔ PHẦN RTC TECHNOLOGY VIỆT NAM,TopCV,Other IT Role,Hà Nội,"C++, C#, Python"
Java Backend,TỔNG CÔNG TY CỔ PHẦN BƯU CHÍNH VIETTEL,TopCV,Backend Developer,Hà Nội,Java
Software Developer,"Toshiba Software Development (Vietnam) Co., Ltd.",TopCV,Software Developer,Hà Nội,"Javascript, C++, Python, Java, C#"
Lập Trình Viên C++,CÔNG TY CỔ PHẦN OMINEXT,TopCV,Lập Trình Viên C++,Hà Nội,"C++, Agile, Sql, Java"
Kỹ Thuật Viên Lập Trình CNC,Công ty TNHH công nghệ QCM Việt Nam,TopCV,Other IT Role,Hà Nội,Not Specified
Embedded Systems Developer,Công ty Cổ phần Tập đoàn Karofi,TopCV,Embedded Engineer,Hà Nội,"C, C++, Aws, Python, Agile"
Lập Trình Android,Công ty Cổ phần Masscom Việt Nam,TopCV,Mobile Developer,Hà Nội,Dart
Odoo Developer,NHÀ SÁCH TIẾN THỌ,TopCV,Odoo Developer,Hà Nội,Python
Java Developer - 2 Năm Kinh Nghiệm,Beetechsoft,TopCV,Backend Developer,Hồ Chí Minh,"Javascript, Html/Css, Java, Html, Css"
Fullstack Developer,TẬP ĐOÀN CÔNG NGHIỆP - VIỄN THÔNG QUÂN ĐỘI,TopCV,Fullstack Developer,Hà Nội,"Docker, Typescript, Javascript, Sql"
Frontend Developer,"VĂN PHÒNG KOTRA, ĐẠI SỨ QUÁN HÀN QUỐC",TopCV,Frontend Developer,Hà Nội,"Typescript, Javascript, React, Html, Css"
Giám Đốc Khối Công Nghệ Thông Tin,Công ty Cổ phần Chứng khoán An Bình,TopCV,IT Manager,Hà Nội,"Java, React, Javascript, Docker"
Java Developer,Công ty CP Công nghệ phần mềm và nội dung số OSP,TopCV,Java Developer,Hà Nội,"Sql, Docker, Javascript, Java, Html, Css"
Senior React Native Good English,FPT Software,TopCV,Mobile Developer,Đà Nẵng,"Objective C, Javascript, React, Java, Swift, Css"
React Native Developer,Công ty TNHH Nippon Steel Metal Products Vietnam,TopCV,Mobile Developer,Hà Nội,"React, Javascript"
Java Developer,CÔNG TY CỔ PHẦN TINASOFT VIỆT NAM,TopCV,Backend Developer,Hà Nội,"Java, Agile"
.NET Backend Engineer,Crossian,TopCV,Backend Developer,Hà Nội,"Docker, Aws, C#, Agile"
Kỹ Sư Thiết Kế Lập Trình CNC,Công ty Cổ phần Công nghiệp KIMSEN,TopCV,Not Specified,Bắc Ninh,Not Specified
Technical Leader,Công ty TNHH Relipa,TopCV,Technical Leader,Hà Nội,"Php, Javascript"
Nhân Viên IT,"CHARMING TRIM & PACKAGING ( VN) CO., LTD",TopCV,Other IT Role,Bình Dương,
Frontend Developer,CÔNG TY TNHH HIFUNNEL,TopCV,Frontend Developer,Hồ Chí Minh,"Css3, Html5, Typescript, Javascript, React"
Nhân Viên Lập Trình PHP,Công Ty Cổ Phần OWS Việt Nam,TopCV,Backend Developer,Hà Nội,"Php, Html, Javascript, Css"
Senior Fullstack Developer,CÔNG TY TNHH THƯƠNG MẠI DỊCH VỤ VEXERE,TopCV,Full-stack Developer,Hồ Chí Minh,"Docker, React, Typescript, Javascript"
Fullstack Engineer,CÔNG TY CỔ PHẦN CÔNG NGHỆ TÀI CHÍNH FINHUB,TopCV,Fullstack Developer,Hà Nội,"Aws, Agile, Javascript"
Backend Developer,CÔNG TY TNHH KUNO TECHNOLOGIES,TopCV,Backend Developer,Cần Thơ,"Typescript, Docker, Aws, Nodejs, Agile"
Frontend Developer,Công ty Cổ phần dịch vụ và giải pháp xử lý dữ liệu VBEE,TopCV,Frontend Developer,Hà Nội,"Javascript, Agile, React, Html, Css"
Lập Trình Viên Python,Alpaca Solutions,TopCV,Backend Developer,Hồ Chí Minh,"Html, Python, Html/Css, Css"
Lập Trình Viên Backend / Backend Developer,CÔNG TY CỔ PHẦN EVERSTAR GLOBAL,TopCV,Backend Developer,Hà Nội,"Docker, Typescript, Javascript, Python"
Fullstack Dev,CÔNG TY CỔ PHẦN ICORP,TopCV,Fullstack Developer,Hà Nội,"Sql, Javascript, Html/Css, Html, Css"
DEV-OPS ENGINEER,Công ty Cổ phần Bán lẻ Kỹ thuật số FPT,TopCV,DevOps Engineer,Hồ Chí Minh,"Docker, Aws, Go, Python, Java"
Nhân Viên Lập Trình Máy CNC,CÔNG TY TNHH CYBERTECH VIỆT NAM,TopCV,Other IT Role,Bắc Ninh,Not Specified
Lập Trình Viên Fullstack Developer,CÔNG TY CỔ PHẦN CÔNG NGHỆ VCS VIỆT NAM,TopCV,Full-stack Developer,Hà Nội,"Typescript, Sql, Docker, Javascript, React, C#"
Nhân Viên Triển Khai Phần Mềm ERP,Công ty TNHH Giải pháp Phân tích dữ liệu Insight Data,TopCV,Data Engineer,Hà Nội,Sql
Kotlin Developer,Splus Software,TopCV,Kotlin Developer,Hồ Chí Minh,"React, Swift, Kotlin"
Nhân Viên Lập Trình CNC - Phần Mềm Creo,Công ty CP Đại Đồng Tiến,TopCV,Other IT Role,Hồ Chí Minh,
Backend Developer - Onsite,CÔNG TY TNHH ITPL VIỆT NAM,TopCV,Backend Developer,Hà Nội,"Php, C#, Javascript"
Lập Trình Viên PHP,Công ty Cổ phần The First One,TopCV,Backend Developer,Hà Nội,"Php, Agile"
ReactJs,CÔNG TY TNHH HORUS PRODUCTIONS,TopCV,Frontend Developer,Hà Nội,Javascript
Giảng Viên Công Nghệ Thông Tin,Phân hiệu Trường Đại học FPT tại thành phố Hồ Chí Minh,TopCV,Not Specified,Bà Rịa-Vũng Tàu,"C, Html, Javascript, Python, Html/Css, Java, Php, C#, Css"
Unity Developer,CÔNG TY TNHH PUZZLE STUDIO,TopCV,Game Developer,Hồ Chí Minh,C#
Frontend Developer,Công ty cổ phần truyền thông đa phương tiện Gia Minh,TopCV,Frontend Developer,Hà Nội,"Css3, Html5, Javascript"
Junior Java Developer,Công ty Cổ phần đầu tư Công Nghệ và Thương Mại Softdreams,TopCV,Backend Developer,Hà Nội,"Java, Agile, Javascript, Sql"
Tech Lead,CÔNG TY TNHH CÔNG NGHỆ EZCLOUD TOÀN CẦU,TopCV,Tech Lead,Hà Nội,"Sql, Html, Javascript, Java, C#, Css"
Media Player Developer,CÔNG TY TNHH THINKWARE GRDC VIET NAM,TopCV,Other IT Role,Hồ Chí Minh,"C++, C"
Kỹ Sư Phát Triển Phần Mềm,TẬP ĐOÀN CÔNG NGHIỆP - VIỄN THÔNG QUÂN ĐỘI,TopCV,Software Engineer,Hà Nội,"Sql, C, C++, Go, Java"
Flutter Dev,Công ty TNHH Pancake Việt Nam,TopCV,Mobile Developer,Hà Nội,Javascript
Front End Developer,Công ty cổ phần Tasco,TopCV,Frontend Developer,Hà Nội,"Typescript, Docker, Javascript, Html/Css, Css"
Middle Mobile Developer,Hệ thống Bán lẻ Viettel store - Công ty TM & XNK Viettel,TopCV,Mobile Developer,Hà Nội,"Sql, Docker, React, Python, Java"
Lập Trình Web,CÔNG TY TNHH VI TÍNH NGUYÊN KIM,TopCV,Backend Developer,Hồ Chí Minh,"Javascript, Python, Php, Html, Css"
Mobile Developer,CÔNG TY CỔ PHẦN MIDU MENAQ7,TopCV,Mobile Developer,Hà Nội,"React, Javascript"
Server Developer,CÔNG TY TNHH DAOUKIWOOM INNOVATION,TopCV,Backend Developer,Hồ Chí Minh,"Agile, C"
Fullstack Developer,Công ty Cổ phần Công Nghệ Var Meta,TopCV,Full-stack Developer,Đà Nẵng,"React, Javascript"
Winform Developer,Công ty Cổ phần Kaopiz Software,TopCV,Winform Developer,Hà Nội,"C#, Sql"
Nhân Viên Lập Trình Cnc,CÔNG TY TNHH CÔNG NGHỆ ĐO LƯỜNG P&R (VIỆT NAM),TopCV,Other IT Role,Not Specified,
Junior Backend Developer,Soctrip,TopCV,Backend Developer,Not Specified,"Docker, Aws, Javascript, Python"
Chuyên Gia Phát Triển Ứng Dụng Ngân Hàng Số,Ngân Hàng Thương Mại Cổ Phần Thịnh Vượng Và Phát Triển – PGBank,TopCV,Other IT Role,Hà Nội,".Net, Sql, Aws, Java, Agile"
Fullstack Developer Intern,BSS Group,TopCV,Fullstack Developer,Hà Nội,"Javascript, Aws, React, Java, Php"
Thực Tập Sinh,CÔNG TY TNHH KINH DOANH TỔNG HỢP TUẤN PHÁT,TopCV,Other IT Role,Hà Nội,"Java, C#"
Curriculum Developer,CÔNG TY CỔ PHẦN TRƯỜNG HỌC CÔNG NGHỆ MINDX,TopCV,Curriculum Developer,Hà Nội,"Java, C#"
Senior Java,Công ty Cổ phần Tập đoàn Công nghệ Thiên Hoàng,TopCV,Backend Developer,Hà Nội,"Sql, Docker, Javascript, React, Java, Html, Css"
Mobile Developer,Công ty TNHH Công Nghệ và Truyền Thông Widosoft,TopCV,Mobile Developer,Khánh Hoà,"Java, React, Swift, Kotlin"
Senior Tester,CÔNG TY TNHH BALANCE INTERNET VIỆT NAM,TopCV,QA Engineer,Hà Nội,Sql
Android Developer,Công ty TNHH MTV Công nghệ Astraler,TopCV,Mobile Developer,Đà Nẵng,"Java, Kotlin"
Trưởng Phòng Gia Công CNC,CÔNG TY CP TẬP ĐOÀN KỸ THUẬT VÀ CÔNG NGHIỆP VIỆT NAM,TopCV,Other IT Role,Hà Nội,
Mobile Flutter Developer,CÔNG TY CỔ PHẦN FIVE-STAR E-LEARNING,TopCV,Mobile Developer,Hà Nội,"Xcode, Dart"
Software Internship,CÔNG TY TNHH SAMSUNG SDS VIỆT NAM,TopCV,Software Engineer,Hà Nội,"Java, Python, C++"
Senior Workato Developer,FPT Software,TopCV,Other IT Role,Hà Nội,"Agile, Javascript, Python, Sql"
Junior Salesforce Developer,Công Ty TNHH Avepoint Việt Nam,TopCV,Backend Developer,Hà Nội,"Sql, Apex, Javascript, Agile, Html, Css"
Fresher .NET/JS/CSS,CÔNG TY CỔ PHẦN DIGITAL TECHNOLOGY SOLUTIONS,TopCV,Backend Developer,Hà Nội,"C#, Javascript, Sql, Css"
Senior Backend Developer,Công Ty Tài Chính TNHH HD SAISON,TopCV,Backend Developer,Hồ Chí Minh,"C, Docker, Agile, Aws, Python, Nodejs, Java, C#"
Korean Bridge Software Engineer - Kỹ Sư Cầu Nối,Công Ty TNHH LG CNS VIỆT NAM,TopCV,Other IT Role,Hà Nội,Not Specified
Backend Intern,Soctrip,TopCV,Backend Intern,Not Specified,"Javascript, Python"
Middle Backend Developer,Unit Corp,TopCV,Backend Developer,Hồ Chí Minh,"Sql, Javascript, React, Java, Agile"
Nhân Viên Wordpress Developer,CÔNG TY TNHH  THƯƠNG MẠI TRÚC ANH MEDIA,TopCV,Frontend Developer,Hà Nội,"Javascript, Html/Css, Php, Html, Css"
Full Stack Developer,CÔNG TY CỔ PHẦN GOLAZY,TopCV,Full-stack Developer,Hà Nội,"Docker, Php, Agile, Javascript"
Mobile App Developer,CÔNG TY CỔ PHẦN YOOTEK HOLDINGS,TopCV,Mobile Developer,Hà Nội,"React, Javascript"
Web Developer,Công ty TNHH Cái Lò Nướng,TopCV,Frontend Developer,Hồ Chí Minh,"React, Javascript, Html/Css"
Nhân Viên Lập Trình,Công ty Cổ phần Truyền thông & Thương mại HTC,TopCV,Backend Developer,Hà Nội,"Java, React"
Nhân Viên Lập Trình Tự Động Hóa,CÔNG TY TNHH TECH EVOLUTION,TopCV,Other IT Role,Not Specified,
Lập Trình Viên,TIEN TUAN PHARMACEUTICAL MACHINERY CO.LTD,TopCV,Other IT Role,Hồ Chí Minh,Not Specified
Mobile App Developer,CÔNG TY TNHH AVE FACTORY,TopCV,Mobile Developer,Đà Nẵng,"React, Javascript, Dart"
Web Developer,CÔNG TY TNHH DAOUKIWOOM INNOVATION,TopCV,Web Developer,Hồ Chí Minh,"Sql, Javascript, Agile, Html/Css, Java, Html, Css"
Kỹ Sư Phát Triển Phần Mềm,Công ty TNHH MCNEX VINA,TopCV,Embedded Engineer,Ninh Bình,"C++, C"
Lập Trình Viên AWS,Công ty Cổ phần NTTe-MOI,TopCV,AWS Monitoring & Operation Specialist,Đà Nẵng,"Aws, Python"
Senior .Net Developer,Công ty CP Kinh doanh F88,TopCV,Senior .Net Developer,Hà Nội,"Sql, Html, Javascript, Agile, Html/Css, C#, Css"
Devops Engineer,Công ty cổ phần nghiên cứu phát triển và cung cấp dịch vụ AI Việt Nam,TopCV,DevOps Engineer,Hà Nội,"Docker, Aws, Go, Bash, Python"
Mobile Developer,CÔNG TY CỔ PHẦN CÔNG NGHỆ SICIX,TopCV,Mobile Developer,Hà Nội,"Objective-C, Kotlin, Java, Dart, Swift"
Software Engineer – Theia IDE Development For RISC-V,CÔNG TY TNHH FEDERATE GROUP,TopCV,Software Engineer,Hà Nội,"React, Typescript, Javascript, Agile"
Unity Developer,Công ty Cổ phần Gapu,TopCV,Unity Developer,Hà Nội,C#
Senior Frontend Engineer,Crossian,TopCV,Frontend Developer,Hà Nội,"Aws, React, Agile, Javascript"
Middle Fullstack Developer,CÔNG TY TNHH FAVOLIST5 ASIA,TopCV,Full-stack Developer,Hồ Chí Minh,"Typescript, Sql, Docker, Javascript, Aws, Agile"
FullStack Developer,Công ty Cổ phần Tập đoàn Công nghệ Thiên Hoàng,TopCV,Full-stack Developer,Hà Nội,"C#, Javascript, Agile"
Kỹ Sư Lập Trình Hệ Thống,Công ty Cổ phần Công nghệ Teksea,TopCV,Backend Developer,Hà Nội,"Docker, Golang, Node.Js, Python"
Dev Fullstack,CÔNG TY TNHH GIẢI PHÁP PHÂN TÍCH DỮ LIỆU INSIGHT DATA,TopCV,Full-stack Developer,Hà Nội,"Docker, Not Specified"
Lập Trình CNC,CÔNG TY TNHH JUNG JIN ELECTRONICS VIỆT NAM,TopCV,Other IT Role,Not Specified,
Nhân Viên Lập Trình Web,Công ty Cổ phần Giải pháp phần mềm trực tuyến Việt Nam,TopCV,Frontend Developer,Hải Phòng,"Javascript, Html/Css, Php, Html, Css"
Product Developer,CÔNG TY CỔ PHẦN JANDEC TRAVEL,TopCV,Product Developer,Hà Nội,Not Specified
Unity Developer,SonatGame Studio,TopCV,Unity Developer,Hà Nội,"Xcode, C#"
Front-End Developer,Công ty TNHH Dịch vụ Thương mại Điện tử DJS Việt Nam,TopCV,Frontend Developer,Hồ Chí Minh,Typescript
Kỹ Sư Lập Trình Máy CNC,CÔNG TY TNHH NHA KHOA KO.SE.I.KAI,TopCV,Other IT Role,Hồ Chí Minh,G-Code
Junior PHP Developer,CÔNG TY CỔ PHẦN PARALINE SOFTWARE,TopCV,Backend Developer,Hà Nội,"Javascript, Aws, Html/Css, Php, Html, Css"
Database Developer,Unit Corp,TopCV,Database Developer,Hồ Chí Minh,Sql
Kỹ Sư Thiết Kế Phần Mềm,CÔNG TY TNHH INPA VIỆT NAM,TopCV,Software Engineer,Hồ Chí Minh,"Sql, Javascript, Python, Java, C#"
Product Developer,Công ty TNHH Helinox,TopCV,Other IT Role,Hồ Chí Minh,
Product Management Trainee - Quản Lý Sản Phẩm MT,TẬP ĐOÀN CÔNG NGHIỆP - VIỄN THÔNG QUÂN ĐỘI,TopCV,Product Management Trainee,Hà Nội,
Solution Architect,DigiEx Group,TopCV,Solution Architect,Hồ Chí Minh,"Docker, Javascript, Aws, Java, Php"
Nhân Viên Lập Trình CNC Khuôn,Công ty TNHH Một thành Viên chế tạo khuôn mẫu kim Thành An,TopCV,Not Specified,Bắc Ninh,Not Specified
Backend Developer,Công ty Cổ phần METUB Việt Nam,TopCV,Backend Developer,Hà Nội,"Docker, Javascript"
Nhân Viên Lập Trình Máy CNC,Công ty TNHH Napec,TopCV,Other IT Role,Hồ Chí Minh,Not Specified
Java Developer,Viettel Digital,TopCV,Java Developer,Hà Nội,"Java, Sql"
Fullstack Web Developer,CÔNG TY TNHH MUMESOFT INNOVATION,TopCV,Fullstack Developer,Hà Nội,"Typescript, Javascript, Aws, React, Python, Html/Css, Html, Css"
Oracle Developer,Công ty cổ phần Công nghệ thông tin Phú Minh (Phú Minh Teck),TopCV,Oracle Developer,Hà Nội,"Java, Agile, Sql, Python"
Senior Backend Engineer,CÔNG TY CỔ PHẦN ONE MOUNT GROUP,TopCV,Backend Developer,Hà Nội,"Java, Agile, Sql, Docker"
Lập Trình Máy CNC,công ty TNHH Công Nghệ HOGI Việt Nam,TopCV,Other IT Role,Hà Nội,
NET Developer Thu Nhập Hấp Dẫn,Công ty cổ phần XNK Đầu tư và Công nghệ HD Việt Nam,TopCV,Backend Developer,Hà Nội,"Sql, Html, Javascript, C#, Css"
Kỹ Sư Lập Trình CNC,CÔNG TY TNHH BIGL VIỆT NAM,TopCV,Other IT Role,Thái Nguyên,
Senior Android Developer,Công ty TNHH Dịch vụ công nghệ TP,TopCV,Senior Android Developer,Hà Nội,"Java, Python, Kotlin"
Blockchain Developer,CÔNG TY TNHH DỊCH VỤ TRUYỀN THÔNG TRUST REAL,TopCV,Blockchain Developer,Hà Nội,"Xcode, C, Objective-C, Javascript, Kotlin, C++, React, Java, Dart, Swift"
Lập Trình Viên C++ FullStack,Công Ty TNHH Thương Mại Kengroup,TopCV,Full-stack Developer,Hồ Chí Minh,C++
Kỹ Sư Lập Trình PC Control,Công ty TNHH YJ Link Vina,TopCV,Software Engineer,Hải Phòng,"C++, C#"
Kỹ Sư Lập Trình PLC - Thiết Kế Điện,CÔNG TY CỔ PHẦN RTC TECHNOLOGY VIỆT NAM,TopCV,Embedded Engineer,Hà Nội,"C++, C"
Tech Lead,VNDIRECT,TopCV,Tech Lead,Hà Nội,"Java, Agile"
Chuyên Viên Cao Cấp Ngân Hàng Số,Ngân hàng TMCP Đông Nam Á - SEABANK,TopCV,Software Engineer,Hà Nội,"Sql, Javascript, Kotlin, Java, Html, Swift, Css"
Lập Trình Viên Fullstack Developer,CÔNG TY CỔ PHẦN MIA RETAIL,TopCV,Full-stack Developer,Hồ Chí Minh,"Sql, Javascript, React, Python, Php, Css"
Fullstack Developer,XIPAT FLEXIBLE SOLUTIONS COMPANY LIMITED,TopCV,Fullstack Developer,Hà Nội,"Php, Html, Javascript, Css"
Mobile Developer,CÔNG TY CỔ PHẦN TẬP ĐOÀN APEC GROUP,TopCV,Mobile Developer,Hà Nội,"React, Agile, Javascript"
Senior Android Kotlin,CÔNG TY CỔ PHẦN PAYTECH,TopCV,Mobile Developer,Hà Nội,"Agile, Kotlin"
Technical Artist,CÔNG TY TNHH MARKETING METAS GROUP,TopCV,Technical Artist,Hà Nội,Shaderlab
Junior IOS Developer,CÔNG TY CỔ PHẦN CQ TDT ASIA,TopCV,Mobile Developer,Hà Nội,Swift
Embedded Software/Android Driver Developer,Cty TNHH Thundersoft Việt Nam,TopCV,Embedded Engineer,Thái Nguyên,Python
Unity Developer,Công Ty Cổ Phần Bliss,TopCV,Unity Developer,Hồ Chí Minh,"Java, C#, Javascript, Swift"
Senior Back-End Developer,Công ty CP Phần mềm MOR,TopCV,Backend Developer,Hồ Chí Minh,"Aws, Agile, Python"
Lập Trình Viên Developer [Junior Level],CÔNG TY TNHH IDENTALSOFT VIỆT NAM,TopCV,Software Engineer,Hồ Chí Minh,"Java, C#"
Junior Mid Fullstack Developer,CÔNG TY TNHH THƯƠNG MẠI DỊCH VỤ VEXERE,TopCV,Full-stack Developer,Hồ Chí Minh,"Docker, React, Typescript, Javascript"
Kỹ Sư Lập Trình Nhúng - Điện Tử Công Suất,CÔNG TY CỔ PHẦN CÔNG NGHỆ THÔNG MINH OXII,TopCV,Embedded Engineer,Hà Nội,"C++, C"
Frontend Developer,Công ty Cổ phần Công nghệ MicroTech,TopCV,Frontend Developer,Hà Nội,"React, Javascript, Css"
Senior Backend Developer,CÔNG TY TNHH NEXDOR VIỆT NAM,TopCV,Backend Developer,Hồ Chí Minh,"Golang, Aws, Docker, Nodejs"
Middle Frontend,Công ty cổ phần Synodus,TopCV,Frontend Developer,Hà Nội,"Typescript, Javascript, Css"
Fullstack Developer,"TECHVIFY SOFTWARE., JSC",TopCV,Full-stack Developer,Hà Nội,"Sql, Docker, Javascript, Aws, Python, Agile"
Fullstack Developer,CÔNG TY TNHH TƯ VẤN CHIẾN LƯỢC CHÍNH SÁCH VÀ PHÂN TÍCH DỮ LIỆU KINH TẾ VIETSTATS,TopCV,Fullstack Developer,Hồ Chí Minh,"Aws, Docker, React, Javascript"
Senior BackEnd,CÔNG TY CỔ PHẦN CHỨNG KHOÁN LPBANK,TopCV,Backend Developer,Hà Nội,"Java, Agile, Sql, Docker"
Full-Stack Developer,CÔNG TY CỔ PHẦN CÔNG NGHỆ VÀ TRUYỀN THÔNG AWING VIỆT NAM,TopCV,Full-stack Developer,Hà Nội,"C#, Typescript, Sql"
Bridge Software Engineer,CÔNG TY TNHH CÔNG NGHỆ GIẢI PHÁP CITYNOW,TopCV,Bridge Software Engineer,Hồ Chí Minh,"Sql, Docker, Javascript, Agile, Aws, Go, React, Python, Html/Css, Java, Html, Css"
Nhân Viên Mobile App Developer,Công Ty Cổ Phần Công Nghệ ECRM,TopCV,Mobile Developer,Nghệ An,"React, Javascript"
Nhân Viên Vận Hành Máy CNC,CÔNG TY TRÁCH NHIỆM HỮU HẠN MTV YOKOHAMA TECHNICA ĐÀ NẴNG,TopCV,Other IT Role,Đà Nẵng,Not Specified
Lập Trình Ứng Dụng,Công ty TNHH Dược Phẩm Và Trang Thiết Bị Y Tế Hoàng Đức,TopCV,Software Engineer,Hồ Chí Minh,"Html5, Sql, Html, Javascript, C#, Css"
Kỹ Sư Lập Trình Thiết Bị Đo Lường & JIG TEST,Công ty Cổ Phần Công Nghệ TM,TopCV,Embedded Engineer,Hà Nội,"C++, C#, Python"
Frontend Developer,CÔNG TY TNHH HORUS PRODUCTIONS,TopCV,Frontend Developer,Hà Nội,"Html, Javascript, Css"
Kỹ Thuật Viên Lập Trình & Vận Hành Máy CNC,CÔNG TY TNHH MATEC VIỆT NAM,TopCV,Other IT Role,Hà Nội,G-Code
Nhân Viên Lập Trình Máy Phay CNC _ Thu Nhập Up To 20M++ _ Đi Làm Ngay Tại Hoàng Mai - HN,Công ty TNHH Auto Korea,TopCV,Other IT Role,Hà Nội,
AI Engineer,CÔNG TY CỔ PHẦN EVERSTAR GLOBAL,TopCV,AI Engineer,Hà Nội,"Agile, Python"
Middle Frontend Developer,Công Ty Cổ Phần Vàng Bạc Đá quý Phú Nhuận - PNJ,TopCV,Frontend Developer,Hồ Chí Minh,"Typescript, Javascript, Aws, React, Html/Css, Agile"
Senior Fullstack Developer,CÔNG TY TNHH THƯƠNG MẠI DỊCH VỤ VEXERE,TopCV,Fullstack Developer,Hồ Chí Minh,"Docker, React, Javascript"
Lập Trình Viên Senior Fullstack,CÔNG TY TNHH GROOO INTERNATIONAL,TopCV,Full-stack Developer,Hồ Chí Minh,"Java, Javascript, Docker"
Bridge Software Engineer - Remote,CÔNG TY TNHH CÔNG NGHỆ GIẢI PHÁP CITYNOW,TopCV,Bridge Software Engineer,Đà Nẵng,"Sql, Docker, Javascript, Agile, Aws, Golang, Python, Html/Css, React, Java, Html, Css"
Lập Trình Viên Backend,CÔNG TY CỔ PHẦN CÔNG NGHỆ FOXAI,TopCV,Backend Developer,Hà Nội,"Docker, C#, Sql, Agile"
IT Project Manager,Beetechsoft,TopCV,IT Project Manager,Hà Nội,"C, Docker, C++, Aws, Java, Php, Swift"
Mobile Developer,CÔNG TY TNHH DAOUKIWOOM INNOVATION,TopCV,Mobile Developer,Hồ Chí Minh,"Javascript, Agile, React, Html, Css"
Game Developer,CÔNG TY TNHH CÔNG NGHỆ HAY HAY GLOBAL,TopCV,Game Developer,Hà Nội,"React, Typescript, Javascript"
Special Projects Engineer,FPT Software,TopCV,Special Projects Engineer,Đà Nẵng,"Sql, Javascript, Aws, React, Python, Java"
Front-End Developer,Công ty CP Công nghệ phần mềm và nội dung số OSP,TopCV,Frontend Developer,Hà Nội,"Javascript, React, Html/Css, Html, Css"
Backend Developer,CÔNG TY TNHH MIWA TECH,TopCV,Backend Developer,Hồ Chí Minh,"Java, React, Sql, Docker"
Java Developer,Công ty cổ phần phần mềm ITSOL Holdings,TopCV,Backend Developer,Hà Nội,Java
Senior Software Engineer,Công ty TNHH MBC Playbe Việt Nam,TopCV,Software Engineer,Hà Nội,"Javascript, Sql"
Senior Backend Developer,CÔNG TY CỔ PHẦN TẬP ĐOÀN APEC GROUP,TopCV,Backend Developer,Hà Nội,"Docker, Node.Js, Agile, Python, Java, C#"
Thực Tập Sinh Lập Trình,CÔNG TY TNHH LAZTAR,TopCV,Not Specified,Hồ Chí Minh,"Sql, Javascript, React, Html/Css, Html, Css"
Senior Full Stack Developer - Odoo,Công ty Cổ phần Tập đoàn Karofi,TopCV,Full-stack Developer,Hà Nội,"Docker, Javascript, Agile, Aws, Html, Css"
Java Developer Lead,CÔNG TY CỔ PHẦN GLOBAL TECHNOLOGY SOLUTIONS VIỆT NAM,TopCV,Java Developer Lead,Hà Nội,"Java, Aws, Sql, Docker"
Lập Trình Viên .NET,Công ty Cổ phần Tập đoàn Công nghệ Thiên Hoàng,TopCV,Backend Developer,Hà Nội,"C#, Sql, Agile, Css"
Flutter Developer Leader,Công ty Cổ phần viễn thông FPT,TopCV,Mobile Developer,Hồ Chí Minh,"Flutter, Agile, Swift"
SQL Developer,Công ty TNHH Giải pháp Phân tích dữ liệu Insight Data,TopCV,Database Engineer,Hà Nội,"Pl/Sql, Sql"
Backend Developer,CÔNG TY CỔ PHẦN PHẦN MỀM NOBI VIỆT NAM,TopCV,Backend Developer,Hà Nội,"C#, Javascript, Sql"
PHP Developer,CÔNG TY CỔ PHẦN QUỐC TẾ TDA VIỆT NAM,TopCV,PHP Developer,Đà Nẵng,"Javascript, Agile, Aws, Php, Html, Css"
.NET Developer,Công ty Cổ phần Công nghệ KiotViet,TopCV,.NET Developer,Hà Nội,"C#, Sql"
Unity Developer,SonatGame Studio,TopCV,Game Developer,Hà Nội,"Xcode, C#"
Lập Trình Viên BackEnd PHP/Laravel,Công ty TNHH Công Nghệ CFOX,TopCV,Backend Developer,Hồ Chí Minh,"Php, Html, Javascript, Css"
.NET Developer,Công ty Cổ phần Công nghệ KiotViet,TopCV,.NET Developer,Hà Nội,"Sql, Html, React, C#, Css"
Middle IOS Developer,Công ty Cổ phần Vulcan Labs,TopCV,Mobile Developer,Hồ Chí Minh,Swift
Senior Java Developer,TẬP ĐOÀN CÔNG NGHIỆP - VIỄN THÔNG QUÂN ĐỘI,TopCV,Backend Developer,Hà Nội,"Java, Sql"
Junior AI Agent Developer,Công ty TNHH BITCOVER,TopCV,Junior AI Agent Developer,Hồ Chí Minh,"Aws, Python"
Java BackEnd Developer,Công ty TNHH Dịch vụ công nghệ TP,TopCV,Backend Developer,Hà Nội,"Java, Php, Agile, Python"
Android Developer,CÔNG TY TNHH CÔNG NGHỆ PHẦN MỀM LUTECH,TopCV,Mobile Developer,Not Specified,Kotlin
Intern/Fresher .NET,Splus Software,TopCV,Intern Developer,Hồ Chí Minh,"Sql, Javascript, Html/Css, Vb.Net, Html, Css"
Kỹ Sư ME,CÔNG TY TNHH KIM LOẠI CHÍNH XÁC VÀ LINH KIỆN ĐIỆN TỬ KINETIC,TopCV,Other IT Role,Bắc Ninh,
Lập Trình Viên .Net - Senior,Công ty Cổ phần Công nghệ KiotViet,TopCV,Software Engineer,Hà Nội,C#
Kỹ Sư Lập Trình Đứng Máy Phay CNC,CÔNG TY CỔ PHẦN DHNTECH VIỆT NAM,TopCV,Other IT Role,Hà Nội,Not Specified
Unity Developer Intern,Công ty Cổ phần Falcon Technology,TopCV,Game Developer,Hà Nội,C#
Kỹ Sư Lập Trình Nhúng Vi Điều Khiển,Công ty TNHH một thành viên Tổng Công ty Sản xuất thiết bị Viettel,TopCV,Embedded Engineer,Hà Nội,"C++, Python, C"
.NET Dev,Công ty Cổ phần đầu tư Công Nghệ và Thương Mại Softdreams,TopCV,.NET Developer,Hà Nội,"Sql, Html, Javascript, Agile, Html/Css, C#, Css"
Lập Trình Viên Fullstack,CÔNG TY TNHH GROOO INTERNATIONAL,TopCV,Full-stack Developer,Hà Nội,"Java, Php, Javascript"
"Nhân Viên Lập Trình Phay, Tiện",CÔNG TY TNHH THIẾT BỊ KHOA HỌC LABONE,TopCV,Not Specified,Hồ Chí Minh,
Mid-Level ReactJS Developer,Mona Media,TopCV,Frontend Developer,Hồ Chí Minh,"Javascript, React, Html/Css, Html, Css"
Lập Trình Viên Fresher,CÔNG TY TNHH KỸ SƯ CÔNG NGHỆ CAO VN,TopCV,Software Engineer,Hà Nội,"Java, Python"
Fullstack Developer,Unit Corp,TopCV,Fullstack Developer,Hồ Chí Minh,"Sql, Javascript, React, Html/Css, Java, Agile"
Nhân Viên Lập Trình .Net,CÔNG TY CỔ PHẦN CÔNG NGHỆ VCS VIỆT NAM,TopCV,Software Engineer,Hà Nội,"Typescript, Sql, Docker, Javascript, React, Html/Css, C#"
Lead Software Engineer,CÔNG TY TNHH METADATA SOLUTIONS,TopCV,Lead Software Engineer,Hồ Chí Minh,"Java, Aws, .Net, Docker"
Lập Trình Viên,CÔNG TY TNHH THƯƠNG MẠI SEN ĐEN,TopCV,Software Engineer,Hồ Chí Minh,"Html, Javascript, Aws, React, Python, Java, C#, Ruby, Css"
Flutter Developer,Công ty Cổ phần Công nghệ KiotViet,TopCV,Mobile Developer,Hà Nội,"Agile, Dart"
Chuyên Viên Phát Triển Phần Mềm,CÔNG TY TNHH CÔNG NGHỆ SỐ VÀ CHUYỂN ĐỔI SỐ Y TẾ,TopCV,Software Engineer,Hà Nội,
Unity Developer,Công ty TNHH Optimizer Việt Nam,TopCV,Unity Developer,Hồ Chí Minh,"C++, C#, C"
Kỹ Sư IT Fullstack Từ 2 Năm Kinh Nghiệm,Công ty Cổ phần Tự động hóa và Robotics Aubot,TopCV,Full-stack Developer,Hà Nội,"Docker, Javascript, Aws, React, Java, Html, Css"
Nhân Viên Lập Trình Back-End,Công ty cổ phần Viễn thông VTC,TopCV,Backend Developer,Hồ Chí Minh,"Node.Js, Sql"
Mobile Developer,CÔNG TY CỔ PHẦN ĐẦU TƯ AHV HOLDING,TopCV,Mobile Developer,Thái Nguyên,"Java, Agile, Kotlin"
Lập Trình Viên C# WPF,Công ty TNHH AEGONA,TopCV,Backend Developer,Hồ Chí Minh,"C#, Agile"
ReactJS Developer,FPT Software,TopCV,Frontend Developer,Nha Trang,"React, Agile, Javascript"
Fullstack Developer,CÔNG TY TNHH MUMESOFT INNOVATION,TopCV,Fullstack Developer,Hà Nội,"Typescript, Javascript, Aws, React, Html/Css, Php, Html, Css"
Backend Developer,ORBRO Inc.,TopCV,Backend Developer,Hà Nội,"C, Node.Js, C++, Aws, Python"
"Nhân Viên Lập Trình Máy, Khuôn Ép Nhựa",Công ty TNHH CN Vĩnh Hàn,TopCV,Other IT Role,Not Specified,Not Specified
Senior Backend Developer,Công ty TNHH Equix Technologies,TopCV,Backend Developer,Hà Nội,"Java, Aws, Docker"
Chuyên Viên Lập Trình,Công ty TNHH FT Industries Việt Nam,TopCV,Software Engineer,Đồng Nai,"Sql, Html, Javascript, C++, Python, Java, Php, C#, Ruby, Css"
Kỹ Sư Lập Trình Embedded/IoT,Công ty cổ phần phần mềm nhúng NATA,TopCV,Embedded Engineer,Not Specified,"C, C++, Aws, Python, C#"
Lập Trình Viên Frontend,CTCP Truyền thông và Dịch vụ số Kiến Lửa,TopCV,Frontend Developer,Hà Nội,"React, Html, Javascript, Css"
Backend Engineer,Công ty Cổ phần VinBigData,TopCV,Backend Developer,Hà Nội,"Docker, Aws, Go, Python"
Frontend Developer,CÔNG TY CỔ PHẦN DỊCH VỤ VÀ PHÁT TRIỂN CÔNG NGHỆ BEAE VIỆT NAM,TopCV,Frontend Developer,Hà Nội,"Html, Javascript, Css"
Senior Developer - Team Lead,CÔNG TY TRÁCH NHIỆM HỮU HẠN GIẢI PHÁP CÔNG NGHỆ CỘNG,TopCV,Senior Developer,Hà Nội,"Java, .Net Framework, Sql, Docker"
Lập Trình Viên Flutter,Công ty Cổ phần Công nghệ KiotViet,TopCV,Mobile Developer,Hà Nội,"Java, Dart, Swift, Kotlin"
Fullstack Developer,Công ty cổ phần Công nghệ Sapo,TopCV,Fullstack Developer,Hà Nội,"Java, Aws, Javascript"
Senior Java Developer,Công ty Cổ phần GEM,TopCV,Software Engineer,Hà Nội,"Sql, Docker, Aws, Java, Agile"
Lập Trình Viên Java,Công ty Cổ phần Tập đoàn Công nghệ Thiên Hoàng,TopCV,Backend Developer,Hà Nội,"Sql, Docker, Javascript, React, Java, Html, Css"
Game Server Developer - Middle - Senior,CÔNG TY TNHH THANKSLAB VIỆT NAM,TopCV,Game Developer,Hồ Chí Minh,"C++, Php, Node.Js"
Full Stack Engineer,Công ty cổ phần nghiên cứu phát triển và cung cấp dịch vụ AI Việt Nam,TopCV,Full-stack Developer,Hà Nội,"Sql, Docker, Javascript, Aws, Agile"
Thực Tập Sinh Lập Trình,"Protean Studios Co., Ltd.",TopCV,Other IT Role,Hà Nội,"Php, Javascript, Nodejs"
Frontend Developer,CÔNG TY TNHH DIGITECH SOLUTIONS,TopCV,Frontend Developer,Hồ Chí Minh,"C#, Javascript, Agile, Html/Css"
Backend Developer,Công ty TNHH Giải pháp Phân tích dữ liệu Insight Data,TopCV,Backend Developer,Hà Nội,"Sql, Docker, Node.Js, Go, Python, Java"
Frontend Developer,Công Ty TNHH Townsoft Vina,TopCV,Frontend Developer,Hà Nội,"Typescript, React, Html, Css"
Kỹ Thuật Viên Lập Trình Và Vận Hành Máy CNC,CÔNG TY CP TẬP ĐOÀN KỸ THUẬT VÀ CÔNG NGHIỆP VIỆT NAM,TopCV,Other IT Role,Hà Nội,Not Specified
Java Developer,Công ty TNHH NTT DATA VIỆT NAM,TopCV,Java Developer,Hà Nội,"Sql, Javascript, Html/Css, Java, Html, Css"
Lập Trình Viên .NET,Công ty cổ phần phát triển phần mềm giải pháp phân phối dược và nhà thuốc,TopCV,Backend Developer,Hà Nội,"Sql, Html, Javascript, C++, C#, Css"
Senior Software Engineer,SHBFinance,TopCV,Senior Software Engineer,Hà Nội,"Sql, Docker, Javascript, Aws, Html/Css, Java, Php, Html, Css"
Middle Ruby On Rails,Công ty CP Phần mềm MOR,TopCV,Backend Developer,Hồ Chí Minh,"Sql, Javascript, Agile, Html, Ruby, Css"
Nhân Viên IT Phần Mềm,Công ty TNHH Y-TEC Việt Nam,TopCV,Software Engineer,Hải Phòng,"Typescript, Javascript, Sql"
Fullstack Developer,VNDIRECT,TopCV,Fullstack Developer,Hà Nội,"Sql, Javascript, React, Java, Agile, Css"
Kỹ Sư Giải Pháp Phần Mềm Tích Hợp,AMIGO,TopCV,Solution Architect,Hà Nội,"Java, Docker"
Lập Trình Viên Java,TNHH Pirago Việt Nam,TopCV,Backend Developer,Hà Nội,"Java, Aws"
Database Developer,CÔNG TY TNHH NEO TALENT,TopCV,Database Developer,Hà Nội,"Sql, Python"
Middle Mobile Developer,Công ty Cổ phần Công nghệ eUp,TopCV,Mobile Developer,Hà Nội,"Dart, Swift"
Flutter Developer,Công ty Cổ phần Công nghệ KiotViet,TopCV,Flutter Developer,Hà Nội,"Java, Dart, Swift, Kotlin"
Chuyên Viên Lập Trình,CÔNG TY TNHH DỊCH VỤ XỬ LÝ ĐIỆN TOÁN,TopCV,Frontend Developer,Hà Nội,"React, Agile, Javascript"
Lập Trình Viên .NET,CHI NHÁNH GIẢI PHÁP CÔNG NGHỆ TRE - CÔNG TY CỔ PHẦN ĐẦU TƯ VÀ THƯƠNG MẠI TNG,TopCV,Backend Developer,Thái Nguyên,"C#, Sql"
Python Developer,iPOS.vn,TopCV,Backend Developer,Hà Nội,Python
Lập Trình Viên,Công ty TNHH công nghệ Jinye Việt Nam,TopCV,Software Engineer,Bắc Giang,"Javascript, C/C++, Python, Html/Css, Php, Html, Css"
C#.NET Leader,CÔNG TY TNHH SHINNICHIRO VIỆT NAM,TopCV,Not Specified,Hồ Chí Minh,C#
Lập Trình Viên Fullstack,Công ty Cổ Phần Chăn Nuôi C.P. Việt Nam,TopCV,Full-stack Developer,Đồng Nai,"Docker, Javascript, Sql"
Tech Lead,Công ty Cổ phần JVB Việt Nam,TopCV,Tech Lead,Hà Nội,"Java, Agile"
Lập Trình Viên Client. Thu Nhập Upto 40M,CÔNG TY TNHH MARKETING METAS GROUP,TopCV,Game Developer,Hà Nội,"C#, Javascript"
Kỹ Sư Phần Mềm / Software Engineer,CÔNG TY TNHH TRUNG TÂM IT OUTSOURCING VIỆT NAM HÀN QUỐC,TopCV,Software Engineer,Hà Nội,"C++, C#"
"Kỹ Sư Lập Trình Nhúng Linux, Android",Công ty TNHH một thành viên Tổng Công ty Sản xuất thiết bị Viettel,TopCV,Embedded Engineer,Hà Nội,"C, Kotlin, C++, Python, Java"
Developer,CÔNG TY CỔ PHẦN ANVY,TopCV,Developer,Hà Nội,"React, Javascript, Python"
Nhân Viên Lập Trình CNC,CÔNG TY TNHH PARAMAX CORPORATION,TopCV,Other IT Role,Bình Dương,Not Specified
Software Engineer,CÔNG TY CỔ PHẦN NGUYÊN LIỆU Á CHÂU AIG,TopCV,Software Engineer,Bình Dương,"Sql, Html, Javascript, React, Python, Java, Php, C#, Css"
Fulltime IOS,CÔNG TY TNHH AI POWER,TopCV,Mobile Developer,Hồ Chí Minh,"Objective-C, Swift"
Junior IOS Developer,Apero Technologies Group,TopCV,Mobile Developer,Hà Nội,"Objective-C, Agile, Swift"
Nhân Viên Phát Triển Kinh Doanh,Công ty Cổ phần FHB Việt Nam,TopCV,Other IT Role,Hồ Chí Minh,
Chuyên Viên Lập Trình,CÔNG TY CỔ PHẦN ĐẦU TƯ QUỐC TẾ - MEGA GANGNAM,TopCV,Middle Developer,Hà Nội,"Php, Javascript, Python, React"
Fresher Fullstack Developer,Công Ty SmartOSC,TopCV,Full-stack Developer,Hà Nội,"Javascript, React, Python, Html, Css"
Senior Fullstack Developer,Phòng Khám Chuyên Khoa Da Liễu GSV - Công Ty Cổ Phần Bệnh Viện Đa Khoa Quốc Tế GSV,TopCV,Full-stack Developer,Hà Nội,"Sql, Html, Html/Css, C#, Css"
PHP Backend Developer,Lampart,TopCV,Backend Developer,Hồ Chí Minh,"Docker, Php, Javascript"
Fresher Fullstack Developer,FPT Software,TopCV,Full-stack Developer,Hà Nội,"Typescript, Sql, Html, Javascript, Aws, Html/Css, C#, Css"
Fullstack NodeJS Developer,CÔNG TY CỔ PHẦN THE 20,TopCV,Fullstack Developer,Hồ Chí Minh,"Javascript, Html, Node.Js, Css"
Chuyên Viên Phát Triển Phần Mềm,CÔNG TY CỔ PHẦN EMPIRE PROPERTY,TopCV,Software Engineer,Hà Nội,Not Specified
Lập Trình Viên IOS,Công ty CP Giải pháp Thanh toán Việt Nam (VNPAY),TopCV,Mobile Developer,Hà Nội,"Objective-C, Swift"
Nhân Viên Thiết Kế - Lập Trình File CNC,Công ty Cổ phần Đầu tư Kenli,TopCV,Other IT Role,Hà Nội,
Kỹ Sư Phần Mềm,Công ty Cổ phần Tự động hóa và Robotics Aubot,TopCV,Software Engineer,Hà Nội,"Node.Js, C++, Go, Python, Java"
Web Developer,CÔNG TY CỔ PHẦN NGHIÊN CỨU VÀ PHÁT TRIỂN DICOM,TopCV,Web Developer,Hà Nội,"Php, Html, Javascript, Css"
Kỹ Sư Phần Mềm Ứng Dụng Desktop,Công ty Cổ phần Tập đoàn OSB,TopCV,Software Engineer,Hà Nội,"Java, Javascript"
Middle Frontend Developer,Open Reach Tech Hanoi,TopCV,Frontend Developer,Hà Nội,"Typescript, Javascript, Agile"
Nhân Viên Lập Trình Vận Hành Máy CNC - Thu Nhập Hấp Dẫn Lên Đến 15 Triệu,CÔNG TY TNHH CÔNG NGHỆ CAO MICRO ONE,TopCV,Other IT Role,Hà Nội,
Nhân Viên Lập Trình CNC,CÔNG TY TNHH SX VÀ TM CÁT THÁI,TopCV,Other IT Role,Hồ Chí Minh,Not Specified
Lập Trình Backend,Công ty cổ phần giải pháp MKT,TopCV,Backend Developer,Hà Nội,"Typescript, Node.Js, Sql"
"Team Leader, Back-End Developer",CÔNG TY TNHH GIẢI PHÁP CÔNG NGHỆ PT SOLUTIONS,TopCV,Backend Developer,Hồ Chí Minh,"Golang, Html, Sql"
Fresher Fullstack Developer,CÔNG TY CỔ PHẦN SMARTOSC,TopCV,Full-stack Developer,Hà Nội,Javascript
Chuyên Viên Phát Triển Phần Mềm,CÔNG TY CỔ PHẦN ĐẦU TƯ PHÁT TRIỂN VÀ XÂY DỰNG THÀNH ĐÔ,TopCV,Software Engineer,Hà Nội,Not Specified
Project Manager,Bravestars Games,TopCV,IT Project Manager,Hà Nội,
Lập Trình Viên PHP,CÔNG TY TNHH TRUYỀN THÔNG VÀ QUẢNG CÁO H2T,TopCV,Backend Developer,Bình Dương,"Php, Html, Javascript, Css"
Software Developer,CÔNG TY CỔ PHẦN CỘNG ĐỒNG SỐNG HẠNH PHÚC,TopCV,Software Developer,Hồ Chí Minh,"Php, Typescript, Javascript, Python"
Tư Vấn Phát Triển Phần Mềm Website,CÔNG TY TNHH THƯƠNG MẠI VÀ DỊCH VỤ NINA,TopCV,Other IT Role,Hồ Chí Minh,
Unity Developer,CÔNG TY CỔ PHẦN OHZE,TopCV,Game Developer,Hà Nội,"C#, Agile"
Senior C Language Developer,Công Ty TNHH LG CNS VIỆT NAM,TopCV,Embedded Engineer,Hà Nội,C
Back End Developer,CÔNG TY TNHH ROYALMAN,TopCV,Backend Developer,Hà Nội,"Java, Aws, Sql"
Lập Trình Viên Backend,CÔNG TY CỔ PHẦN CÔNG NGHỆ FOXAI,TopCV,Backend Developer,Hà Nội,"Docker, Aws, Agile, Python"
AI Developer,CÔNG TY TNHH NERDWARE TECHNOLOGY,TopCV,AI Engineer,Hà Nội,Python
Lập Trình Viên .NET,CÔNG TY CỔ PHẦN MẮT BÃO,TopCV,Backend Developer,Hồ Chí Minh,"Sql, Html, Javascript, C#, Css"
Nhân Viên Lập Trình  C#,CÔNG TY TRÁCH NHIỆM HỮU HẠN KNK VINA,TopCV,Software Engineer,Bắc Ninh,"C#, Sql"
Nhân Viên IT,Công ty TNHH MCNEX VINA,TopCV,Other IT Role,Ninh Bình,"Java, Sql"
SAP BTP CAP Developer,FPT Software,TopCV,SAP BTP CAP Developer,Đà Nẵng,"Java, Aws, Javascript, Sql"
Coding Quality Review Team Lead,Công Ty Tài Chính TNHH HD SAISON,TopCV,Coding Quality Review Team Lead,Hồ Chí Minh,"Java, Go, Javascript, Python"
Android Developer,Công ty Cổ phần viễn thông FPT,TopCV,Mobile Developer,Hồ Chí Minh,"Objective-C, Agile, Swift, Kotlin"
Senior Rust Developer,CÔNG TY CP U2U NETWORK,TopCV,Software Engineer,Hồ Chí Minh,Rust
Fullstack Developer,CÔNG TY CỔ PHẦN HAPOSOFT,TopCV,Fullstack Developer,Hà Nội,"Sql, Javascript, Agile, Aws, Python, Html/Css, Nodejs, Php, Html, Css"
Junior Frontend Developer,Công ty TNHH Giáo Dục IZONE,TopCV,Frontend Developer,Hà Nội,"Typescript, Javascript, React, Java, Html, Css"
Lập Trình Viên PHP,CÔNG TY TNHH OPN VIỆT NAM,TopCV,Backend Developer,Hà Nội,"Sql, Javascript, Agile, Aws, Html/Css, Php, Html, Css"
Lập Trình Viên,Công ty TNHH Yusen Logistics (Việt Nam),TopCV,Software Engineer,Hà Nội,Not Specified
Blockchain Developer,CÔNG TY CỔ PHẦN CÔNG NGHỆ AN NINH MẠNG QUỐC GIA VIỆT NAM,TopCV,Blockchain Engineer,Hà Nội,"Go, Python, Rust, Solidity"
Middle Fullstack Developer,Công ty cổ phần Synodus,TopCV,Full-stack Developer,Hà Nội,"Typescript, Sql, Javascript, Html/Css, Java"
Nhân Viên Lập Trình Mobile,CÔNG TY CỔ PHẦN CÔNG NGHỆ VCS VIỆT NAM,TopCV,Mobile Developer,Hà Nội,"React, Dart"
Kĩ Sư Tích Hợp - DotNet Developer,BASE BUSINESS SOLUTIONS,TopCV,DotNet Developer,Hà Nội,"Sql, Html, Javascript, Python, Html/Css, C#, Css"
Flutter Developer,Chi Nhánh Công Ty Cổ Phần Phần Mềm Quốc Tế 3S Huế Tại Đà Nẵng,TopCV,Mobile Developer,Not Specified,"Java, Agile, Dart, Swift"
Kỹ Sư Lập Trình,Công ty TNHH Phần mềm DTS Việt Nam,TopCV,Software Engineer,Hà Nội,Not Specified
Data Integration Engineer / ETL Developer,CÔNG TY CỔ PHẦN KAOPIZ HOLDINGS,TopCV,Data Integration Engineer,Hà Nội,"C#, Sql"
Project Manager JLPT N2,Công ty Cổ phần VTI,TopCV,IT Project Manager,Hà Nội,Not Specified
Middle/Senior Fullstack,Công ty Cổ Phần Rikkeisoft,TopCV,Fullstack Developer,Hà Nội,"Docker, Java, Agile, Python"
Senior PHP Fullstack,CÔNG TY CỔ PHẦN CÔNG NGHỆ TRÍ TUỆ NHÂN TẠO BMH-AI,TopCV,Full-stack Developer,Hà Nội,"Aws, Php, Javascript"
Kỹ Thuật Viên Gia Công Máy CNC,CÔNG TY TNHH FUJIKIN VIỆT NAM – CHI NHÁNH NHÀ MÁY BẮC NINH,TopCV,Other IT Role,Bắc Ninh,Not Specified
Kỹ Sư Thiết Kế Máy,Công ty Cổ phần Thiết bị và Giải pháp cơ khí Automech,TopCV,Other IT Role,Hà Nội,
Lập Trình Viên Mobile,CÔNG TY CỔ PHẦN ỨNG DỤNG CÔNG NGHỆ LOGISTICS,TopCV,Mobile Developer,Hồ Chí Minh,"Java, Dart, Swift, Kotlin"
Lập Trình Viên Data Engineer - Thu Nhập Hấp Dẫn Upto 60tr,Công ty cổ phần XNK Đầu tư và Công nghệ HD Việt Nam,TopCV,Data Engineer,Hà Nội,Sql
Java Developer,Công ty Cổ phần Giải pháp Phần mềm Biplus Việt Nam,TopCV,Java Developer,Hà Nội,"Java, Aws, Agile, Sql"
Lập Trình Viên VueJS,Công ty TNHH Tap Hospitality Vietnam,TopCV,Frontend Developer,Hà Nội,"Typescript, Docker, Javascript, Aws, Html/Css, Html, Css"
C# .NET Developer,CÔNG TY TNHH SHINNICHIRO VIỆT NAM,TopCV,Software Engineer,Hồ Chí Minh,"C#, Not Specified"
Thực Tập Sinh Lập Trình Phần Mềm,Công ty Cổ phần Công nghệ G-Connect,TopCV,Other IT Role,Hà Nội,"Java, Javascript, Python, Html/Css"
User Acquisition Marketing Game,CÔNG TY TNHH KỸ THUẬT CÔNG NGHỆ BLUE DREAM,TopCV,Other IT Role,Hồ Chí Minh,
Senior Fullstack Developer,Công ty cổ phần đầu tư Phát triển Máy Việt Nam,TopCV,Fullstack Developer,Hà Nội,"Sql, Docker, Javascript, Java, Agile"
"Lập Trình Viên C#, .NET",Công ty cổ phần K. Hệ thống,TopCV,Software Engineer,Đà Nẵng,"C#, Sql"
Front End Developer,Công Ty TNHH LG CNS VIỆT NAM,TopCV,Frontend Developer,Hà Nội,"Javascript, React, Html/Css, Html, Css"
Fullstack Developer,CÔNG TY TNHH GROOO INTERNATIONAL,TopCV,Fullstack Developer,Hồ Chí Minh,"Java, React, Javascript"
Embedded Software Engineer,CÔNG TY TNHH AMARIS VIỆT NAM,TopCV,Embedded Engineer,Hồ Chí Minh,"C++, Agile, Python"
Senior Mobile Developer,Công ty cổ phần PayPay,TopCV,Mobile Developer,Hà Nội,"Javascript, Agile, Kotlin, React, Html, Swift, Css"
Lập Trình Viên Từ N3,Công ty TNHH City Ascom Việt Nam,TopCV,Software Engineer,Hà Nội,"Java, Plsql, C#, Javascript"
Kỹ Sư Lập Trình Nhúng,Công ty Cổ phần Công nghệ Teksea,TopCV,Embedded Engineer,Hà Nội,"C++, Python, C"
ReactJS Developer,CÔNG TY CỔ PHẦN TINASOFT VIỆT NAM,TopCV,Frontend Developer,Hà Nội,"Typescript, React, Css"
Java Developer,FPT Software,TopCV,Java Developer,Hồ Chí Minh,Java
Blockchain Backend Developer,CÔNG TY TNHH BULL LABS,TopCV,Blockchain Engineer,Hà Nội,"Docker, Go, Javascript, Rust"
Nhân Viên Phần Mềm,Công Ty CP XNK Y tế Domesco,TopCV,Software Engineer,Hồ Chí Minh,
Kỹ Sư Lập Trình Firmware,CÔNG TY CỔ PHẦN DEVBRIX,TopCV,Embedded Engineer,Hồ Chí Minh,Python
Net Developer,Công ty TNHH Tổng công ty Công nghệ & Giải pháp CMC,TopCV,Backend Developer,Hà Nội,"Sql, Html, Docker, Javascript, React, C#, Css"
Leader Java Backend,Công ty cổ phần PayPay,TopCV,Backend Developer,Hà Nội,"Java, Agile, Sql"
Nhân Viên Lập Trình PLC,Công ty TNHH Seojin Auto,TopCV,Other IT Role,Bắc Ninh,Not Specified
Lập Trình Viên NodeJS,Công ty TNHH ThinkLab Media,TopCV,Backend Developer,Hà Tĩnh,Javascript
Backend Developer,Công ty TNHH Equix Technologies,TopCV,Backend Developer,Hà Nội,"Docker, C#, Sql"
Kỹ Sư Lập Trình Khuôn,CÔNG TY CỔ PHẦN THƯƠNG MẠI VÀ CÔNG NGHIỆP MINH QUANG IDS,TopCV,Other IT Role,Not Specified,
Frontend Developer,Công ty Cổ phần Ứng dụng Phần mềm Mobio Việt Nam,TopCV,Frontend Developer,Hà Nội,"Css3, Html5, Typescript, Angular, Html, Css"
Java Developer,"TECHVIFY SOFTWARE., JSC",TopCV,Backend Developer,Hà Nội,Java
Net Developer,CÔNG TY TNHH NEO TALENT,TopCV,Backend Developer,Hà Nội,"Sql, Html, Javascript, C#, Css"
Lập Trình Viên BAck-End,CÔNG TY CỔ PHẦN FIVE-STAR E-LEARNING,TopCV,Backend Developer,Hà Nội,"Sql, Html, Javascript, Agile, Aws, React, C#, Css"
Flutter Developer,CÔNG TY CỔ PHẦN CÔNG NGHỆ GIÁO DỤC TRỰC TUYẾN ALADANH,TopCV,Flutter Developer,Hà Nội,"Agile, Dart"
Front End Developer,CÔNG TY TNHH DOCUMENT EASY,TopCV,Frontend Developer,Hồ Chí Minh,Dart
Automation & System Developer,CÔNG TY TNHH TMDV CÔNG NGHỆ TT,TopCV,Automation & System Developer,Hồ Chí Minh,Python
Java Developer,Công ty CP Kinh doanh F88,TopCV,Java Developer,Hà Nội,"Java, Aws, Agile, Sql"
Developer Leader,Công ty Cổ phần Công nghệ DTT,TopCV,Team Leader,Hà Nội,Java
Management Trainee Digital Channel Program - 1Y560,Ngân hàng TMCP Hàng Hải Việt Nam (MSB),TopCV,Other IT Role,Hà Nội,Agile
Java Engineer Good English,FPT Software,TopCV,Backend Developer,Đà Nẵng,"Java, Aws, Agile, Sql"
Frontend Developer,CÔNG TY TNHH NEXDOR VIỆT NAM,TopCV,Frontend Developer,Hồ Chí Minh,"Javascript, Agile, React, Html, Css"
Junior Frontend Developer,CÔNG TY CỔ PHẦN ĐẦU TƯ VÀ CÔNG NGHỆ BẦU TRỜI XANH,TopCV,Frontend Developer,Hà Nội,"Typescript, Sql, Javascript, React, Html, Css"
Salesforce Developer,CÔNG TY CỔ PHẦN CÔNG NGHỆ UPP TOÀN CẦU,TopCV,Salesforce Developer,Hà Nội,"Apex, Agile"
Web Developer,CÔNG TY TNHH TECHNOASIA,TopCV,Web Developer,Đà Nẵng,Python
Back-End Developer,CÔNG TY TNHH A G STEEL MANUFACTURE,TopCV,Back-End Developer,Hồ Chí Minh,"C, Docker, Node.Js, C++, Go, Python, Java"
Chuyên Viên Lập Trình,Công ty Cổ phần Tập đoàn Meey Land,TopCV,Frontend Developer,Hà Nội,"Typescript, Javascript, Html/Css"
Senior Frontend Developer,CÔNG TY TNHH TECHVSI,TopCV,Frontend Developer,Hồ Chí Minh,"React, Html, Javascript, Css"
Blockchain Developer,CÔNG TY TNHH DỊCH VỤ TRUYỀN THÔNG TRUST REAL,TopCV,Blockchain Engineer,Hà Nội,"Xcode, C, Rust, Solidity, Objective-C, Javascript, Kotlin, C++, React, Java, Dart, Swift"
Trợ Lý Điều Hành Phát Triển Phần Mềm,Công ty Cổ phần Giải pháp Phần mềm Biplus Việt Nam,TopCV,Other IT Role,Hà Nội,"Agile, Not Specified"
Java Developer,FPT Software,TopCV,Backend Developer,Nha Trang,"Java, Aws, Agile, Sql"
PHP Backend Developer,Công ty cổ phần PayPay,TopCV,Backend Developer,Hà Nội,"Docker, Php, Sql"
Lập Trình Viên NodeJS - Từ 2 Năm Kinh Nghiệm,Công ty cổ phần ICORP,TopCV,Backend Developer,Hà Nội,"Sql, Javascript, Html/Css, Java, Html, Css"
Kỹ Sư Phần Mềm,CÔNG TY TNHH INNOREV VIỆT NAM,TopCV,Software Engineer,Not Specified,"C#, Python"
Lập Trình Viên Java,Tổng Công ty Cổ Phần Công trình Viettel,TopCV,Dev Lead Java,Hà Nội,Java
Kỹ Sư Vận Hành Máy,CÔNG TY TNHH PHÁT TRIỂN CÔNG NGHỆ LONG TIẾN HẢI,TopCV,Other IT Role,Not Specified,Not Specified
Lead Mobile App,CÔNG TY TNHH METADATA SOLUTIONS,TopCV,Lead Mobile App,Hồ Chí Minh,"Java, Swift, Kotlin"
COBOL Developer Intern,Công ty cổ phần SANAN,TopCV,Other IT Role,Not Specified,Cobol
Nhân Viên Lập Trình & Vận Hành Máy Phay,CÔNG TY CỔ PHẦN THIẾT BỊ CÔNG NGHIỆP MTEC,TopCV,Other IT Role,Bắc Ninh,
Android Developer Leader,Công ty Cổ phần viễn thông FPT,TopCV,Mobile Developer,Hồ Chí Minh,"Objective-C, Agile, Swift, Kotlin"
Trưởng Nhóm Lập Trình,CÔNG TY TNHH 1 TV AUTOMIC,TopCV,Tech Lead,Hà Nội,"C++, C#, Python"
Frontend Developer,Công ty cổ phần đầu tư NBG HIGHTECH,TopCV,Frontend Developer,Hà Nội,"Css3, Html5, Typescript, Javascript"
Thực Tập Sinh,Lampart,TopCV,Intern,Hồ Chí Minh,"Java, Php, Sql, Javascript"
Lập Trình Viên,CÔNG TY CỔ PHẦN GIẢI PHÁP GIÁO DỤC - Y TẾ NAM VIỆT,TopCV,Software Engineer,Hà Nội,"Html, Javascript, Html/Css, C#, Css"
Nhân Viên Lập Trình CNC,CÔNG TY CỔ PHẦN GỖ TÂN THÀNH,TopCV,Other IT Role,Not Specified,
Marketing Leader,Công Ty Cổ Phần Tổ Chức Nhà Quốc Gia (NATIONAL HOUSING ORGANIZATION JSC),TopCV,Not Specified,Hồ Chí Minh,
Frontend Developer,CÔNG TY TNHH BULL LABS,TopCV,Frontend Developer,Hà Nội,"Css3, Html5, Javascript"
Android Engineer,Floating Cube Studios (Việt Nam),TopCV,Mobile Developer,Hồ Chí Minh,"Flutter, Agile, Kotlin"
Giám Đốc Bảo Dưỡng,Nhà máy giấy Xương Giang-Công ty cổ phần XNK Bắc Giang,TopCV,IT Manager,Not Specified,
Fresher Flutter,Công ty Cổ phần đầu tư Công Nghệ và Thương Mại Softdreams,TopCV,Mobile Developer,Hà Nội,"Agile, Dart"
JAVA/ .NET Fresher Developers,CÔNG TY CỔ PHẦN FUJINET SYSTEMS,TopCV,Software Engineer,Hồ Chí Minh,"Sql, Html, Javascript, React, Java, C#, Css"
Senior Fullstack Developer,CÔNG TY TNHH THƯƠNG MẠI DỊCH VỤ VEXERE,TopCV,Full-stack Developer,Hồ Chí Minh,"Docker, React, Typescript, Javascript"
Senior Backend Engineer,CÔNG TY CỔ PHẦN ONE MOUNT GROUP,TopCV,Backend Developer,Hà Nội,"Java, Agile, Sql, Docker"
Fullstack Developer,XIPAT FLEXIBLE SOLUTIONS COMPANY LIMITED,TopCV,Fullstack Developer,Hà Nội,"Php, Html, Javascript, Css"
Fullstack Developer,CÔNG TY TNHH FEDERATE GROUP,TopCV,Full-Stack Developer,Hà Nội,"Html5, Javascript, Golang, Python, Java, Php, Ruby, Css"
Kỹ Sư Cầu Nối,CÔNG TY CỔ PHẦN OMINEXT,TopCV,Kỹ Sư Cầu Nối,Not Specified,"C#, Agile"
Front End Developer,Công Ty TNHH LG CNS VIỆT NAM,TopCV,Frontend Developer,Hà Nội,"Typescript, Javascript, React, Html, Css"
Fullstack Developer,Công ty Cổ phần Kaopiz Software,TopCV,Fullstack Developer,Hà Nội,"Aws, Java, React, Javascript"
Fullstack Developer,TẬP ĐOÀN CÔNG NGHIỆP - VIỄN THÔNG QUÂN ĐỘI,TopCV,Fullstack Developer,Hà Nội,"Sql, Vue.Js, Docker, Javascript, Node.Js, React"
Kỹ Thuật Viên Lập Trình CNC,Công ty TNHH công nghệ QCM Việt Nam,TopCV,Other IT Role,Hà Nội,Not Specified
Java Developer,Công ty Cổ phần GEM,TopCV,Java Developer,Hà Nội,"Sql, Javascript, Aws, React, Java"
Lập Trình Viên Fullstack Developer,CÔNG TY CỔ PHẦN MIA RETAIL,TopCV,Full-stack Developer,Hồ Chí Minh,"Sql, Javascript, React, Python, Php, Css"
Lập Trình Viên Backend,CÔNG TY CỔ PHẦN CÔNG NGHỆ FOXAI,TopCV,Backend Developer,Hà Nội,"Docker, C#, Sql, Agile"
Kỹ Sư Lập Trình,Công Ty TNHH Cammsys Việt Nam,TopCV,Software Engineer,Not Specified,"C++, C#, Python, Java"
Java Developer,Công ty Cổ phần Công nghệ MicroTech,TopCV,Java Developer,Hà Nội,Java
Junior Mobile Developer,CÔNG TY CỔ PHẦN ESTUARY,TopCV,Mobile Developer,Hồ Chí Minh,"Xcode, Typescript, Javascript, React, Java, Html, Swift, Css"
Nhân Viên Lập Trình PLC,Công ty TNHH Seojin Auto,TopCV,Other IT Role,Bắc Ninh,Not Specified
Lập Trình Viên Phần Mềm DEV PHP,Công ty TNHH CÔNG NGHỆ VÀ TƯ VẤN DOANH NGHIỆP INNOCOM,TopCV,Backend Developer,Hồ Chí Minh,"Php, Javascript, Sql"
Kỹ Sư Phần Mềm,Công ty Cổ phần Tự động hóa và Robotics Aubot,TopCV,Software Engineer,Hà Nội,"Node.Js, C++, Go, Python, Java"
Senior Mobile Developer,Công ty cổ phần PayPay,TopCV,Mobile Developer,Hà Nội,"Javascript, Agile, Kotlin, React, Html, Swift, Css"
Lập Trình Viên Java,TNHH Pirago Việt Nam,TopCV,Backend Developer,Hà Nội,"Java, Aws"
Nhân Viên Lập Trình Và Vận Hành Máy CNC,CÔNG TY TNHH CHẾ TẠO TẤN PHÁT,TopCV,Other IT Role,Hồ Chí Minh,Not Specified
Kỹ Sư Phần Mềm Ứng Dụng Desktop,Công ty Cổ phần Tập đoàn OSB,TopCV,Software Engineer,Hà Nội,"Java, Javascript"
Senior React Native Good English,FPT Software,TopCV,Frontend Developer,Đà Nẵng,"Javascript, React, Java, Swift, Css"
Trưởng Nhóm Lập Trình,CÔNG TY TNHH 1 TV AUTOMIC,TopCV,Other IT Role,Hà Nội,"C++, Python"
Kỹ Sư IT Fullstack,Công ty Cổ phần Tự động hóa và Robotics Aubot,TopCV,Full-stack Developer,Hà Nội,"Docker, Javascript, Aws, React, Java, Html, Css"
Lập Trình Backend,Công ty cổ phần giải pháp MKT,TopCV,Backend Developer,Hà Nội,Javascript
Nhân Viên Lập Trình,Công Ty TNHH Giải Pháp Phần Mềm Việt Á,TopCV,Software Engineer,Hồ Chí Minh,"Vb.Net, C#, Sql"
Lập Trình Viên Developer,CÔNG TY TNHH IDENTALSOFT VIỆT NAM,TopCV,Software Engineer,Hồ Chí Minh,"Java, C#"
Fresher Fullstack Developer,Công Ty SmartOSC,TopCV,Full-stack Developer,Hà Nội,"Javascript, React, Python, Html, Css"
Full-Stack Java Developer,"VĂN PHÒNG KOTRA, ĐẠI SỨ QUÁN HÀN QUỐC",TopCV,Full-stack Developer,Hà Nội,"Java, Javascript, Agile, Sql"
Chuyên Viên Lập Trình,CÔNG TY TNHH DỊCH VỤ XỬ LÝ ĐIỆN TOÁN,TopCV,Frontend Developer,Hà Nội,"React, Agile, Javascript"
Java Developer,Công ty Cp Công nghệ và Truyền thông Dagoras,TopCV,Backend Developer,Hà Nội,"Java, React"
Java Developer,Công ty cổ phần phần mềm ITSOL Holdings,TopCV,Java Developer,Hà Nội,Java
Playable Ads Developer,SonatGame Studio,TopCV,Playable Ads Developer,Hà Nội,C#
Nhân Viên Kỹ Thuật Cơ Khí,Công ty TNHH Kỹ Thuật Bueno,TopCV,Other IT Role,Not Specified,
Flutter Developer,Braly JSC,TopCV,Mobile Developer,Hà Nội,"Java, Dart, Swift"
Java Developer,CÔNG TY TNHH PHÁT TRIỂN HỆ THỐNG NICHIETSU,TopCV,Java Developer,Hồ Chí Minh,"Java, Html, Javascript, Css"
Mobile Developer,Công ty Cổ phần Công nghệ eUp,TopCV,Mobile Developer,Hà Nội,"Swift, Kotlin"
Lập Trình Viên Senior Fullstack,CÔNG TY TNHH GROOO INTERNATIONAL,TopCV,Full-stack Developer,Hồ Chí Minh,"Java, Javascript, Docker, Sql"
Senior Frontend Developer,CÔNG TY TNHH SOFTFLEX LLC,TopCV,Frontend Developer,Hà Nội,"Typescript, Javascript, React, Html/Css, Php, Html, Css"
Blockchain Developer,CÔNG TY CỔ PHẦN CÔNG NGHỆ AN NINH MẠNG QUỐC GIA VIỆT NAM,TopCV,Blockchain Developer,Hà Nội,"Go, Python, Rust, Solidity"
Game Developer,Công ty Cổ phần Falcon Technology,TopCV,Game Developer,Hà Nội,C#
Leader React Native,CÔNG TY CỔ PHẦN CÔNG NGHỆ ALPHAWAY,TopCV,Leader React Native,Hồ Chí Minh,"Docker, React, Typescript, Javascript"
Nhân Viên Lập Trình Cnc,CÔNG TY TNHH CÔNG NGHỆ ĐO LƯỜNG P&R (VIỆT NAM),TopCV,Other IT Role,Bắc Giang,Not Specified
Fullstack Developer,ORBRO Inc.,TopCV,Fullstack Developer,Hà Nội,"React, Typescript, Javascript"
Software Engineer – Theia IDE Development For RISC-V,CÔNG TY TNHH FEDERATE GROUP,TopCV,Software Engineer,Hà Nội,"Typescript, C, Javascript, C++, React, Agile"
Kỹ Sư Phát Triển Phần Mềm,CÔNG TY TNHH ESUHAI TECHNOLOGY,TopCV,Software Engineer,Hồ Chí Minh,
Kotlin Developer,Splus Software,TopCV,Kotlin Developer,Hồ Chí Minh,"React, Swift, Kotlin"
Lập Trình Backend,Công ty cổ phần giải pháp MKT,TopCV,Backend Developer,Hà Nội,"Typescript, Node.Js, Sql"
AI Backend Developer,"VĂN PHÒNG KOTRA, ĐẠI SỨ QUÁN HÀN QUỐC",TopCV,AI Backend Developer,Hà Nội,"Agile, Javascript, Python"
Junior Dev Odoo,Công ty Cổ Phần Peasoft Việt Nam,TopCV,Junior Developer,Hà Nội,Python
Developer Senior Java,CÔNG TY TNHH PHÁT TRIỂN HỆ THỐNG DỊCH VỤ CÔNG NGHỆ THÔNG TIN,TopCV,Software Engineer,Hà Nội,Java
Nhân Viên Lập Trình Máy Phay CNC _ Thu Nhập Up To 20M++ _ Đi Làm Ngay Tại Hoàng Mai - HN,Công ty TNHH Auto Korea,TopCV,Other IT Role,Hà Nội,
Android Developer,CÔNG TY TNHH CÔNG NGHỆ PHẦN MỀM LUTECH,TopCV,Mobile Developer,Not Specified,Kotlin
C#.NET Developer,CÔNG TY TNHH SHINNICHIRO VIỆT NAM,TopCV,Backend Developer,Hồ Chí Minh,C#
Frontend Developer,Công ty Cổ phần Công nghệ MicroTech,TopCV,Frontend Developer,Hà Nội,"React, Javascript, Css"
Nhân Viên Phát Triển Kinh Doanh,Công ty Cổ phần FHB Việt Nam,TopCV,Other IT Role,Hồ Chí Minh,Not Specified
NET Developer,OneTech Asia,TopCV,Backend Developer,Hồ Chí Minh,"Vb.Net, Php, Aws, C"
Curriculum Developer,CÔNG TY CỔ PHẦN TRƯỜNG HỌC CÔNG NGHỆ MINDX,TopCV,Curriculum Developer,Hà Nội,Not Specified
Middle Fullstack Developer,CÔNG TY TNHH FAVOLIST5 ASIA,TopCV,Full-stack Developer,Hồ Chí Minh,"Typescript, Sql, Docker, Javascript, Aws, Agile"
Java Engineer Good English,FPT Software,TopCV,Backend Developer,Đà Nẵng,"Java, Aws, Agile, Sql"
Nhân Viên Lập Trình Tự Động Hóa,CÔNG TY TNHH TECH EVOLUTION,TopCV,Not Specified,Bắc Giang,
Chuyên Viên Phát Triển Phần Mềm,CÔNG TY CỔ PHẦN ĐẦU TƯ PHÁT TRIỂN VÀ XÂY DỰNG THÀNH ĐÔ,TopCV,Software Engineer,Hà Nội,Not Specified
Solution Architect,DigiEx Group,TopCV,Solution Architect,Hồ Chí Minh,"Docker, Javascript, Aws, Java, Php"
Nhân Viên Lập Trình CNC,CÔNG TY CỔ PHẦN GỖ TÂN THÀNH,TopCV,Other IT Role,Not Specified,
Lập Trình Viên ReactJS,Công ty Cổ phần Đầu tư và Phát triển Koolsoft,TopCV,Frontend Developer,Hà Nội,"Css3, Html5, Typescript, Javascript"
Lập Trình Viên Java,Công Ty TNHH Townsoft Vina,TopCV,Backend Developer,Hà Nội,"Java, Aws, Sql, Docker"
Frontend Developer,Công ty cổ phần đầu tư NBG HIGHTECH,TopCV,Frontend Developer,Hà Nội,"Typescript, Javascript, Html/Css"
Java Backend,TỔNG CÔNG TY CỔ PHẦN BƯU CHÍNH VIETTEL,TopCV,Backend Developer,Hà Nội,Java
Lập Trình Viên Java,Công ty Cổ phần Tập đoàn Công nghệ Thiên Hoàng,TopCV,Backend Developer,Hà Nội,"Sql, Docker, Javascript, React, Html/Css, Java, Html, Css"
C#.NET Leader,CÔNG TY TNHH SHINNICHIRO VIỆT NAM,TopCV,C#.NET Leader,Hồ Chí Minh,C#
Backend Developer,ORBRO Inc.,TopCV,Backend Developer,Hà Nội,"C++, Aws, C, Python"
Senior Java Developer,Công ty Cổ phần GEM,TopCV,Backend Developer,Hà Nội,"Sql, Docker, Aws, Java, Agile"
Java Technical Lead,Công ty Cổ phần GEM,TopCV,Java Technical Lead,Hà Nội,"Sql, Docker, Aws, Java, Agile"
Senior Fullstack Developer,Phòng Khám Chuyên Khoa Da Liễu GSV - Công Ty Cổ Phần Bệnh Viện Đa Khoa Quốc Tế GSV,TopCV,Full-stack Developer,Hà Nội,"Sql, Html, Html/Css, C#, Css"
Web Frontend Angular,TỔNG CÔNG TY CỔ PHẦN BƯU CHÍNH VIETTEL,TopCV,Frontend Developer,Hà Nội,"Html, Javascript, Html/Css, Css"
AI Engineer,CÔNG TY CỔ PHẦN EVERSTAR GLOBAL,TopCV,AI Engineer,Hà Nội,"Agile, Python"
Lập Trình Viên Backend,CÔNG TY CỔ PHẦN EVERSTAR GLOBAL,TopCV,Backend Developer,Hà Nội,"Docker, Typescript, Javascript, Python"
Middle Fullstack Developer,CÔNG TY TNHH CÔNG NGHỆ RIKAI,TopCV,Full-stack Developer,Đà Nẵng,"Docker, Javascript, Agile, Aws, React, Html/Css, Java, Php, Html, Css"
SAP BTP CAP Developer,FPT Software,TopCV,SAP BTP CAP Developer,Đà Nẵng,"Java, Aws, Javascript, Sql"
Backend Engineer,Công ty Cổ phần VinBigData,TopCV,Backend Developer,Hà Nội,"Docker, Golang, Aws, Python"
Frontend Developer,Công Ty Tài Chính TNHH HD SAISON,TopCV,Frontend Developer,Hồ Chí Minh,"Typescript, Javascript, Agile"
Giám Đốc Bảo Dưỡng,Nhà máy giấy Xương Giang-Công ty cổ phần XNK Bắc Giang,TopCV,Not Specified,Not Specified,
Intern/Fresher .NET,Splus Software,TopCV,Intern Developer,Hồ Chí Minh,"Sql, Javascript, Vb.Net, Html, Css"
Business Developer - Project,CÔNG TY TNHH BLUM VIỆT NAM,TopCV,Not Specified,Hà Nội,
Lập Trình Viên .Net,CÔNG TY TNHH TECHNET GLOBAL,TopCV,Backend Developer,Hồ Chí Minh,"Javascript, C#, Sql"
Middle/Senior IOS Developer,Công ty TNHH Unstatic,TopCV,Mobile Developer,Hà Nội,Swift
Senior Java Developer,Công ty Cổ phần Giải pháp Phần mềm Biplus Việt Nam,TopCV,Backend Developer,Hà Nội,"Java, Agile"
Lập Trình Máy CNC,công ty TNHH Công Nghệ HOGI Việt Nam,TopCV,Other IT Role,Hà Nội,
Lập Trình Viên Server. Thu Nhập Upto 40M,CÔNG TY TNHH MARKETING METAS GROUP,TopCV,Backend Developer,Hà Nội,C#
Frontend Developer,CÔNG TY TNHH HIFUNNEL,TopCV,Frontend Developer,Hồ Chí Minh,"Css3, Html5, Typescript, Javascript, React"
Nhân Viên React Native Mobile,TỔNG CÔNG TY CỔ PHẦN BƯU CHÍNH VIETTEL,TopCV,Mobile Developer,Hà Nội,"Javascript, Agile, React, Html, Css"
Chuyên Viên Phát Triển Phần Mềm,CÔNG TY TNHH CÔNG NGHỆ SỐ VÀ CHUYỂN ĐỔI SỐ Y TẾ,TopCV,Software Engineer,Hà Nội,"C#, Sql, Html, Css"
Frontend Developer,"VĂN PHÒNG KOTRA, ĐẠI SỨ QUÁN HÀN QUỐC",TopCV,Frontend Developer,Hà Nội,"Typescript, Javascript, React, Html, Css"
Backend Developer,CÔNG TY TNHH DỊCH VỤ PHẦN MỀM HUMAN OFFSHORE PARTNERS,TopCV,Backend Developer,Hà Nội,"Sql, Docker, Node.Js, Aws, Go, Python, Php"
Media Player Developer,CÔNG TY TNHH THINKWARE GRDC VIET NAM,TopCV,Other IT Role,Hồ Chí Minh,"C++, C"
Technical Artist,CÔNG TY TNHH MARKETING METAS GROUP,TopCV,Technical Artist,Hà Nội,C#
Nhân Viên Lập Trình Máy CNC,Công ty TNHH Napec,TopCV,Other IT Role,Hồ Chí Minh,Not Specified
Fresher .NET,Splus Software,TopCV,Software Engineer,Hồ Chí Minh,"Javascript, C#, Sql, Html/Css"
Lập Trình Viên C# WPF,Công ty TNHH AEGONA,TopCV,Software Engineer,Hồ Chí Minh,"C#, Agile"
Chuyên Viên Cao Cấp Ngân Hàng Số,Ngân hàng TMCP Đông Nam Á - SEABANK,TopCV,Software Engineer,Hà Nội,"Sql, Javascript, Kotlin, Java, Html, Swift, Css"
Nhân Viên Lập Trình Máy Phay CNC,CÔNG TY CỔ PHẦN CÔNG NGHIỆP PHỤ TRỢ BBS VIỆT NAM,TopCV,Other IT Role,Hà Nội,
Coding Quality Review Team Lead,Công Ty Tài Chính TNHH HD SAISON,TopCV,Coding Quality Review Team Lead,Hồ Chí Minh,"Java, Go, Javascript, Python"
Fullstack Developer Intern,BSS Group,TopCV,Fullstack Developer,Hà Nội,"Javascript, Aws, React, Java, Php"
Nhân Viên Lập Trình PHP,Công Ty Cổ Phần OWS Việt Nam,TopCV,Backend Developer,Hà Nội,"Php, Html, Javascript, Css"
Java Developer - 2 Năm Kinh Nghiệm,Beetechsoft,TopCV,Java Developer,Hồ Chí Minh,"Javascript, Html/Css, Java, Html, Css"
Senior C Language Developer,Công Ty TNHH LG CNS VIỆT NAM,TopCV,Other IT Role,Hà Nội,C
.NET Dev,Công ty Cổ phần đầu tư Công Nghệ và Thương Mại Softdreams,TopCV,.NET Developer,Hà Nội,"Sql, Html, Javascript, Agile, Html/Css, C#, Css"
Salesforce Developer,CÔNG TY CỔ PHẦN CÔNG NGHỆ UPP TOÀN CẦU,TopCV,Salesforce Developer,Hà Nội,"Lwc, Apex, Visualforce, Aura, Agile"
Thực Tập Sinh PHP,Lampart,TopCV,Backend Developer,Hồ Chí Minh,"Java, Php, Javascript, Sql"
Embedded Systems Developer,Công ty Cổ phần Tập đoàn Karofi,TopCV,Embedded Engineer,Hà Nội,"C, C++, Aws, Python, Agile"
Lập Trình Ứng Dụng,Công ty TNHH Dược Phẩm Và Trang Thiết Bị Y Tế Hoàng Đức,TopCV,Software Engineer,Hồ Chí Minh,"Sql, Html, Javascript, C#, Css"
Lập Trình Viên MasterCam,TIEN TUAN PHARMACEUTICAL MACHINERY CO.LTD,TopCV,Other IT Role,Hồ Chí Minh,Not Specified
Backend Developer,Công ty TNHH Equix Technologies,TopCV,Backend Developer,Hà Nội,"Docker, C#, Sql"
Lập Trình Viên Backend,CTCP Truyền thông và Dịch vụ số Kiến Lửa,TopCV,Backend Developer,Hà Nội,"Sql, Node.Js, Python, Java, Php, C#"
Unity Developer,CÔNG TY TNHH PUZZLE STUDIO,TopCV,Game Developer,Hồ Chí Minh,C#
Frontend Developer,CÔNG TY TNHH DỊCH VỤ PHẦN MỀM HUMAN OFFSHORE PARTNERS,TopCV,Frontend Developer,Hà Nội,"Css3, Html5, Javascript, Agile, Css"
Software Developer,"Toshiba Software Development (Vietnam) Co., Ltd.",TopCV,Software Developer,Hà Nội,".Net, Javascript, C++, Python, Java"
Middle/Senior Fullstack,Công ty Cổ Phần Rikkeisoft,TopCV,Full-stack Developer,Hà Nội,"Docker, Java, Agile, Python"
Dev Fullstack,CÔNG TY TNHH GIẢI PHÁP PHÂN TÍCH DỮ LIỆU INSIGHT DATA,TopCV,Full-stack Developer,Hà Nội,"Docker, Not Specified"
Chuyên Gia/CVCC Hỗ Trợ Phát Triển Ứng Dụng,CÔNG TY TÀI CHÍNH TNHH MỘT THÀNH VIÊN BƯU ĐIỆN,TopCV,Other IT Role,Hà Nội,"Sql, Docker, Javascript, Aws, Java"
Python Developer,iPOS.vn,TopCV,Backend Developer,Hà Nội,Python
Embedded Software Engineer,CÔNG TY TNHH AMARIS VIỆT NAM,TopCV,Embedded Engineer,Hồ Chí Minh,"C++, Agile, Python"
RTOS Developer,FPT Software,TopCV,Embedded Engineer,Hà Nội,"C++, C"
Lập Trình Viên Fullstack,CÔNG TY TNHH GROOO INTERNATIONAL,TopCV,Full-stack Developer,Hà Nội,"Java, Php, Javascript"
Senior Software Engineer,Công ty TNHH MBC Playbe Việt Nam,TopCV,Software Engineer,Hà Nội,"Javascript, Sql"
Kỹ Sư Cơ Khí,CÔNG TY TNHH THIẾT BỊ NÂNG HẢI PHÒNG,TopCV,Not Specified,Hải Phòng,Not Specified
Junior IOS Developer,Apero Technologies Group,TopCV,Mobile Developer,Hà Nội,"Agile, Swift"
Frontend Developer,Công ty Cổ phần dịch vụ và giải pháp xử lý dữ liệu VBEE,TopCV,Frontend Developer,Hà Nội,"Javascript, Agile, React, Html, Css"
React Native Developer,Công ty TNHH Nippon Steel Metal Products Vietnam,TopCV,Mobile Developer,Hà Nội,"React, Javascript"
Junior IOS Developer,CÔNG TY CỔ PHẦN CQ TDT ASIA,TopCV,Mobile Developer,Hà Nội,Swift
Lập Trình Viên Python,Alpaca Solutions,TopCV,Backend Developer,Hồ Chí Minh,"Html, Python, Html/Css, Css"
Nhân Viên Lập Trình CNC - Phần Mềm Creo,Công ty CP Đại Đồng Tiến,TopCV,Other IT Role,Hồ Chí Minh,Not Specified
"Nhân Viên Lập Trình Phay, Tiện",CÔNG TY TNHH THIẾT BỊ KHOA HỌC LABONE,TopCV,Other IT Role,Hồ Chí Minh,
Senior Frontend Developer,Công ty Cổ phần Truyền thông và Dịch vụ Nodo,TopCV,Frontend Developer,Hà Nội,"Typescript, Aws, Python, Html/Css, Java, Html, Css"
Sap Abap Developer,FPT Software,TopCV,Other IT Role,Đà Nẵng,Abap
Nhân Viên Thiết Kế - Lập Trình File CNC,Công ty Cổ phần Đầu tư Kenli,TopCV,Other IT Role,Hà Nội,Not Specified
Nhân Viên IT,Công ty TNHH MCNEX VINA,TopCV,Other IT Role,Ninh Bình,"Java, Sql"
Winform Developer,Công ty Cổ phần Kaopiz Software,TopCV,Winform Developer,Hà Nội,"Vb.Net, C#, Sql"
Game Developer,CÔNG TY TNHH CÔNG NGHỆ HAY HAY GLOBAL,TopCV,Game Developer,Hà Nội,"React, Typescript, Javascript"
Developer Leader,Công ty Cổ phần Công nghệ DTT,TopCV,Team Leader,Hà Nội,Java
Mobile App Developer,CÔNG TY CỔ PHẦN YOOTEK HOLDINGS,TopCV,Mobile Developer,Hà Nội,"React, Javascript"
Nhân Viên Lập Trình,Công ty Cổ phần Truyền Thông và Thương Mại HTC,TopCV,Backend Developer,Hà Nội,"Java, React"
Kỹ Sư Vận Hành Máy,CÔNG TY TNHH PHÁT TRIỂN CÔNG NGHỆ LONG TIẾN HẢI,TopCV,Other IT Role,Not Specified,Not Specified
Lập Trình Viên Java,Công ty Cổ phần Đầu tư và Phát triển Koolsoft,TopCV,Backend Developer,Hà Nội,"Docker, Javascript, Java, Html, Css"
Thực Tập Sinh Lập Trình Phần Mềm,Công ty Cổ phần Công nghệ G-Connect,TopCV,Other IT Role,Hà Nội,"Java, Javascript, Python, Html/Css"
Power Platform Developer,"TECHVIFY SOFTWARE., JSC",TopCV,Power Platform Developer,Hà Nội,"Html, Javascript, Sql, Css"
Chuyên Viên Phát Triển Phần Mềm,CÔNG TY CỔ PHẦN EMPIRE PROPERTY,TopCV,Software Engineer,Hà Nội,Not Specified
DEV-OPS ENGINEER,Công ty Cổ phần Bán lẻ Kỹ thuật số FPT,TopCV,DevOps Engineer,Hồ Chí Minh,"Docker, Aws, Go, Python, Java"
Nhân Viên Lập Trình & Vận Hành Máy Phay,CÔNG TY CỔ PHẦN THIẾT BỊ CÔNG NGHIỆP MTEC,TopCV,Other IT Role,Not Specified,
Business Analyst,Công ty TNHH Pancake Việt Nam,TopCV,Business Analyst,Hà Nội,
Software Internship,CÔNG TY TNHH SAMSUNG SDS VIỆT NAM,TopCV,Software Internship,Hà Nội,"Java, Python, C++"
Senior .NET Developer,CÔNG TY CỔ PHẦN CÔNG NGHỆ SEN ĐỎ,TopCV,Backend Developer,Hồ Chí Minh,"Sql, Html, Docker, Javascript, C#, Css"
Lead Python Fullstack,Công ty Cổ Phần Công Nghệ Evotek Việt Nam,TopCV,Full-stack Developer,Hà Nội,"Php, Python"
"Nhân Viên Lập Trình Máy, Khuôn Ép Nhựa",Công ty TNHH CN Vĩnh Hàn,TopCV,Other IT Role,Not Specified,Not Specified
Trưởng Phòng Công Nghệ,Công ty Cổ phần Công nghệ DTT,TopCV,Tech Lead,Hà Nội,"Docker, Aws, Agile"
Fresher Fullstack Developer,CÔNG TY CỔ PHẦN SMARTOSC,TopCV,Full-stack Developer,Hà Nội,Javascript
Tư Vấn Phát Triển Phần Mềm Website,CÔNG TY TNHH THƯƠNG MẠI VÀ DỊCH VỤ NINA,TopCV,Other IT Role,Hồ Chí Minh,
Middle Android Developer,Công ty Cổ phần Công nghệ eUp,TopCV,Mobile Developer,Hà Nội,Kotlin
Nhân Viên Lập Trình Vận Hành Máy CNC - Thu Nhập Hấp Dẫn Lên Đến 15 Triệu,CÔNG TY TNHH CÔNG NGHỆ CAO MICRO ONE,TopCV,Other IT Role,Hà Nội,Not Specified
Lập Trình Viên - Data Engineer,Công ty cổ phần XNK Đầu tư và Công nghệ HD Việt Nam,TopCV,Data Engineer,Hà Nội,Sql
Middle Ruby On Rails,Công ty CP Phần mềm MOR,TopCV,Other IT Role,Hồ Chí Minh,"Sql, Javascript, Agile, Html, Ruby, Css"
Japanese Engineer,Công ty cổ phần Mynavi TechTus Việt Nam,TopCV,Tech Lead,Đà Nẵng,"Docker, Aws, Agile, Not Specified"
Backend Developer,CÔNG TY TNHH BULL LABS,TopCV,Backend Developer,Hà Nội,"Docker, Go, Node.Js, Rust"
Front End Developer,CÔNG TY TNHH DOCUMENT EASY,TopCV,Frontend Developer,Hồ Chí Minh,Dart
Nhân Viên Lập Trình CNC,CÔNG TY TNHH SX VÀ TM CÁT THÁI,TopCV,Other IT Role,Hồ Chí Minh,
Lập Trình Viên Backend,CÔNG TY CỔ PHẦN CÔNG NGHỆ FOXAI,TopCV,Backend Developer,Hà Nội,"Docker, Aws, Agile, Python"
Giáo Viên 3D Unity Game Part Time,CÔNG TY TNHH GIT ACADEMY VIỆT NAM,TopCV,Game Developer,Hà Nội,C#
Nhân Viên Lập Trình,Công ty Cổ phần Truyền thông & Thương mại HTC,TopCV,Backend Developer,Hà Nội,"Java, React"
Game Developer,CÔNG TY CỔ PHẦN NEXAR,TopCV,Game Developer,Hà Nội,"C++, C#"
Lập Trình Viên Frontend,CTCP Truyền thông và Dịch vụ số Kiến Lửa,TopCV,Frontend Developer,Hà Nội,"React, Html, Javascript, Css"
Mobile Developer,CÔNG TY TNHH DAOUKIWOOM INNOVATION,TopCV,Mobile Developer,Hồ Chí Minh,"Javascript, Agile, React, Html, Css"
PHP Developer,CÔNG TY CỔ PHẦN GIÁO DỤC LOGIC LAB,TopCV,Backend Developer,Hà Nội,"Javascript, Agile, Php, Html, Css"
Web Developer,CÔNG TY CỔ PHẦN TRUYỀN THÔNG VÀ QUẢNG CÁO MIC CREATIVE,TopCV,Frontend Developer,Hà Nội,"Html, Html/Css, Css"
Kỹ Sư Lập Trình Máy CNC,CÔNG TY TNHH NHA KHOA KO.SE.I.KAI,TopCV,Other IT Role,Hồ Chí Minh,G-Code
Tech Lead,CÔNG TY TNHH CÔNG NGHỆ EZCLOUD TOÀN CẦU,TopCV,Tech Lead,Hà Nội,"Sql, Html, Javascript, Java, C#, Css"
Drupal Developer - Từ 3 Năm Kinh Nghiệm - Up To 35 Triệu/Tháng,Beetechsoft,TopCV,Drupal Developer,Hà Nội,"Docker, Javascript, Aws, Php, Html, Css"
Java Developer,Công ty TNHH CMC GLOBAL,TopCV,Backend Developer,Hà Nội,"Java, Agile"
Kỹ Thuật Viên Gia Công Máy CNC,CÔNG TY TNHH FUJIKIN VIỆT NAM – CHI NHÁNH NHÀ MÁY BẮC NINH,TopCV,Other IT Role,Bắc Ninh,Not Specified
Team Leader,Công ty Cổ Phần Peasoft Việt Nam,TopCV,Team Leader,Hà Nội,"Agile, Javascript, Python, Xml"
Technical Leader - Hybrid Working,CÔNG TY TNHH THƯƠNG MẠI DỊCH VỤ VEXERE,TopCV,Technical Lead,Hồ Chí Minh,"Javascript, Aws, Go, React, Python, Java, Agile"
Lập Trình CNC,Công ty TNHH CA GATES,TopCV,Other IT Role,Hà Nội,
Fullstack Engineer,CÔNG TY CỔ PHẦN CÔNG NGHỆ TÀI CHÍNH FINHUB,TopCV,Fullstack Developer,Hà Nội,"Aws, Agile, Javascript"
Backend Developer,CÔNG TY TNHH ITPL VIỆT NAM,TopCV,Backend Developer,Hà Nội,"Php, C#, Javascript"
Blockchain Developer,CÔNG TY TNHH DỊCH VỤ TRUYỀN THÔNG TRUST REAL,TopCV,Blockchain Developer,Hà Nội,"Xcode, Objective-C, Kotlin, C/C++, React, Java, Dart, Swift"
Front-End Developer,Công ty TNHH Dịch vụ Thương mại Điện tử DJS Việt Nam,TopCV,Frontend Developer,Hồ Chí Minh,Typescript
Trưởng Phòng Gia Công CNC,CÔNG TY CP TẬP ĐOÀN KỸ THUẬT VÀ CÔNG NGHIỆP VIỆT NAM,TopCV,Other IT Role,Hà Nội,
IT Project Manager,Beetechsoft,TopCV,IT Project Manager,Hà Nội,"C, Docker, C++, Aws, Java, Php, Swift"
Lập Trình Viên C# /.Net,Công ty Cổ phần Đầu tư và Công nghệ HTI,TopCV,Software Engineer,Hà Nội,"C#, Sql, Agile"
Frontend Developer,Công ty Cổ Phần Rikkeisoft,TopCV,Frontend Developer,Hà Nội,"Typescript, Javascript, Html/Css, Html, Css"
Java Fullstack,Công ty Cổ phần Đầu tư Phát triển Công nghệ và Truyền thông,TopCV,Full-stack Developer,Hà Nội,"Typescript, Sql, Html/Css, Java, Html, Css"
Kĩ Sư Tích Hợp - DotNet Developer,BASE BUSINESS SOLUTIONS,TopCV,DotNet Developer,Hà Nội,"Sql, Html, Javascript, Python, C#, Css"
Thực Tập Sinh Tư Vấn Triển Khai Phần Mềm,CÔNG TY TNHH TM VÀ DV NINA,TopCV,Other IT Role,Hồ Chí Minh,
Game Developer,CÔNG TY TNHH MEGA COMBAT,TopCV,Game Developer,Hồ Chí Minh,C#
Backend Technical Leader,Công ty cổ phần Công nghệ và Dịch vụ XGame,TopCV,Backend Developer,Hà Nội,"Sql, Docker, Javascript, Aws, Java, Agile"
Senior Full-Stack Engineering Manager,FPT Software,TopCV,Full-stack Developer,Đà Nẵng,"Sql, Javascript, Agile, Aws, C#"
Server Developer,CÔNG TY TNHH DAOUKIWOOM INNOVATION,TopCV,Server Developer,Hồ Chí Minh,"Agile, C"
Kỹ Sư Lập Trình PC Control,Công ty TNHH YJ Link Vina,TopCV,Software Engineer,Hải Phòng,"C++, C#"
Senior Back-End Developer,Công ty CP Phần mềm MOR,TopCV,Backend Developer,Hồ Chí Minh,"Aws, Agile, Python"
Data Integration Engineer / ETL Developer,CÔNG TY CỔ PHẦN KAOPIZ HOLDINGS,TopCV,Data Integration Engineer,Hà Nội,"C#, Sql"
[ĐN/HN] Web3 Frontend Developer,Công ty Cổ phần Công Nghệ Var Meta,TopCV,Frontend Developer,Đà Nẵng,"Typescript, React, Css"
Phần Mềm,Công ty TNHH Med-Aid,TopCV,Full-stack Developer,Hà Nội,"C, Javascript, Python, Sql"
Lập Trình Viên Client,CÔNG TY TNHH MARKETING METAS GROUP,TopCV,Game Developer,Hà Nội,"C#, Javascript"
Kỹ Sư Phần Mềm / Software Engineer,CÔNG TY TNHH TRUNG TÂM IT OUTSOURCING VIỆT NAM HÀN QUỐC,TopCV,Software Engineer,Hà Nội,"C++, C#"
IT Developer/ASP.NET/MES/Kỹ Sư Công Nghệ Thông Tin,Công Ty TNHH Fuji Machine Việt Nam,TopCV,IT Developer,Hà Nội,"Sql, Html, Javascript, Html/Css, C#, Css"
Backend Developer,Công ty Cổ phần Bán lẻ Kỹ thuật số FPT,TopCV,Backend Developer,Hồ Chí Minh,"Docker, Node.Js, Aws, Go, Python, Java"
Full Stack Developer,Công Ty Tài Chính Cổ Phần Điện Lực EVN,TopCV,Full-stack Developer,Hà Nội,"Docker, Node.Js, Aws, Python, C#"
Flutter Dev,Công ty TNHH Pancake Việt Nam,TopCV,Mobile Developer,Hà Nội,Javascript
Nhân Viên Lập Trình CNC Khuôn,Công ty TNHH Một thành Viên chế tạo khuôn mẫu kim Thành An,TopCV,Not Specified,Bắc Ninh,Not Specified
Backend Developer,CÔNG TY TNHH KUNO TECHNOLOGIES,TopCV,Backend Developer,Cần Thơ,"Typescript, Docker, Javascript, Aws, Agile"
Tech Lead,VNDIRECT,TopCV,Tech Lead,Hà Nội,"Java, Agile"
Lập Trình Mobile React Native,CÔNG TY CỔ PHẦN KỸ THUẬT DỊCH VỤ SDIC,TopCV,Mobile Developer,Hà Nội,"Typescript, Objective C, Sql, Javascript, Kotlin, React, Java, Agile, Swift"
Senior Android Developer,Công ty TNHH Dịch vụ công nghệ TP,TopCV,Mobile Developer,Hà Nội,Kotlin
Nhân Viên Developer Objective C,CÔNG TY TNHH KINH DOANH TỔNG HỢP TUẤN PHÁT,TopCV,Mobile Developer,Hà Nội,"Xcode, Objective-C, Swift"
Lập Trình Viên PHP,Công ty Cổ phần The First One,TopCV,Backend Developer,Hà Nội,"Php, Agile, Javascript"
Mobile App Developer,Công ty TNHH Công Nghệ CFOX,TopCV,Mobile Developer,Hồ Chí Minh,"Typescript, Javascript, React, Html/Css, Html, Css"
Bridge Software Engineer - Remote,CÔNG TY TNHH CÔNG NGHỆ GIẢI PHÁP CITYNOW,TopCV,Bridge Software Engineer,Đà Nẵng,"Sql, Docker, Javascript, Agile, Aws, Golang, Python, Html/Css, React, Java, Html, Css"
Unity Developer,Công Ty Cổ Phần Bliss,TopCV,Unity Developer,Hồ Chí Minh,"Java, C#, Javascript, Swift"
Project Manager,CÔNG TY CỔ PHẦN CÔNG NGHỆ BRAVESTARS,TopCV,IT Project Manager,Hà Nội,
Junior Salesforce Developer,Công Ty TNHH Avepoint Việt Nam,TopCV,Junior Salesforce Developer,Hà Nội,"Apex, Soql, Javascript, Agile, Html/Css, Html, Css"
SQL Developer,Công ty TNHH Giải pháp Phân tích dữ liệu Insight Data,TopCV,SQL Developer,Hà Nội,"Pl/Sql, Sql"
Unity Developer,Công ty TNHH Optimizer Việt Nam,TopCV,Unity Developer,Hồ Chí Minh,"C++, C#, C"
Cocos Developer,Công ty cổ phần Gplay,TopCV,Cocos Developer,Hà Nội,Not Specified
Python Developer,CÔNG TY TNHH SAMSUNG SDS VIỆT NAM,TopCV,Backend Developer,Hà Nội,"Sql, Python"
Lập Trình Viên AWS,Công ty Cổ phần NTTe-MOI,TopCV,Cloud Engineer,Đà Nẵng,"Aws, Python"
Junior Backend Developer,Soctrip,TopCV,Backend Developer,Not Specified,"Docker, Aws, Javascript, Python"
Kỹ Sư Lập Trình Firmware,CÔNG TY CỔ PHẦN DEVBRIX,TopCV,Embedded Engineer,Hồ Chí Minh,Python
C++ Developer,Công ty TNHH cung cấp dịch vụ viễn thông phương thảo,TopCV,C++ Developer,Hồ Chí Minh,"C++, Agile"
Kỹ Sư Lập Trình,Công ty TNHH Phần mềm DTS Việt Nam,TopCV,Software Engineer,Hà Nội,Not Specified
Mobile Developer,CÔNG TY TNHH CÔNG NGHỆ TECHSPARK,TopCV,Mobile Developer,Đồng Tháp,"Objective-C, React, Agile, Swift"
Fullstack Developer,CÔNG TY TNHH TƯ VẤN CHIẾN LƯỢC CHÍNH SÁCH VÀ PHÂN TÍCH DỮ LIỆU KINH TẾ VIETSTATS,TopCV,Fullstack Developer,Hồ Chí Minh,"Aws, Docker, React, Javascript"
Senior Developer,CÔNG TY CỔ PHẦN COMACPRO,TopCV,Senior Developer,Hà Nội,"Java, Sql"
Lập Trình Viên BackEnd PHP/Laravel,Công ty TNHH Công Nghệ CFOX,TopCV,Backend Developer,Hồ Chí Minh,"Php, Html, Javascript, Css"
Lập Trình Viên C++ FullStack,Công Ty TNHH Thương Mại Kengroup,TopCV,Full-stack Developer,Hồ Chí Minh,C++
Senior Backend Developer,Soctrip,TopCV,Backend Developer,Not Specified,"Docker, Javascript, Python, Sql"
.NET Developer,Công ty Cổ phần Công nghệ KiotViet,TopCV,.NET Developer,Hà Nội,"C#, Sql"
Senior Workato Developer,FPT Software,TopCV,Other IT Role,Hà Nội,"Agile, Javascript, Python, Sql"
Frontend Developer,Công ty Cổ phần Ứng dụng Phần mềm Mobio Việt Nam,TopCV,Frontend Developer,Hà Nội,"Css3, Html5, Typescript, Angular, Html, Css"
Kỹ Sư ME,CÔNG TY TNHH KIM LOẠI CHÍNH XÁC VÀ LINH KIỆN ĐIỆN TỬ KINETIC,TopCV,Other IT Role,Not Specified,
Mobile Developer,CÔNG TY CỔ PHẦN MIDU MENAQ7,TopCV,Mobile Developer,Hà Nội,"React, Javascript"
Java Developer,Công ty Cổ phần Giải pháp Phần mềm Biplus Việt Nam,TopCV,Java Developer,Hà Nội,"Java, Aws, Agile, Sql"
Trưởng Nhóm Development,CÔNG TY CỔ PHẦN TẬP ĐOÀN TRUYỀN THÔNG STARWORLD,TopCV,Mobile Developer,Hà Nội,"Java, React, Swift, Kotlin"
Kỹ Sư Lập Trình Hệ Thống,Công ty Cổ phần Công nghệ Teksea,TopCV,Backend Developer,Hà Nội,"Docker, Go, Node.Js, Python"
Lead Mobile App,CÔNG TY TNHH METADATA SOLUTIONS,TopCV,Lead Mobile App,Hồ Chí Minh,"Java, Swift, Kotlin"
Lập Trình Viên,Công ty TNHH Yusen Logistics (Việt Nam),TopCV,Software Engineer,Hà Nội,Not Specified
Frontend Developer,CÔNG TY TNHH BULL LABS,TopCV,Frontend Developer,Hà Nội,"Css3, Html5, Javascript"
Chief Technology Officer,CÔNG TY TNHH DREAM TALENT,TopCV,Chief Technology Officer,Hồ Chí Minh,"Java, Aws"
Web Developer,CÔNG TY TNHH DAOUKIWOOM INNOVATION,TopCV,Web Developer,Hồ Chí Minh,"Sql, Javascript, Agile, Html/Css, Java, Html, Css"
Chương Trình Tuyển Dụng Và Đào Tạo Fresher Android Developer,Apero Technologies Group,TopCV,Fresher Android Developer,Hà Nội,Kotlin
Kỹ Thuật Viên Vận Hành Máy CNC Thu Nhập 8.000.000 - 13.000.000,Công ty Cổ phần Đầu tư Kenli,TopCV,Other IT Role,Hà Nội,
Thực Tập Sinh Lập Trình SAP Front-End,Công ty cổ phần Sphinx,TopCV,Frontend Developer,Hà Nội,"React, Typescript, Javascript"
Java Developer,FPT Software,TopCV,Backend Developer,Khánh Hoà,"Java, Aws, Agile, Sql"
Backend Developer,Công ty TNHH BITCOVER,TopCV,Backend Developer,Hồ Chí Minh,"Docker, Javascript"
C++ Developer,Công ty Cổ phần Kaopiz Software,TopCV,C++ Developer,Hà Nội,C++
Nhân Viên Vận Hành Máy CNC,Công ty cổ phần cơ khí chính xác Thành Đạt,TopCV,Other IT Role,Hà Nội,Not Specified
Chief Developer/Software Architect–ERP Software,Công ty TNHH Synergix Technologies Việt nam,TopCV,Chief Developer,Hà Nội,Java
Chuyên Gia Phát Triển Ứng Dụng Ngân Hàng Số,Ngân Hàng Thương Mại Cổ Phần Thịnh Vượng Và Phát Triển – PGBank,TopCV,Software Engineer,Hà Nội,".Net, Sql, Aws, Java, Agile"
Trợ Lý Điều Hành Phát Triển Phần Mềm,Công ty Cổ phần Giải pháp Phần mềm Biplus Việt Nam,TopCV,Other IT Role,Hà Nội,Agile
Backend Developer,CÔNG TY CỔ PHẦN CÔNG NGHỆ FLYER,TopCV,Backend Developer,Hà Nội,"Golang, Aws"
Nhân Viên Lập Trình CNC,CÔNG TY TNHH PARAMAX CORPORATION,TopCV,Other IT Role,Not Specified,
Lập Trình Viên Từ N3,Công ty TNHH City Ascom Việt Nam,TopCV,Software Engineer,Hà Nội,"Java, Plsql, C#, Javascript"
Fullstack Web Developer,CÔNG TY TNHH ROYALMAN,TopCV,Fullstack Developer,Hồ Chí Minh,"Docker, Agile, Javascript, Node.Js"
Lập Trình CNC,CÔNG TY TNHH JUNG JIN ELECTRONICS VIỆT NAM,TopCV,Other IT Role,Thái Nguyên,Not Specified
Frontend Website Engineer - Middle,CÔNG TY CỔ PHẦN CÔNG NGHỆ SMILE,TopCV,Frontend Developer,Hà Nội,"React, Javascript"
Lập Trình Viên Java Dev,Tổng Công ty Cổ Phần Công trình Viettel,TopCV,Java Developer,Hà Nội,Java
Kỹ Sư Lập Trình CNC,CÔNG TY TNHH BIGL VIỆT NAM,TopCV,Other IT Role,Thái Nguyên,G-Code
Java Developer,Công ty TNHH Thu phí tự động VETC,TopCV,Java Developer,Hà Nội,"Java, Sql"
Product Developer,CÔNG TY CỔ PHẦN JANDEC TRAVEL,TopCV,Other IT Role,Hà Nội,
Kỹ Sư Phát Triển Phần Mềm,TẬP ĐOÀN CÔNG NGHIỆP - VIỄN THÔNG QUÂN ĐỘI,TopCV,Software Engineer,Hà Nội,"Sql, C, C++, Java, Golang"
Fullstack Developer,Công ty cổ phần đầu tư NBG HIGHTECH,TopCV,Fullstack Developer,Hà Nội,"Typescript, Javascript, Html/Css, Html, Css"
Middle/Senior Fullstack Developer,Công ty TNHH Lisod Việt Nam,TopCV,Full-stack Developer,Hà Nội,"Docker, Php"
Senior Front-End Developer,Công ty TNHH Unstatic,TopCV,Frontend Developer,Hà Nội,"Css3, Html5, Docker, Javascript, React, Css"
Kỹ Sư Lập Trình C,Công ty TNHH Phần mềm DTS Việt Nam,TopCV,Backend Developer,Hà Nội,"C++, C#"
Fullstack Team Lead,CÔNG TY TNHH GROOO INTERNATIONAL,TopCV,Full-stack Developer,Hồ Chí Minh,"Java, React, Javascript"
Kỹ Sư Thiết Kế Phần Mềm,CÔNG TY TNHH INPA VIỆT NAM,TopCV,Software Engineer,Hồ Chí Minh,"Sql, Javascript, Python, Java, C#"
Kỹ Sư Thiết Kế Máy,Công ty Cổ phần Thiết bị và Giải pháp cơ khí Automech,TopCV,Other IT Role,Hà Nội,Not Specified
Lập Trình Viên C++,CÔNG TY CỔ PHẦN OMINEXT,TopCV,Backend Developer,Hà Nội,"C++, Agile, Sql, Java"
Special Projects Engineer,FPT Software,TopCV,Special Projects Engineer,Đà Nẵng,"Sql, Javascript, Aws, React, Python, Java"
React Native Developer Leader,CÔNG TY CỔ PHẦN CÔNG NGHỆ ALPHAWAY,TopCV,React Native Developer Leader,Hồ Chí Minh,"React, Javascript"
Senior Rust Developer,CÔNG TY CP U2U NETWORK,TopCV,Backend Developer,Hồ Chí Minh,Rust
Middle Fullstack Developer,Công ty cổ phần Synodus,TopCV,Full-stack Developer,Hà Nội,"Typescript, Sql, Javascript, Html/Css, Java"
PHP Backend Developer,Lampart,TopCV,Backend Developer,Hồ Chí Minh,"Docker, Php, Javascript"
Fullstack Developer,Công ty cổ phần Công nghệ Sapo,TopCV,Fullstack Developer,Hà Nội,"Java, Aws"
Nhân Viên Lập Trình Gia Công Phay CNC,Công ty TNHH Cơ Khí Xây Dựng Du Lịch Bách Tùng,TopCV,Other IT Role,Bình Dương,Not Specified
Junior Android Developer,Apero Technologies Group,TopCV,Mobile Developer,Đà Nẵng,"Java, Agile, Kotlin"
Kỹ Sư Phát Triển Phần Mềm,Công ty TNHH MCNEX VINA,TopCV,Software Engineer,Ninh Bình,"C++, C"
Java Developer,FPT Software,TopCV,Java Developer,Hồ Chí Minh,Java
Senior Operation Engineer,Công ty Cổ Phần Rikkeisoft,TopCV,Operation Engineer,Hà Nội,"Java, Javascript, Node.Js, Docker"
Senior Backend Developer,Công ty Cổ Phần Rikkeisoft,TopCV,Backend Developer,Hà Nội,"Docker, Javascript, Python, Java, Agile"
Nhân Viên Software Developer,BỆNH VIỆN ĐA KHOA PHƯƠNG ĐÔNG,TopCV,Software Developer,Hà Nội,"Php, Javascript"
Fresher .NET/JS/CSS,CÔNG TY CỔ PHẦN DIGITAL TECHNOLOGY SOLUTIONS,TopCV,Other IT Role,Hà Nội,"Sql, Javascript, Html/Css, C#, Css"
Lập Trình Viên .Net - Senior,Công ty Cổ phần Công nghệ KiotViet,TopCV,Backend Developer,Hà Nội,C#
Senior Developer - Team Lead,CÔNG TY TRÁCH NHIỆM HỮU HẠN GIẢI PHÁP CÔNG NGHỆ CỘNG,TopCV,Senior Developer,Hà Nội,"Java, .Net Framework, Sql, Docker"
Backend Developer,Công Ty Cổ Phần Vàng Bạc Đá quý Phú Nhuận - PNJ,TopCV,Backend Developer,Hồ Chí Minh,"Aws, Agile, Node.Js, Python"
Giảng Viên,Phân hiệu Trường Đại học FPT tại thành phố Hồ Chí Minh,TopCV,Giảng Viên,Bà Rịa-Vũng Tàu,"C, Html, Javascript, Python, Html/Css, Java, Php, C#, Css"
React Native Developer,Công ty Cổ phần Tập đoàn Công nghệ Thiên Hoàng,TopCV,Frontend Developer,Hà Nội,"Javascript, React, Java, Html, Css"
Senior BackEnd,CÔNG TY CỔ PHẦN CHỨNG KHOÁN LPBANK,TopCV,Backend Developer,Hà Nội,"Java, Agile, Sql, Docker"
Oracle Developer,Công ty cổ phần Công nghệ thông tin Phú Minh (Phú Minh Teck),TopCV,Oracle Developer,Hà Nội,"Sql, Plsql, Python, Java, Agile"
Kỹ Sư Lập Trình Khuôn,CÔNG TY CỔ PHẦN THƯƠNG MẠI VÀ CÔNG NGHIỆP MINH QUANG IDS,TopCV,Other IT Role,Hưng Yên,
Senior Frontend Developer,CÔNG TY TNHH TECHVSI,TopCV,Frontend Developer,Hồ Chí Minh,"React, Html, Javascript, Css"
Fullstack Developer,CÔNG TY TNHH MUMESOFT INNOVATION,TopCV,Fullstack Developer,Hà Nội,"Typescript, Javascript, Aws, React, Html/Css, Php, Html, Css"
Kỹ Sư Giải Pháp Phần Mềm Tích Hợp,AMIGO,TopCV,Solution Architect,Hà Nội,"Java, Docker"
Kỹ Sư Tự Động Hoá,CÔNG TY TNHH MỘT THÀNH VIÊN SX LẮP RÁP CNC KANGAROO,TopCV,Embedded Engineer,Hưng Yên,Not Specified
Fullstack Developer,Unit Corp,TopCV,Fullstack Developer,Hồ Chí Minh,"Sql, Javascript, React, Java, Agile"
Web Developer,CÔNG TY TNHH TECHNOASIA,TopCV,Web Developer,Đà Nẵng,"Javascript, Python"
Nhân Viên Lập Trình Back-End,Công ty cổ phần Viễn thông VTC,TopCV,Backend Developer,Hồ Chí Minh,"Node.Js, Sql"
Nhân Viên Lập Trình Máy CNC,CÔNG TY TNHH CYBERTECH VIỆT NAM,TopCV,Other IT Role,Bắc Ninh,Not Specified
Flutter Developer,CÔNG TY CỔ PHẦN CÔNG NGHỆ GIÁO DỤC TRỰC TUYẾN ALADANH,TopCV,Mobile Developer,Hà Nội,"Agile, Dart"
Unity Developer,SonatGame Studio,TopCV,Game Developer,Hà Nội,"Xcode, C#"
Thực Tập Sinh,CÔNG TY TNHH KINH DOANH TỔNG HỢP TUẤN PHÁT,TopCV,Game Developer,Hà Nội,"Java, C#"
PHP Backend Developer,Công ty cổ phần PayPay,TopCV,Backend Developer,Hà Nội,"Docker, Php, Sql"
Lead Software Engineer,CÔNG TY TNHH METADATA SOLUTIONS,TopCV,Lead Software Engineer,Hồ Chí Minh,"Java, Aws, .Net, Docker"
Thực Tập Sinh,công ty cổ phần Data Impact,TopCV,Other IT Role,Hà Nội,"Java, Aws, Sql, Python"
COBOL Developer Intern,Công ty cổ phần SANAN,TopCV,Other IT Role,Not Specified,Cobol
PHP Developer,CÔNG TY CỔ PHẦN QUỐC TẾ TDA VIỆT NAM,TopCV,PHP Developer,Đà Nẵng,"Javascript, Agile, Aws, Php, Html, Css"
Flutter Developer,Công ty Cổ phần Công nghệ KiotViet,TopCV,Mobile Developer,Hà Nội,"Java, Dart, Swift, Kotlin"
Frontend Developer,CÔNG TY CỔ PHẦN DỊCH VỤ VÀ PHÁT TRIỂN CÔNG NGHỆ BEAE VIỆT NAM,TopCV,Frontend Developer,Hà Nội,"Html, Javascript, Html/Css, Css"
Mobile Flutter Developer,CÔNG TY CỔ PHẦN FIVE-STAR E-LEARNING,TopCV,Mobile Developer,Hà Nội,"Xcode, Dart"
Material Developer Staff,CÔNG TY TRÁCH NHIỆM HỮU HẠN UNIPAX,TopCV,Not Specified,Đồng Nai,
Fullstack Developer,Công ty TNHH Tổng công ty Công nghệ & Giải pháp CMC,TopCV,Fullstack Developer,Hà Nội,"Sql, Docker, Javascript, Node.Js, React"
Unity Developer,SonatGame Studio,TopCV,Game Developer,Hà Nội,"Xcode, C#"
FullStack,CÔNG TY CỔ PHẦN TẬP ĐOÀN EVG,TopCV,Full-stack Developer,Hà Nội,"Sql, Javascript, Html/Css, Html, Css"
Senior .Net Developer,Công ty CP Kinh doanh F88,TopCV,Backend Developer,Hà Nội,"Sql, Html, Javascript, Agile, Html/Css, C#, Css"
Senior .NET Developer,CÔNG TY TRÁCH NHIỆM HỮU HẠN GIẢI PHÁP CÔNG NGHỆ CỘNG,TopCV,Senior .NET Developer,Hà Nội,"Docker, C#, Javascript, Sql"
Lập Trình Wordpress Developer,Công ty TNHH Đầu tư Thương Mại Flexhouse,TopCV,Web Developer,Hồ Chí Minh,"Sql, Javascript, Php, Html, Css"
Senior FE,Công ty Cổ phần Phần mềm Việt Quốc tế (VSII),TopCV,Frontend Developer,Hà Nội,"Agile, Javascript"
Blockchain Developer,Công ty TNHH Relipa,TopCV,Blockchain Developer,Hà Nội,"Aws, React, Javascript"
Junior Frontend Developer,Công ty TNHH Giáo Dục IZONE,TopCV,Frontend Developer,Hà Nội,"Typescript, Javascript, React, Java, Html, Css"
Low-Code Developer,FPT Software,TopCV,Low-Code Developer,Hồ Chí Minh,"Sql, Javascript, Html/Css, Html, Css"
Nhân Viên Lập Trình .Net,CÔNG TY CỔ PHẦN CÔNG NGHỆ VCS VIỆT NAM,TopCV,Backend Developer,Hà Nội,"Typescript, Sql, Docker, Javascript, React, Html/Css, C#"
Python Developer Leader,Công ty Cổ phần viễn thông FPT,TopCV,Backend Developer,Hồ Chí Minh,"Docker, Javascript, Agile, Python, Html, Css"
Kỹ Thuật Viên Lập Trình Và Vận Hành Máy CNC,CÔNG TY CP TẬP ĐOÀN KỸ THUẬT VÀ CÔNG NGHIỆP VIỆT NAM,TopCV,Other IT Role,Hà Nội,Not Specified
Visual Basic Developer,Beetechsoft,TopCV,Visual Basic Developer,Hà Nội,"Java, Visual Basic, Sql, Php"
Nhân Viên IT Phần Mềm,Công ty TNHH Y-TEC Việt Nam,TopCV,Software Engineer,Hải Phòng,"Typescript, Javascript, Sql"
IOS Developer,Công ty TNHH MTV Công nghệ Astraler,TopCV,Mobile Developer,Đà Nẵng,Swift
Lập Trình Viên Fullstack,Công Ty Cổ Phần Công Nghiệp Weldcom,TopCV,Full-stack Developer,Hà Nội,"Sql, Html, Docker, Javascript, Python, Html/Css, Java, C#, Css"
Flutter Developer,Công ty Cổ phần Công nghệ eUp,TopCV,Flutter Developer,Hà Nội,Dart
Python Developer,Công ty Cổ phần viễn thông FPT,TopCV,Backend Developer,Hà Nội,"Docker, Agile, Python"
Kỹ Sư Lập Trình Thiết Bị Đo Lường & JIG TEST,Công ty Cổ Phần Công Nghệ TM,TopCV,Embedded Engineer,Hà Nội,"C++, C#, Python"
Management Trainee Digital Channel Program - 1Y560,Ngân hàng TMCP Hàng Hải Việt Nam (MSB),TopCV,Other IT Role,Hà Nội,Agile
Database Developer,CÔNG TY TNHH NEO TALENT,TopCV,Database Developer,Hà Nội,"Sql, Python"
Lập Trình Viên Fresher,CÔNG TY TNHH KỸ SƯ CÔNG NGHỆ CAO VN,TopCV,Software Engineer,Hà Nội,"Java, .Net, Python"
Senior Android Kotlin,CÔNG TY CỔ PHẦN PAYTECH,TopCV,Mobile Developer,Hà Nội,"Agile, Kotlin"
Java Developer,Công ty TNHH NTT DATA VIỆT NAM,TopCV,Backend Developer,Hà Nội,"Sql, Javascript, Html/Css, Java, Html, Css"
Frontend Developer,CÔNG TY CỔ PHẦN ZTO LABS,TopCV,Frontend Developer,Hà Nội,"Html, Javascript, Css"
Front-End Developer,CÔNG TY CỔ PHẦN ĐẦU TƯ AHV HOLDING,TopCV,Frontend Developer,Not Specified,"Html, Javascript, Html/Css, Css"
Backend Intern,Soctrip,TopCV,Backend Intern,Not Specified,"Javascript, Python"
Software Engineer - Kỹ Sư Cầu Nối Tiếng Hàn,Công Ty TNHH LG CNS VIỆT NAM,TopCV,Software Engineer,Hà Nội,
Backend Developer,CÔNG TY CỔ PHẦN PHẦN MỀM NOBI VIỆT NAM,TopCV,Backend Developer,Hà Nội,"C#, Javascript, Sql"
Mobile Developer Intern,Công ty Cổ phần Chứng khoán Phú Hưng,TopCV,Mobile Developer,Hồ Chí Minh,"Java, Dart, Swift, Kotlin"
Kỹ Sư Phần Mềm,Công ty TNHH Relipa,TopCV,Backend Developer,Hà Nội,"Javascript, Agile, Aws, Html, Css"
Thực Tập Sinh IT,Công ty Cổ phần Công nghệ eUp,TopCV,Other IT Role,Hà Nội,
Embedded Software/Android Driver Developer,Cty TNHH Thundersoft Việt Nam,TopCV,Embedded Engineer,Thái Nguyên,Python
Java Developer,Viettel Digital,TopCV,Java Developer,Hà Nội,"Java, Sql"
Thực Tập Sinh Back-End / Intern Back-End,CÔNG TY CỔ PHẦN FIVE-STAR E-LEARNING,TopCV,Backend Developer,Hà Nội,"Html, Javascript, Html/Css, Css"
Lập Trình Viên NodeJS - Từ 2 Năm Kinh Nghiệm,Công ty cổ phần ICORP,TopCV,Backend Developer,Hà Nội,"Sql, Javascript, Html/Css, Java, Html, Css"
Nhân Viên Triển Khai Phần Mềm ERP,Công ty TNHH Giải pháp Phân tích dữ liệu Insight Data,TopCV,Data Engineer,Hà Nội,Sql
Senior Software Engineer,SHBFinance,TopCV,Software Engineer,Hà Nội,"Sql, Docker, Javascript, Aws, Html/Css, Java, Php, Html, Css"
"Kỹ Sư Lập Trình Nhúng Linux, Android",Công ty TNHH một thành viên Tổng Công ty Sản xuất thiết bị Viettel,TopCV,Embedded Engineer,Hà Nội,"C, Kotlin, C++, Python, Java"
Kỹ Sư Lập Trình Nhúng Vi Điều Khiển,Công ty TNHH một thành viên Tổng Công ty Sản xuất thiết bị Viettel,TopCV,Embedded Engineer,Hà Nội,"C++, Python, C"
Nhân Viên IT,CÔNG TY TNHH GIẢI PHÁP THƯƠNG MẠI VÀ CÔNG NGHỆ ANV GLOBAL,TopCV,Other IT Role,Hà Nội,"Typescript, Javascript"
Back-End Developer,CÔNG TY TNHH MTV SEN VÀNG VIỆT NAM,TopCV,Backend Developer,Hồ Chí Minh,"Sql, Node.Js, Python, Java, Php, Ruby"
Lập Trình Viên NodeJS,Công ty TNHH ThinkLab Media,TopCV,Backend Developer,Not Specified,Javascript
Trưởng Nhóm Kinh Doanh & Phát Triển Phần Mềm,CÔNG TY TNHH MỘT THÀNH VIÊN CÔNG NGHỆ VÀ THƯƠNG MẠI WIINVENT,TopCV,Not Specified,Hà Nội,
.NET Developer Thu Nhập Hấp Dẫn,Công ty cổ phần XNK Đầu tư và Công nghệ HD Việt Nam,TopCV,Backend Developer,Hà Nội,"Sql, Html, Javascript, C#, Css"
Middle Frontend Developer,Công Ty Cổ Phần Vàng Bạc Đá quý Phú Nhuận - PNJ,TopCV,Frontend Developer,Hồ Chí Minh,"Css3, Html5, Typescript, Javascript, Aws, React, Agile"
Junior Frontend Developer,CÔNG TY CỔ PHẦN ĐẦU TƯ VÀ CÔNG NGHỆ BẦU TRỜI XANH,TopCV,Frontend Developer,Hà Nội,"Typescript, Sql, Javascript, React, Html, Css"
Senior Java,Công ty Cổ phần Tập đoàn Công nghệ Thiên Hoàng,TopCV,Backend Developer,Hà Nội,"Sql, Docker, Javascript, React, Java, Html, Css"
Marketing Leader,Công Ty Cổ Phần Tổ Chức Nhà Quốc Gia (NATIONAL HOUSING ORGANIZATION JSC),TopCV,Not Specified,Hồ Chí Minh,
Golang Developer,Công ty Cổ phần VNEXT SOFTWARE,TopCV,Backend Developer,Hà Nội,"Docker, Javascript, Aws, Python, Golang, Php, Agile"
Thực Tập Sinh,CÔNG TY TNHH AI POWER,TopCV,Not Specified,Hồ Chí Minh,"Javascript, React, Python, Java, Php, Ruby"
Android Developer Leader,Công ty Cổ phần viễn thông FPT,TopCV,Mobile Developer,Hồ Chí Minh,"Objective-C, Agile, Swift, Kotlin"
Mobile Developer,CÔNG TY CỔ PHẦN TẬP ĐOÀN APEC GROUP,TopCV,Mobile Developer,Hà Nội,"React, Agile, Javascript"
C Developer,Công ty cổ phần Công nghệ VISSOFT,TopCV,C Developer,Hà Nội,C
"Thực Tập Sinh IT, Lập Trình Frontend",Công Ty Cổ Phần Edulive Toàn Cầu,TopCV,Frontend Developer,Hà Nội,Not Specified
Lập Trình Viên PHP,CÔNG TY TNHH OPN VIỆT NAM,TopCV,Backend Developer,Hà Nội,"Sql, Javascript, Agile, Aws, Html/Css, Php, Html, Css"
Senior Fullstack Developer,CÔNG TY TNHH THƯƠNG MẠI DỊCH VỤ VEXERE,TopCV,Full-stack Developer,Hồ Chí Minh,"Sql, Docker, Javascript, React, Python"
C++/C# Developer,CÔNG TY TNHH PHẦN MỀM GIÁ TRỊ TÍNH TOÁN VÀ ỨNG DỤNG CÔNG NGHỆ CAO,TopCV,C++/C# Developer,Hà Nội,"C++, C#, Python, Agile"
Nhân Viên Kỹ Thuật Ra File CNC Gỗ Công Nghiệp,CÔNG TY CỔ PHẦN ĐẦU TƯ ACT GROUP,TopCV,Other IT Role,Bắc Ninh,Not Specified
Lập Trình Viên Flutter,Công ty Cổ phần Công nghệ KiotViet,TopCV,Mobile Developer,Hà Nội,"Java, Dart, Swift, Kotlin"
Nhân Viên Kỹ Thuật Điện,Công ty TNHH Điện tử Tự động hóa CN Hợp Phát,TopCV,Other IT Role,Not Specified,Not Specified
Mid-Level ReactJS Developer,Mona Media,TopCV,Frontend Developer,Hồ Chí Minh,"Javascript, React, Html/Css, Html, Css"
Back-End Developer,CÔNG TY TNHH A G STEEL MANUFACTURE,TopCV,Back-End Developer,Hồ Chí Minh,"C, Docker, Node.Js, C++, Go, Python, Java"
Flutter Developer,Công ty Cổ phần Công nghệ KiotViet,TopCV,Mobile Developer,Hà Nội,"Agile, Dart"
.NET Developer,Công ty Cổ phần Công nghệ KiotViet,TopCV,.NET Developer,Hà Nội,"Sql, Html, Javascript, React, C#, Css"
Front-End Developer,Công ty Cổ phần VNEXT SOFTWARE,TopCV,Frontend Developer,Hà Nội,"Typescript, Javascript, Css"
Unity Developer Intern,Công ty Cổ phần Falcon Technology,TopCV,Other IT Role,Hà Nội,C#
Nhân Viên Lập Trình Web,Công ty Cổ phần Giải pháp phần mềm trực tuyến Việt Nam,TopCV,Web Developer,Hải Phòng,"Javascript, Html/Css, Php, Html, Css"
Middle Frontend,Công ty cổ phần Synodus,TopCV,Frontend Developer,Hà Nội,"Typescript, Javascript, Css"
Product Developer,Công ty TNHH Helinox,TopCV,Other IT Role,Hồ Chí Minh,Not Specified
Kỹ Thuật Viên Lập Trình CAD-CAM & Vận Hành Máy CNC,Công ty Cổ phần Công nghiệp KIMSEN,TopCV,Other IT Role,Bắc Ninh,
Android Developer,Công ty Cổ phần viễn thông FPT,TopCV,Mobile Developer,Hồ Chí Minh,"Objective-C, Agile, Swift, Kotlin"
IT Manager,Công ty TNHH AEON Fantasy Việt Nam,TopCV,IT Manager,Hồ Chí Minh,"Sql, Javascript, Agile, Python, Java, Php, C#"
Senior Developer,Công TY TNHH FLINTERS Việt Nam,TopCV,Software Engineer,Hà Nội,"Typescript, Aws, React, Python, Java, Scala, Agile"
Senior Backend Developer,CÔNG TY CỔ PHẦN TẬP ĐOÀN APEC GROUP,TopCV,Backend Developer,Hà Nội,"Docker, Agile, Python, Java, C#"
Front-End Developer,Công ty CP Công nghệ phần mềm và nội dung số OSP,TopCV,Frontend Developer,Hà Nội,"Javascript, React, Html/Css, Html, Css"
Lập Trình Web,CÔNG TY TNHH VI TÍNH NGUYÊN KIM,TopCV,Backend Developer,Hồ Chí Minh,"Javascript, Python, Php, Html, Css"
Game Developer,Công ty TNHH Rainbow 5S,TopCV,Game Developer,Hồ Chí Minh,C#
Java Developer Lead,CÔNG TY CỔ PHẦN GLOBAL TECHNOLOGY SOLUTIONS VIỆT NAM,TopCV,Java Developer Lead,Hà Nội,"Java, Aws, Sql, Docker"
Nhân Viên Lập Trình Mobile,CÔNG TY CỔ PHẦN CÔNG NGHỆ VCS VIỆT NAM,TopCV,Mobile Developer,Hà Nội,"React, Dart"
Kỹ Sư Lập Trình PLC - Thiết Kế Điện,CÔNG TY CỔ PHẦN RTC TECHNOLOGY VIỆT NAM,TopCV,Embedded Engineer,Hà Nội,Not Specified
Back End Developer,CÔNG TY TNHH ROYALMAN,TopCV,Backend Developer,Hà Nội,"Java, Aws, Sql"
Giám Đốc Khối Công Nghệ Thông Tin,Công ty Cổ phần Chứng khoán An Bình,TopCV,IT Manager,Hà Nội,"Java, React, Javascript, Docker"
Nodejs Developer,Văn phòng đại diện Everfit Technologies Inc tại thành phố Đà Nẵng,TopCV,Backend Developer,Đà Nẵng,"Docker, Aws, Agile, Javascript"
Lập Trình Viên .NET,CHI NHÁNH GIẢI PHÁP CÔNG NGHỆ TRE - CÔNG TY CỔ PHẦN ĐẦU TƯ VÀ THƯƠNG MẠI TNG,TopCV,Backend Developer,Thái Nguyên,"C#, Sql"
Kỹ Sư Lập Trình Machine Vision,CÔNG TY CỔ PHẦN RTC TECHNOLOGY VIỆT NAM,TopCV,Other IT Role,Hà Nội,"C++, C#, Python"
Mobile App Developer,CÔNG TY TNHH AVE FACTORY,TopCV,Mobile Developer,Đà Nẵng,"React, Javascript, Dart"
Lập Trình Viên Wordpress,TNHH CÔNG NGHỆ SMO,TopCV,Backend Developer,Nghệ An,"Javascript, React, Php, Html, Css"
Lập Trình Viên,Công ty TNHH Ambition Việt Nam,TopCV,Software Engineer,Hồ Chí Minh,"C++, Javascript, C, Java"
Java Developer,Công ty CP Công nghệ phần mềm và nội dung số OSP,TopCV,Java Developer,Hà Nội,"Sql, Docker, Javascript, Java, Html, Css"
Nhà Phát Triển Phần Mềm,CÔNG TY TNHH ALMOST REAL STUDIOS,TopCV,Software Engineer,Hồ Chí Minh,"Docker, Aws, React, Java, Agile"
Fresher Software Engineer,Công ty TNHH CMC GLOBAL,TopCV,Software Engineer,Hà Nội,"Javascript, Go, Python, Nodejs, Java, Html, Css"
Middle Java Software Engineer,XPERC LTD,TopCV,Backend Developer,Hồ Chí Minh,"Sql, Docker, Aws, Java, Agile"
Kỹ Sư Thiết Kế Lập Trình CNC,Công ty Cổ phần Công nghiệp KIMSEN,TopCV,Not Specified,Bắc Ninh,Not Specified
Junior Mid Fullstack Developer,CÔNG TY TNHH THƯƠNG MẠI DỊCH VỤ VEXERE,TopCV,Full-stack Developer,Hồ Chí Minh,"Docker, React, Typescript, Javascript"
Backend,CÔNG TY TNHH HORUS PRODUCTIONS,TopCV,Backend Developer,Hà Nội,"Docker, Javascript, Python"
Frontend Developer,CÔNG TY TNHH NEXDOR VIỆT NAM,TopCV,Frontend Developer,Hồ Chí Minh,"Javascript, Agile, React, Html, Css"
FullStack Developer,Công ty Cổ phần Tập đoàn Công nghệ Thiên Hoàng,TopCV,Full-stack Developer,Hà Nội,"C#, Javascript, Agile"
Kỹ Sư PLC_Không Yêu Cầu Kinh Nghiệm,CÔNG TY CỔ PHẦN TỰ ĐỘNG HOÁ GR,TopCV,Embedded Engineer,Hà Tĩnh,Not Specified
"Lập Trình Viên C, C++",2NF SOFTWARE COMPANY LIMITED,TopCV,Other IT Role,Not Specified,"C++, C"
Devops Engineer,Công ty cổ phần nghiên cứu phát triển và cung cấp dịch vụ AI Việt Nam,TopCV,DevOps Engineer,Hà Nội,"Docker, Aws, Go, Bash, Python"
Chuyên Viên Phát Triển Phần Mềm,"Fubon Life Insurance (Vietnam) Co., Ltd",TopCV,Software Engineer,Hà Nội,"Docker, Javascript, Python, Java, Html, Css"
Nhân Viên Mobile App Developer,Công Ty Cổ Phần Công Nghệ ECRM,TopCV,Mobile Developer,Nghệ An,"React, Javascript"
Java Developer -  3 Năm Kinh Nghiệm,CÔNG TY CỔ PHẦN TINASOFT VIỆT NAM,TopCV,Backend Developer,Hà Nội,"Java, Agile"
Game Server Developer - Middle - Senior,CÔNG TY TNHH THANKSLAB VIỆT NAM,TopCV,Game Developer,Hồ Chí Minh,"C++, Php, Javascript"
Software Engineer,Công ty TNHH Giải pháp Phân tích dữ liệu Insight Data,TopCV,Software Engineer,Hồ Chí Minh,"Java, Sql"
Flutter Developer Leader,Công ty Cổ phần viễn thông FPT,TopCV,Flutter Developer,Hồ Chí Minh,"Agile, Objective C, Dart, Swift"
Web Developer,CÔNG TY CỔ PHẦN NGHIÊN CỨU VÀ PHÁT TRIỂN DICOM,TopCV,Web Developer,Hà Nội,"Php, Html, Javascript, Css"
ReactJS Developer,CÔNG TY CỔ PHẦN TINASOFT VIỆT NAM,TopCV,Frontend Developer,Hà Nội,"Typescript, React, Css"
Frontend Leader,Công ty CP Phần mềm MOR,TopCV,Frontend Developer,Hồ Chí Minh,"React, Typescript, Javascript, Css"
Leader Java Backend,Công ty cổ phần PayPay,TopCV,Backend Developer,Hà Nội,"Java, Agile, Sql"
ReactJs,CÔNG TY TNHH HORUS PRODUCTIONS,TopCV,Frontend Developer,Hà Nội,Javascript
Senior Full Stack Developer - Odoo,Công ty Cổ phần Tập đoàn Karofi,TopCV,Full-stack Developer,Hà Nội,"Docker, Javascript, Agile, Aws, Html, Css"
Nhân Viên Wordpress Developer,CÔNG TY TNHH  THƯƠNG MẠI TRÚC ANH MEDIA,TopCV,WordPress Developer,Hà Nội,"Javascript, Not Specified, Html/Css, Php, Html, Css"
Developer,CÔNG TY CỔ PHẦN ANVY,TopCV,Developer,Hà Nội,"React, Javascript, Python"
Mobile Developer,CÔNG TY CỔ PHẦN ĐẦU TƯ AHV HOLDING,TopCV,Mobile Developer,Thái Nguyên,"Java, Agile, Kotlin"
Fullstack Developer,Công ty CP Phần mềm MOR,TopCV,Fullstack Developer,Hồ Chí Minh,"Javascript, Aws, Golang, Python, Java, Php, C#, Ruby"
Backend Developer,CÔNG TY TNHH DIGITECH SOLUTIONS,TopCV,Backend Developer,Hồ Chí Minh,"Sql, Docker, Node.Js, Agile, Python, C#"
Middle Mobile Developer,Công ty Cổ phần Công nghệ eUp,TopCV,Mobile Developer,Hà Nội,"Dart, Swift"
Mobile Developer,Công ty TNHH Công Nghệ và Truyền Thông Widosoft,TopCV,Mobile Developer,Not Specified,"Java, React, Swift, Kotlin"
Junior Java Developer,Công ty Cổ phần đầu tư Công Nghệ và Thương Mại Softdreams,TopCV,Java Developer,Hà Nội,"Java, Agile, Javascript, Sql"
Kỹ Sư Lập Trình Nhúng,Công ty Cổ phần Công nghệ Teksea,TopCV,Embedded Engineer,Hà Nội,"C++, Python, C"
Middle Backend Developer,Unit Corp,TopCV,Backend Developer,Hồ Chí Minh,"Sql, Javascript, React, Java, Agile"
Junior Back-End,CÔNG TY CỔ PHẦN FIVE-STAR E-LEARNING,TopCV,Backend Developer,Hà Nội,"Sql, Html, Javascript, Agile, C#, Css"
Nhân Viên Lập Trình Nhúng,Công ty TNHH Công nghệ Sao Vega,TopCV,Embedded Engineer,Hà Nội,"C++, C"
Android Engineer,Floating Cube Studios (Việt Nam),TopCV,Android Engineer,Hồ Chí Minh,"Flutter, Agile, Kotlin"
Lập Trình Viên PHP,CÔNG TY TNHH TRUYỀN THÔNG VÀ QUẢNG CÁO H2T,TopCV,Backend Developer,Bình Dương,"Php, Html, Javascript, Css"
.Net Engineer,Công ty TNHH Giải pháp Phân tích dữ liệu Insight Data,TopCV,Backend Developer,Hà Nội,"Sql, Html, Javascript, C#, Css"
Frontend Developer,CÔNG TY TNHH HORUS PRODUCTIONS,TopCV,Frontend Developer,Hà Nội,"Html, Javascript, Css"
Lập Trình Viên Backend,CÔNG TY TNHH MARKETING METAS GROUP,TopCV,Backend Developer,Hà Nội,"C#, Sql"
Tech Lead,Công ty Cổ phần JVB Việt Nam,TopCV,Tech Lead,Hà Nội,"Java, Agile"
Java Backend Developer,Công ty cổ phần Ecoit,TopCV,Backend Developer,Hà Nội,"Java, Agile, Sql"
Mobile Developer,CÔNG TY CỔ PHẦN CÔNG NGHỆ SICIX,TopCV,Mobile Developer,Hà Nội,"Java, Dart, Swift, Kotlin"
Senior Backend Developer,Công ty TNHH Equix Technologies,TopCV,Backend Developer,Hà Nội,"Java, Aws, Javascript, Docker"
Fullstack Developer,Công ty Cổ phần Công Nghệ Var Meta,TopCV,Fullstack Developer,Đà Nẵng,"Reactjs, Javascript, Typescript, Node.Js"
Backend Developer,Công ty Cổ phần METUB Việt Nam,TopCV,Backend Developer,Hà Nội,"Docker, Javascript"
Middle Frontend Developer,Open Reach Tech Hanoi,TopCV,Frontend Developer,Hà Nội,"Typescript, Javascript, Agile"
Fresher Flutter,Công ty Cổ phần đầu tư Công Nghệ và Thương Mại Softdreams,TopCV,Mobile Developer,Hà Nội,"Agile, Dart"
Java Developer,"TECHVIFY SOFTWARE., JSC",TopCV,Backend Developer,Hà Nội,Java
Nhân Viên Lập Trình Ứng Dụng,Trường Đại học Nam Cần Thơ,TopCV,Software Engineer,Cần Thơ,C#
Lập Trình Viên BAck-End,CÔNG TY CỔ PHẦN FIVE-STAR E-LEARNING,TopCV,Backend Developer,Hà Nội,"Sql, Html, Javascript, Agile, Aws, React, C#, Css"
ReactJS Developer,FPT Software,TopCV,Frontend Developer,Nha Trang,"React, Agile, Javascript"
Lập Trình Viên .NET,CÔNG TY CỔ PHẦN MẮT BÃO,TopCV,Backend Developer,Hồ Chí Minh,"Sql, Html, Javascript, C#, Css"
Lập Trình Viên / Fullstack Developer,CÔNG TY CỔ PHẦN CÔNG NGHỆ VCS VIỆT NAM,TopCV,Full-stack Developer,Hà Nội,"Typescript, Sql, Docker, Javascript, React, Html/Css, C#"
Frontend Developer,Công Ty TNHH Townsoft Vina,TopCV,Frontend Developer,Hà Nội,"Typescript, React, Html, Css"
Fullstack Developer,Công ty Cổ phần Công Nghệ Var Meta,TopCV,Fullstack Developer,Đà Nẵng,"React, Javascript"
Front-End Developer,CÔNG TY TNHH MTV SEN VÀNG VIỆT NAM,TopCV,Frontend Developer,Hồ Chí Minh,"React, Html, Javascript, Css"
Lập Trình Viên Senior Fullstack Developer,CÔNG TY TNHH THƯƠNG MẠI SEN ĐEN,TopCV,Full-stack Developer,Hồ Chí Minh,"Html, Javascript, Aws, React, Python, Java, C#, Ruby, Css"
Chief Technology Officer,CÔNG TY CỔ PHẦN CÔNG NGHỆ AMELA VIỆT NAM,TopCV,Chief Technology Officer,Hà Nội,Not Specified
React Native Developer,CÔNG TY CỔ PHẦN TEASER,TopCV,Mobile Developer,Hà Nội,"Typescript, Javascript, React, Java, Swift"
Backend Developer,Công ty TNHH Giải pháp Phân tích dữ liệu Insight Data,TopCV,Backend Developer,Hà Nội,"Sql, Docker, Node.Js, Python, Java"
Nhân Viên Lập Trình Front-End,Công ty cổ phần Viễn thông VTC,TopCV,Frontend Developer,Hồ Chí Minh,"Html, Javascript, Css"
Android Developer,Công ty TNHH MTV Công nghệ Astraler,TopCV,Mobile Developer,Đà Nẵng,"Java, Kotlin"
Unity Developer,CÔNG TY CỔ PHẦN OHZE,TopCV,Game Developer,Hà Nội,"C#, Agile"
Software Engineer,CÔNG TY CỔ PHẦN NGUYÊN LIỆU Á CHÂU AIG,TopCV,Software Engineer,Not Specified,"Sql, Javascript, React, Python, Html/Css, Java, Php, Html, Css"
Middle Flutter,Công ty cổ phần Synodus,TopCV,Mobile Developer,Hà Nội,Dart
Full-Stack Developer,CÔNG TY CỔ PHẦN CÔNG NGHỆ VÀ TRUYỀN THÔNG AWING VIỆT NAM,TopCV,Full-stack Developer,Hà Nội,"C#, Typescript, Sql"
Chuyên Viên Lập Trình,Công ty TNHH FT Industries Việt Nam,TopCV,Chuyên Viên Lập Trình,Đồng Nai,".Net, Sql, Html, Javascript, C++, Python, Java, Php, C#, Ruby, Css"
Nhân Viên Phần Mềm,Công Ty CP XNK Y tế Domesco,TopCV,Software Engineer,Hồ Chí Minh,
Home Trading System Developer,CÔNG TY TNHH DAOUKIWOOM INNOVATION,TopCV,Frontend Developer,Hồ Chí Minh,"Agile, Javascript"
Front End Developer,Công ty cổ phần Tasco,TopCV,Frontend Developer,Hà Nội,"Css3, Html5, Typescript, Docker, Javascript, Css"
IT System & Solution Leader/ Leader Hệ Thống & Giải Pháp CNTT,CÔNG TY CỔ PHẦN NEXA VIỆT NAM,TopCV,IT Project Manager,Hồ Chí Minh,"Aws, Not Specified"
Fullstack NodeJS Developer,CÔNG TY CỔ PHẦN THE 20,TopCV,Fullstack Developer,Hồ Chí Minh,"Javascript, Html, Node.Js, Css"
Senior Fullstack Developer,Công ty cổ phần đầu tư Phát triển Máy Việt Nam,TopCV,Full-stack Developer,Hà Nội,"Java, Agile, Sql, Docker"
.NET Backend Engineer,Crossian,TopCV,Backend Developer,Hà Nội,"Docker, Aws, C#, Agile"
Lập Trình Viên Python,Bệnh Viện Đa Khoa Quốc Tế Thu Cúc – Chi Nhánh Công Ty Cổ Phần Y Khoa & Thẩm Mỹ Thu Cúc,TopCV,Software Engineer,Hà Nội,Python
User Acquisition Marketing Game,CÔNG TY TNHH KỸ THUẬT CÔNG NGHỆ BLUE DREAM,TopCV,Other IT Role,Hồ Chí Minh,
Nhân Viên Vận Hành Máy CNC,CÔNG TY TRÁCH NHIỆM HỮU HẠN MTV YOKOHAMA TECHNICA ĐÀ NẴNG,TopCV,Other IT Role,Đà Nẵng,Not Specified
Fullstack Engineer,Sun* Inc. (Sun Asterisk Inc.),TopCV,Full-stack Developer,Hà Nội,"Typescript, React, Css"
Senior PHP Fullstack,CÔNG TY CỔ PHẦN CÔNG NGHỆ TRÍ TUỆ NHÂN TẠO BMH-AI,TopCV,Full-stack Developer,Hà Nội,"Aws, Php"
Unity Developer,Công ty TNHH Rainbow 5S,TopCV,Game Developer,Hồ Chí Minh,C#
Senior Backend Developer,Công Ty Tài Chính TNHH HD SAISON,TopCV,Backend Developer,Hồ Chí Minh,"C, Docker, Agile, Aws, Python, Nodejs, Java, C#"
Junior AI Agent Developer,Công ty TNHH BITCOVER,TopCV,AI Engineer,Hồ Chí Minh,"Aws, Python"
Fullstack Developer,CÔNG TY CỔ PHẦN HAPOSOFT,TopCV,Fullstack Developer,Hà Nội,"Ajax, Sql, Vuejs, Angular, Agile, Jquery, Aws, Python, Nodejs, Reactjs, Php, Html, Css"
ReactJS Technical Leader,Công ty Cổ phần Giải pháp và Dịch vụ Phần mềm Nam Việt,TopCV,Technical Leader,Hà Nội,"Css3, Html5, Typescript, Javascript, Aws, React"
Kỹ Sư Lập Trình Ứng Dụng Phần Cứng,CÔNG TY CP ỨNG DỤNG VÀ PHÁT TRIỂN CÔNG NGHỆ TOÀN CẦU SMC,TopCV,Embedded Engineer,Hà Nội,"C++, C, Java"
Bridge Software Engineer,Công ty cổ phần Bravesoft Việt Nam,TopCV,Bridge Software Engineer,Hồ Chí Minh,Php
Chuyên Viên Lập Trình,Công ty Cổ phần Tập đoàn Meey Land,TopCV,Software Engineer,Hà Nội,Php
Senior Tester,CÔNG TY TNHH BALANCE INTERNET VIỆT NAM,TopCV,QA Engineer,Hà Nội,Sql
Trưởng Bộ Phận ERP,Công ty TNHH Phát triển công nghệ điện tử Bình Anh,TopCV,IT Manager,Hà Nội,
Java BackEnd Developer,Công ty TNHH Dịch vụ công nghệ TP,TopCV,Backend Developer,Hà Nội,"Java, Php, Agile, Python"
Frontend Developer,Công ty Cổ phần Công nghệ KiotViet,TopCV,Frontend Developer,Hà Nội,"Html, Javascript, Css"
Senior Java,CÔNG TY TNHH CÔNG NGHỆ GIẢI PHÁP CITYNOW,TopCV,Senior Java,Hồ Chí Minh,"Sql, Aws, Golang, Python, Java"
Junior Backend Java Developer,Công ty cổ phần Ecoit,TopCV,Backend Developer,Hà Nội,"Java, Agile, Sql"
Technical Leader,Công ty TNHH Relipa,TopCV,Technical Leader,Hà Nội,"Php, Javascript"
Flutter Developer,CÔNG TY CỔ PHẦN TRUYỀN THÔNG VĂN HOÁ VIỆT,TopCV,Mobile Developer,Hà Nội,Dart
Kỹ Sư Lập Trình Nhúng,CÔNG TY CỔ PHẦN CÔNG NGHỆ THÔNG MINH OXII,TopCV,Embedded Engineer,Hà Nội,"C++, C"
Senior Java Developer,Công ty cổ phần Công nghệ VISSOFT,TopCV,Software Engineer,Hà Nội,"Java, Agile, Sql"
Thực Tập Sinh Lập Trình,CÔNG TY TNHH LAZTAR,TopCV,Intern,Hồ Chí Minh,"Sql, Javascript, React, Html, Css"
Lập Trình Viên IOS,Công ty CP Giải pháp Thanh toán Việt Nam (VNPAY),TopCV,Mobile Developer,Hà Nội,"Objective-C, Swift"
AI Developer,CÔNG TY TNHH NERDWARE TECHNOLOGY,TopCV,AI Engineer,Hà Nội,Python
Fulltime IOS,CÔNG TY TNHH AI POWER,TopCV,Mobile Developer,Hồ Chí Minh,"Objective-C, Swift"
Junior Dev,CÔNG TY TNHH GIẢI PHÁP PHÂN TÍCH DỮ LIỆU INSIGHT DATA,TopCV,Other IT Role,Hà Nội,"Sql, Javascript, Node.Js, Python, Java"
Product Management Trainee - Quản Lý Sản Phẩm,TẬP ĐOÀN CÔNG NGHIỆP - VIỄN THÔNG QUÂN ĐỘI,TopCV,Other IT Role,Hà Nội,Not Specified
Full Stack Developer,CÔNG TY CỔ PHẦN GOLAZY,TopCV,Full-stack Developer,Hà Nội,"Docker, Php, Agile, Sql"
Lập Trình Web App,Công Ty Cổ Phần Công Nghệ ECRM,TopCV,Backend Developer,Nghệ An,"Sql, Html, Javascript, React, Python, Html/Css, Java, Php, C#, Css"
Database Developer,Unit Corp,TopCV,Database Developer,Hồ Chí Minh,Sql
Back End Python Developer,Công Ty TNHH LG CNS VIỆT NAM,TopCV,Backend Developer,Hà Nội,"Docker, Aws, Agile, Python"
Frontend Developer,CÔNG TY TNHH DIGITECH SOLUTIONS,TopCV,Frontend Developer,Hồ Chí Minh,"C#, Javascript, Agile, Html/Css"
Blockchain Developer,CÔNG TY TNHH DỊCH VỤ TRUYỀN THÔNG TRUST REAL,TopCV,Blockchain Engineer,Hà Nội,"Xcode, C, Objective-C, Javascript, Kotlin, C++, React, Java, Dart, Swift"
Lập Trình Viên .NET,Công ty Cổ phần Tập đoàn Công nghệ Thiên Hoàng,TopCV,Backend Developer,Hà Nội,"C#, Sql, Agile, Css"
Lập Trình Viên .NET,Công ty cổ phần phát triển phần mềm giải pháp phân phối dược và nhà thuốc,TopCV,Software Engineer,Hà Nội,"Sql, Html, Javascript, Html/Css, C#, Css"
Thực Tập Sinh Lập Trình,"Protean Studios Co., Ltd.",TopCV,Other IT Role,Hà Nội,"Php, Javascript, Nodejs"
Nhân Viên Lập Trình  C#,CÔNG TY TRÁCH NHIỆM HỮU HẠN KNK VINA,TopCV,Software Engineer,Bắc Ninh,"C#, Sql"
Java Developer,WATA TECH,TopCV,Backend Developer,Hồ Chí Minh,Java
Fullstack Web Developer,CÔNG TY TNHH MUMESOFT INNOVATION,TopCV,Fullstack Developer,Hà Nội,"Typescript, Javascript, Aws, React, Python, Html/Css, Html, Css"
Lập Trình Viên Backend,CÔNG TY CỔ PHẦN TRUYỀN THÔNG VĂN HOÁ VIỆT,TopCV,Backend Developer,Hà Nội,"Javascript, Html/Css, Php, Html, Css"
Chuyên Viên Lập Trình,Công ty Cổ phần Tập đoàn Meey Land,TopCV,Frontend Developer,Hà Nội,"Typescript, Javascript, Html/Css"
Net Developer,Công ty TNHH Tổng công ty Công nghệ & Giải pháp CMC,TopCV,Backend Developer,Hà Nội,"Sql, Html, Docker, Javascript, React, Html/Css, C#, Css"
Kỹ Sư AI,CÔNG TY CỔ PHẦN CÔNG NGHỆ UPP TOÀN CẦU,TopCV,AI Engineer,Hà Nội,"R, Python, Java"
Unity Developer,Công ty Cổ phần Gapu,TopCV,Game Developer,Hà Nội,C#
Lập Trình Viên Java,CÔNG TY CỔ PHẦN GIẢI PHÁP CÔNG NGHỆ VIỆT NAM,TopCV,Backend Developer,Hà Nội,"Java, Sql"
Java Developer,CÔNG TY CỔ PHẦN STRINGEE,TopCV,Backend Developer,Hà Nội,"Java, Docker"
Fullstack Developer,VNDIRECT,TopCV,Fullstack Developer,Hà Nội,"Sql, Javascript, React, Java, Agile, Css"
Middle/Senior C/C++ Developer,Splus Software,TopCV,C/C++ Developer,Hồ Chí Minh,C++
Senior Backend Developer,CÔNG TY TNHH NEXDOR VIỆT NAM,TopCV,Backend Developer,Hồ Chí Minh,"Golang, Aws, Docker, Nodejs"
Lập Trình Viên VueJS,Công ty TNHH Tap Hospitality Vietnam,TopCV,Frontend Developer,Hà Nội,"Typescript, Docker, Javascript, Aws, Html/Css, Html, Css"
"Lập Trình Viên C#, .NET",Công ty cổ phần K. Hệ thống,TopCV,Backend Developer,Đà Nẵng,C#
Lập Trình Viên Mobile,CÔNG TY CỔ PHẦN ỨNG DỤNG CÔNG NGHỆ LOGISTICS,TopCV,Mobile Developer,Hồ Chí Minh,"Java, Dart, Swift, Kotlin"
Java Developer,CÔNG TY CỔ PHẦN GIẢI PHÁP BNK,TopCV,Backend Developer,Hà Nội,"Java, Agile, Docker"
Nhân Viên Điện Tự Động Hóa,CÔNG TY TNHH TESSELLATION HÒA BÌNH,TopCV,Other IT Role,Hà Nội,Not Specified
Senior Frontend Engineer,Crossian,TopCV,Frontend Developer,Hà Nội,"Aws, React, Agile, Javascript"
Software Engineer - Data Engineering,NashTech,TopCV,Software Engineer,Hà Nội,Sql
Odoo Developer,NHÀ SÁCH TIẾN THỌ,TopCV,Odoo Developer,Hà Nội,Python
Middle Mobile Developer,Hệ thống Bán lẻ Viettel store - Công ty TM & XNK Viettel,TopCV,Mobile Developer,Hà Nội,"Sql, Docker, React, Python, Java"
Mobile App,CÔNG TY CỔ PHẦN CHỨNG KHOÁN LPBANK,TopCV,Mobile Developer,Hà Nội,
Software Developer,CÔNG TY CỔ PHẦN CỘNG ĐỒNG SỐNG HẠNH PHÚC,TopCV,Software Developer,Hồ Chí Minh,"Php, Typescript, Javascript, Python"
Senior Java Developer,TẬP ĐOÀN CÔNG NGHIỆP - VIỄN THÔNG QUÂN ĐỘI,TopCV,Backend Developer,Hà Nội,"Java, Sql"
Automation & System Developer,CÔNG TY TNHH TMDV CÔNG NGHỆ TT,TopCV,Automation & System Developer,Hồ Chí Minh,Python
Bridge Software Engineer,CÔNG TY TNHH CÔNG NGHỆ GIẢI PHÁP CITYNOW,TopCV,Bridge Software Engineer,Hồ Chí Minh,"Sql, Docker, Javascript, Agile, Aws, Golang, Python, Html/Css, React, Java, Html, Css"
Nhân Viên IT,"CHARMING TRIM & PACKAGING ( VN) CO., LTD",TopCV,Other IT Role,Not Specified,
Lập Trình Viên Backend,CÔNG TY TNHH MARKETING METAS GROUP,TopCV,Backend Developer,Hà Nội,"C#, Sql"
Fullstack Web Developer,CÔNG TY TNHH ROYALMAN,TopCV,Fullstack Developer,Hồ Chí Minh,"Docker, Agile, Javascript, Nodejs"
Backend Developer,Công Ty Cổ Phần Vàng Bạc Đá quý Phú Nhuận - PNJ,TopCV,Backend Developer,Hồ Chí Minh,"Aws, Agile, Node.Js, Python"
Lập Trình Wordpress Developer,Công ty TNHH Đầu tư Thương Mại Flexhouse,TopCV,Backend Developer,Hồ Chí Minh,"Sql, Javascript, Php, Html, Css"
Phần Mềm,Công ty TNHH Med-Aid,TopCV,Full-stack Developer,Hà Nội,"C, Javascript, Python, Sql"
Kỹ Sư Lập Trình Đứng Máy Phay CNC,CÔNG TY CỔ PHẦN DHNTECH VIỆT NAM,TopCV,Other IT Role,Hà Nội,
